09-20 07:20:04(9231) cos INFO: [Cos_SysInit:60]Cos init ok
09-20 07:20:04(16673) cos INFO: [Cos_ThreadProc:174]thread[Cos_InetMgr]:0xdec1eba0 , threadid:16673 start ok
09-20 07:20:04(545460855823) CFG_TASK INFO: [Cfg_LoadOwnerUsrCfg:224]user cfg sync flag 0,nickname  mobile  RegPeriod 
09-20 07:20:04(545460855823) CFG_TASK INFO: [Cfg_LoadUserGroupCfg:35]load localFile ,get usr group list {"grplist":[{"syncflag":"1","grpid":"1600010140c3ad11A0000001","grpdesc":"","gtoken":"1600010140c3ad11A0000001","ownerid":"1600010140c3ad11"},{"syncflag":"1","grpid":"22000101413a31a9","parentgrpid":"1600010140c3ad11A0000001","grpdesc":"","gtoken":"oylyjfsbu6l0e2d4ucge","ownerid":"1600010140c3ad11","devnum":"1","devlist":[{"memberid":"12000103c0537c93","CTEI":"000CF025010605EL","onlinestatus":"1","jt":"2025-11-01 16:08:54","OffLineTime":"2026-09-19 03:02:51"}]}],"syncflag":"1","synctime":"1789868188"} usrId[1600010140c3ad11]
09-20 07:20:04(3472609770395935759) CFG_TASK INFO: [Cfg_FindAndCreatGroupNode:273]creat new group 1600010140c3ad11A0000001 item 255
09-20 07:20:04(545460855823) CFG_TASK INFO: [Cfg_ParseGroupInfItem:1291]load grp 1600010140c3ad11A0000001 dev num 0 usrnum 0 rolenum 0 
09-20 07:20:04(9231) CFG_TASK INFO: [Cfg_FindAndCreatGroupNode:273]creat new group 22000101413a31a9 item 255
09-20 07:20:04(545460855823) CFG_TASK INFO: [Cfg_ParseGroupInfItem:1291]load grp 22000101413a31a9 dev num 1 usrnum 0 rolenum 0 
09-20 07:20:04(9231) CFG_TASK INFO: [Cfg_LoadPeerDeviceFile:40]load device 12000103c0537c93 cfg :
09-20 07:20:04(545460855823) CFG_TASK INFO: [Cfg_LoadPeerDeviceFile:49]systemInf: {"Sign":"124905","CompanyID":"0000213ed0cdb8bc","AppID":"1665373297326122","AblPlatType":"0","AblPlatAddr":"","HxlinkPort":"0","HxLinkAddr":"","CTEI":"000CF025010605EL","DevThirdSn":"","GroupId":"22000101413a31a9","DID":"12000103c0537c93"}
09-20 07:20:04(545460855823) CFG_TASK INFO: [Cfg_LoadPeerDeviceFile:58]devinfo: {"Sign":"1075","EncAbility":"0","OTAAbility":"7","OTAType":"0","WifiSetAbility":"25","EnergyType":"0","AwakeAbility":"0","AOVAbility":"0","SwitchAOVFrameRateAbility":"0","MicVolumeAbility":"0","SIMAbility":"0","OneClickShowAbility":"0","LogCollectAbility":"1","Powersupply":"1","SupplyShowPowerAbility":"0","DualFrequency":"0","ApSetPasswd":"0","TimerOpenAbility":"0","PowerLevel":"100","SdkVersion":"50664832","DevVersion":"YGT.AJ-L33PQ08A1-v241030.1014","OldDevFlag":"0","DevName":"GateCameras","OsType":"1","DevType":"1","AwakeInterval":"0","MaxSessionCnt":"4","AliveSessionCnt":"0","WifiStrength":"0","AutoSync":"1","DevModel":"AJ-L33PQ08A1","SSID":"","MacAddr":"","DstArea":"Asia/Kolkata","Dst":"IST-5:30","DstUseFlag":"1","TimeMode":"0","StatusLedMode":"1","SimSlotCnt":"0","WorkSimSlotId":"0","IMEI":"","Language":"0","PromptSet":"0","ApHasPassWd":"0","AOVFrameInterval":"0","SimSlots":[],"MulMedia":{"Port":"0","Ipv4":"","ReSource":"","EncType":"0","EncKey":"","EncLv":""}}
09-20 07:20:04(545460855823) CFG_TASK INFO: [Cfg_LoadPeerDeviceFile:73]cameraInf: {"Sign":"82768","CamCnt":"1","CamWorkType":"0","CamList":[{"CamId":"0","StreamCount":"2","PIPAblity":"0","VoicePlayAbility":"1","MicroPhoneAbility":"1","OSDSetAbility":"1","IRRedAbility":"1","InversionAbility":"1","MirrorAbility":"0","StorageAbility":"1","WDRAbility":"1","HDRAbility":"0","FullColorMode":"0","HumanRgnAblity":"1","OSDAblity":"1","SupportPtz":"3","PTZMode":"3","AntiFlickerAbility":"0","PrivacyMaskAbility":"0","OSDName":"","OSDPosition":"0","OSDCustomSwitch":"0","OSDCommonSwitch":"0","Sensor":{"MaxLenCount":"1","CurrentLenID":"0","AutoFlag":"1","DefaultLenId":"0","RectifyAbility":"0","ZoomAbility":"0","CurZoomValue":0,"CombineFlag":0,"Lens":[{"LenID":"0","LenName":"0","LensType":"0","LenFocalLenth":"4","MinLenFocalLenth":"0","MaxLenFocalLenth":"0"}]},"MicroPhoneStatus":"1","CamStatus":"1","InversionType":"1","MirrorType":"0","IRRedMode":"0","ScanFrequery":"0","StorageStatus":"0","Volumn":"50","WDRMode":"0","HDRMode":"0","PlayMode":"3","RingToneSetAbility":"1","RingToneDecAbility":"5","AudioParam":{"EncType":"4","SampleRate":"8000","Channel":"1","Depth":"16"},"PrivacyList":[],"Streamers":[{"ResolutionAbility":"28","EncAbility":"2","HideFlag":"0","StreamID":"0","Resolution":"16","Width":"1920","Height":"1080","EncType":"2","SmartEncFlag":"0","Quality":"2","FrameRate":"17","BiteRate":"8","RateType":"1","FrameInterval":"100"},{"ResolutionAbility":"1","EncAbility":"2","HideFlag":"0","StreamID":"1","Resolution":"1","Width":"640","Height":"360","EncType":"2","SmartEncFlag":"0","Quality":"2","FrameRate":"17","BiteRate":"5","RateType":"1","FrameInterval":"100"}]}]}
09-20 07:20:04(545460855823) CFG_TASK INFO: [Cfg_LoadPeerDeviceFile:93]inIotInf: {"PTZAbility":"3","AttachPTZAbility":"0","PTZSpeedAbility":"1","MotionAbility":"1","DoorbellAbility":"0","RecordAbility":"1","PIRAbility":"0","VoiceAlarmAbility":"0","SnapshotAbility":"1","BuzzerAbility":"1","StatusLampAbility":"0","LampAbility":"1","CloudRecordAbility":"0","CloudSnapshotAbility":"1","CameraAbility":"1","EventAbility":"1","SupportCloudFlag":"1","Sign":"123032","IoTS":[{"AIIoTType":"1006","AIIoTID":"0","OpenFlag":"1","Sign":"0"},{"AIIoTType":"1005","AIIoTID":"0","OpenFlag":"1","Sign":"0","Prop":{"SnapLoopFlag":"1","SnapInterval":"180","SnapFullFlag":"0","SnapPicType":"2"}},{"AIIoTType":"1000","AIIoTID":"0","OpenFlag":"1","Sign":"0","Prop":{"Motion":{"Status":"0","Interval":"60","Trace":"0","Sensitive":"50"},"Human":{"Sensitive":"50","Status":"0","Interval":"60","Trace":"0"},"Face":{"Sensitive":"50","Status":"0","Interval":"60","Trace":"0"}}},{"AIIoTType":"1009","AIIoTID":"0","OpenFlag":"1","Sign":"0","Prop":{"Status":"1"}},{"AIIoTType":"1014","AIIoTID":"0","OpenFlag":"1","Sign":"0","Prop":{"IrcutType":"2"}},{"AIIoTType":"1007","AIIoTID":"0","OpenFlag":"1","Sign":"0","Prop":{}},{"AIIoTType":"1002","AIIoTID":"0","OpenFlag":"1","Sign":"0","Prop":{"RecordLoop":"1","RecordFull":"0","StreamID":"0","Duration":"0"}},{"AIIoTType":"1011","AIIoTID":"0","OpenFlag":"1","Sign":"0","Prop":{"GifFlag":"1","GifOpenFlag":"0","Interval":"30","LoopDays":"3","PicType":"2","RecordType":"1","SnapJpgCnt":"1","StorageType":"0","Support":"1","hm_editable":"0"}},{"AIIoTType":"1013","AIIoTID":"0","OpenFlag":"1","Sign":"0","Prop":{"PushFlag":"7","SMSFlag":"1","EmailFlag":"1","Interval":"300","EmailAddr":"","StartTime":"0","EndTime":"86400","SpanFlag":"0","Week":"127"}},{"AIIoTType":"1012","AIIoTID":"0","OpenFlag":"1","Sign":"0"},{"AIIoTType":"1093","AIIoTID":"0","OpenFlag":"1","Sign":"0","Prop":null,"Buss":{"TimeArea":"","TimeZone":""}},{"AIIoTType":"1098","AIIoTID":"0","OpenFlag":"1","Sign":"0","Prop":{"EventList":[{"EventID":"108300"},{"E***
09-20 07:20:04(5283970622135739407) CFG_TASK INFO: [Cfg_SetCamSupportPtz:7328]peerid 12000103c0537c93 camid 3 set ptz 2139062143
09-20 07:20:04(545460855823) CFG_TASK INFO: [Cfg_LoadPeerDeviceFile:101]iothub inf: {"Sign":"0","IoTHubAbility":"0","IoTHubMaxCount":"32","IoTHubStatus":"0","IoTs":[]}
09-20 07:20:04(545460855823) CFG_TASK INFO: [Cfg_LoadPeerDeviceFile:110]cur timepolicy: {"Sign":"0","Policys":[{"OpenFlag":"1","PolicyID":"1","PolicyName":"Time_1","Week":"127","StartTime":"0","EndTime":"86399","LoopType":"0","Day":"","Action":[{"AIIoTType":"1002","AIIoTID":"0","Output":{"CtrlType":"1","StreamID":"0","Duration":"600"}},{"AIIoTType":"1005","AIIoTID":"0","Output":{"PicType":"2","Interval":"30","GifFlag":"0"}},{"AIIoTType":"1010","AIIoTID":"0","Output":{"CtrlType":"1","StreamID":"0","Duration":"600"}}]},{"OpenFlag":"0","PolicyID":"2","PolicyName":"Time_1","Week":"127","StartTime":"0","EndTime":"86399","LoopType":"0","Day":"","Action":[{"AIIoTType":"1002","AIIoTID":"0","Output":{"CtrlType":"1","StreamID":"0","Duration":"600"}},{"AIIoTType":"1005","AIIoTID":"0","Output":{"PicType":"2","Interval":"30","GifFlag":"0"}},{"AIIoTType":"1010","AIIoTID":"0","Output":{"CtrlType":"1","StreamID":"0","Duration":"600"}}]}]}
09-20 07:20:04(545460855823) CFG_TASK INFO: [Cfg_LoadPeerDeviceFile:119]cur alarmpolicy: {"Sign":"120153","Policys":[{"AIIoTType":"1000","AIIoTID":"0","OpenFlag":"1","PolicyName":"Alarm_100","PolicyID":"100","Prop":{"Motion":{"Trace":"0","Sensitive":"50","Status":"0","Interval":"35"},"Human":{"Trace":"0","Sensitive":"50","Status":"0","Interval":"50"},"Face":{"Trace":"0","DiscernFlag":"0","Sensitive":"25","Status":"0","Interval":"30"}},"Events":[{"EventID":"100001","OpenFlag":"0","Week":"127","StartTime":"0","EndTime":"86399","SpanFlag":"0","Action":[{"AIIoTType":"1009","AIIoTID":"0","OutPut":{"AlarmType":"1000","CtrlType":"0","LoopCnt":"1","SoundName":"","SoundType":"2"}},{"AIIoTType":"1002","AIIoTID":"0","OutPut":{"CtrlType":"1","Duration":"30","StreamID":"0"}},{"AIIoTType":"1005","AIIoTID":"0","OutPut":{"PicType":"2","Interval":"","GifFlag":"0"}},{"AIIoTType":"1013","AIIoTID":"0","OutPut":{"EmailFlag":"1","EndTime":"86400","Interval":"0","PushFlag":"7","SMSFlag":"1","SpanFlag":"1","StartTime":"0","Week":"127"}},{"AIIoTType":"1011","AIIoTID":"0","OutPut":{"PicType":"2","Interval":"","GifFlag":"1"}},{"AIIoTType":"1010","AIIoTID":"0","OutPut":{"CtrlType":"1","Duration":"30","StreamID":"0"}},{"AIIoTType":"0","AIIoTID":"0"},{"AIIoTType":"1007","AIIoTID":"0","OutPut":{"CtrlType":"1","Duration":"31"}}],"FenceID":[],"SceneID":[],"TriggerInfo":[]},{"EventID":"100002","OpenFlag":"0","Week":"127","StartTime":"0","EndTime":"86399","SpanFlag":"0","Action":[{"AIIoTType":"1009","AIIoTID":"0","OutPut":{"AlarmType":"1000","CtrlType":"0","LoopCnt":"1","SoundName":"","SoundType":"2"}},{"AIIoTType":"1002","AIIoTID":"0","OutPut":{"CtrlType":"1","Duration":"30","StreamID":"0"}},{"AIIoTType":"1005","AIIoTID":"0","OutPut":{"PicType":"2","Interval":"","GifFlag":"0"}},{"AIIoTType":"1013","AIIoTID":"0","OutPut":{"EmailFlag":"1","EndTime":"86400","Interval":"0","PushFlag":"7","SMSFlag":"1","SpanFlag":"1","StartTime":"0","Week":"127"}},{"AIIoTType":"1011","AIIoTID":"0","OutPut":{"PicType":"2","Interval":"","GifFlag":"1"}},{"AIIoTTyp***
09-20 07:20:04(545460855823) CFG_TASK INFO: [Cfg_LoadPeerDeviceFile:128]cur ptzFile: {"Sign":"4932","SetPresetAbility":"1","CruiseAbility":"0","PositionAbility":"0","PreSets":[{"PresetId":"1762176769","Name":"right","PicID":"20251103213252100119c0537c937006","Point":{"X":"-5058","Y":"2556","Z":0,"FocalLen":0}},{"PresetId":"1762325434","Name":"good1","PicID":"20251105145036100119c0537c932912","Point":{"X":"-5568","Y":"2000","Z":0,"FocalLen":0}},{"PresetId":"1764592558","Name":"g2","PicID":"20251201203600100119c0537c933264","Point":{"X":"-5372","Y":"5334","Z":0,"FocalLen":0}}],"Cruises":[],"WatchPoint":{"PresetID":"0","WatchTime":"0"}}
09-20 07:20:04(545460855823) cos ERR: [Cos_FileLoad:131]file open pucFileName:/data/user/0/com.huiyun.care.viewerpro.googleplay/files/Care/config/12000103c0537c93/ServerSetcfg.db
09-20 07:20:04(545460855823) cos ERR: [Cos_FileLoad:131]file open pucFileName:/data/user/0/com.huiyun.care.viewerpro.googleplay/files/Care/config/12000103c0537c93/scenemode.db
09-20 07:20:04(9231) CFG_TASK INFO: [Cfg_Ai_DelRegions:1246]delete humCount regions
09-20 07:20:04(545460855823) cos ERR: [Cos_FileLoad:131]file open pucFileName:/data/user/0/com.huiyun.care.viewerpro.googleplay/files/Care/config/12000103c0537c93/energymode.db
09-20 07:20:04(545460855823) cos ERR: [Cos_FileLoad:131]file open pucFileName:/data/user/0/com.huiyun.care.viewerpro.googleplay/files/Care/config/12000103c0537c93/fence.db
09-20 07:20:04(545460855823) cos ERR: [Cos_FileLoad:131]file open pucFileName:/data/user/0/com.huiyun.care.viewerpro.googleplay/files/Care/config/12000103c0537c93/gb.db
09-20 07:20:04(545460855823) CFG_TASK INFO: [Cfg_LoadPeerDeviceFile:192]cur Algorithm: {"Sign":"0","EventIDs":[{"EventID":"100000","AIIoTType":"1000","OpenFlag":"1","Name":"Motion Detection"},{"EventID":"100001","AIIoTType":"1000","OpenFlag":"1","Name":"Human Detection"},{"EventID":"109600","AIIoTType":"1096","OpenFlag":"0","Name":""},{"EventID":"109700","AIIoTType":"1097","OpenFlag":"0","Name":""},{"EventID":"102900","AIIoTType":"1029","OpenFlag":"0","Name":"Pet Detection"},{"EventID":"108300","AIIoTType":"1083","OpenFlag":"0","Name":"Vehicle Detection"},{"EventID":"109702","AIIoTType":"1097","OpenFlag":"0","Name":""},{"EventID":"102500","AIIoTType":"1025","OpenFlag":"0","Name":""},{"EventID":"110400","AIIoTType":"1104","OpenFlag":"0","Name":""},{"EventID":"109701","AIIoTType":"1097","OpenFlag":"0","Name":""},{"EventID":"109703","AIIoTType":"1097","OpenFlag":"0","Name":""},{"EventID":"102600","AIIoTType":"1026","OpenFlag":"0","Name":""},{"EventID":"110500","AIIoTType":"1105","OpenFlag":"0","Name":""},{"EventID":"102901","AIIoTType":"1029","OpenFlag":"0","Name":""},{"EventID":"110300","AIIoTType":"1103","OpenFlag":"0","Name":""},{"EventID":"108901","AIIoTType":"1089","OpenFlag":"0","Name":""},{"EventID":"110900","AIIoTType":"1109","OpenFlag":"0","Name":""},{"EventID":"102903","AIIoTType":"1029","OpenFlag":"0","Name":""},{"EventID":"102904","AIIoTType":"1029","OpenFlag":"0","Name":""},{"EventID":"102905","AIIoTType":"1029","OpenFlag":"0","Name":""},{"EventID":"102906","AIIoTType":"1029","OpenFlag":"0","Name":""},{"EventID":"110600","AIIoTType":"1106","OpenFlag":"0","Name":""},{"EventID":"300008","AIIoTType":"1000","OpenFlag":"0","Name":""},{"EventID":"100017","AIIoTType":"1000","OpenFlag":"0","Name":"Motion Detection Cross Line"},{"EventID":"102902","AIIoTType":"1029","OpenFlag":"0","Name":""}],"ServiceIDs":[{"OpenFlag":"1","ServiceID":"300027"},{"OpenFlag":"1","ServiceID":"300026"},{"OpenFlag":"0","ServiceID":"300009"},{"OpenFlag":"0","ServiceID":"300008"},{"OpenFlag":"0","ServiceID":"300007"},{"OpenFlag":***
09-20 07:20:04(545460855823) CFG_TASK INFO: [Cfg_LoadPeerDeviceFile:201]cur dev app setting : {"Sign":"16717","VideoResample":"0","JpgResample":"1","ResampleHight":"1296","ResampleWidth":"2304","LampFlag":"0","LightMaxTime":"43200","LightLevelMode":"1","PlayRestrictionFlag":"0","PlayLenth":"0","PlayAlertFlag":"0","PlayAlertDuration":"0","ClickAlarm":"1","PriorStreamID":"1","ScreenSplit":{"OpenFlag":"0","SplitCamID":"0","ShownPrecent":"0"},"EncoderID":"0","AutoSwitchMode":"0"}
09-20 07:20:04(545460855823) CFG_TASK INFO: [Cfg_LoadPeerDeviceFile:210]cur dev chargelist : {"Sign":"0","AutoPayStatus":"0","DayExpireFlag":"0","EventExpireFlag":"0","Packages":[]}
09-20 07:20:04(545460855823) cos ERR: [Cos_FileLoad:131]file open pucFileName:/data/user/0/com.huiyun.care.viewerpro.googleplay/files/Care/config/12000103c0537c93/channel.db
09-20 07:20:04(545460855823) CFG_TASK INFO: [Cfg_FindAndCreatPeerDevNode:367]add device 12000103c0537c93 groupid 22000101413a31a9 ok
09-20 07:20:04(545460855823) cos ERR: [Cos_FileLoad:131]file open pucFileName:/data/user/0/com.huiyun.care.viewerpro.googleplay/files/Care/config/c1918db067cd7ffaef3352fc2e4a9/paidordercfg.db
09-20 07:20:04(545460855823) cos ERR: [Cos_FileLoad:131]file open pucFileName:/data/user/0/com.huiyun.care.viewerpro.googleplay/files/Care/config/c1918db067cd7ffaef3352fc2e4a9/beveriorcfg.db
09-20 07:20:04(532575953935) MD_CACHE INFO: [Md_AuidoInit:52]audio init ok
09-20 07:20:04(9231) MD_CACHE INFO: [Md_VideoInit:57]media video init
09-20 07:20:04(9250420048667878415) MD_MP4_MUXER INFO: [Md_Mp4Muxer_Init:45]mp4 muxer init ok
09-20 07:20:04(9250420048667878415) MD_MP4 INFO: [Md_Mp4DeMuxer_Init:41]mp4 demuxer init ok
09-20 07:20:04(9231) cos ERR: [Cand_DirOpen:233]opendir pucDirName:/storage/emulated/0/Android/data/com.huiyun.care.viewerpro.googleplay/files/Care/cloud
09-20 07:20:04(532575953935) TRAS_TASK INFO: [Tras_Malloc_SockBuf:26]malloc socket buff cnt 10 
09-20 07:20:04(545460855823) MUL_MEDIA INFO: [MultiMedia_Init:100]Task Init Ok
09-20 07:20:04(9231) TRAS_TASK INFO: [Tras_Malloc_SockBuf:26]malloc socket buff cnt 14 
09-20 07:20:04(9231) TRAS_HTTP INFO: [Tras_Httpclient_Init:161]Httpclient Initialize success!
09-20 07:20:04(9231) DP_MNG INFO: [DiskSpace_Init:351]disk spce mng task init ok
09-20 07:20:04(9231) EVENT_TASK INFO: [Event_Init:3191]notice module init
09-20 07:20:04(9231) CLOUD_TASK INFO: [Cloud_ResInit:38]cloud res init ok
09-20 07:20:04(12970367455108015119) nvr_cfg INFO: [cfg_NVRMng_Init:155]Create msg queue 0xb400007bdec1ef00 
09-20 07:20:04(9231) ZJ_TASK INFO: [ZJ_Init:49]Client Sdk Version 3151420
09-20 07:20:04(16674) cos INFO: [Cos_ThreadProc:174]thread[HttpClientThread]:0xdec1ed80 , threadid:16674 start ok
09-20 07:20:04(9231) PID_SA INFO: [Java_com_chinatelecom_smarthome_viewer_business_impl_NativeUser_init:171]enter function
09-20 07:20:04(9231) PID_SA INFO: [Java_com_chinatelecom_smarthome_viewer_business_impl_NativeDevice_init:1180]enter function
09-20 07:20:04(9231) PID_SA INFO: [Java_com_chinatelecom_smarthome_viewer_business_impl_NativeCommand_init:122]enter function
09-20 07:20:04(9231) PID_SA INFO: [Java_com_chinatelecom_smarthome_viewer_business_impl_NativeCommand_init:259]return function
09-20 07:20:04(528280986639) PID_CBST INFO: [Cbst_Dec_Init:20]Init ok
09-20 07:20:04(9231) PID_SA INFO: [Java_com_chinatelecom_smarthome_viewer_business_impl_NativeMedia_init:167]enter function
09-20 07:20:04(9231) PID_SA INFO: [Java_com_chinatelecom_smarthome_viewer_business_impl_NativeOld_init:66]enter function
09-20 07:20:04(9231) CFG_TASK INFO: [Cfg_SetCountryCode:268]set local contry GB
09-20 07:20:04(9231) CFG_TASK INFO: [Cfg_Task_Start:88]app use sdk version 51713056
09-20 07:20:04(9231) CMD_TASK INFO: [Cmd_Start:405]cmd task start ok
09-20 07:20:04(16676) cos INFO: [Cos_ThreadProc:174]thread[cfg_task]:0xdec1eb40 , threadid:16676 start ok
09-20 07:20:04(16677) cos INFO: [Cos_ThreadProc:174]thread[cmd_task]:0xdec1ef60 , threadid:16677 start ok
09-20 07:20:04(16678) cos INFO: [Cos_ThreadProc:174]thread[md_mng]:0xdec1efc0 , threadid:16678 start ok
09-20 07:20:04(536870921231) TRAS_TASK INFO: [TrasPeer_LoadDeviceList:329]Load Did 12000103c0537c93 CTEI 000CF025010605EL ok OldFlag 0
09-20 07:20:04(536870921231) TRAS_TASK INFO: [TrasPeer_LoadDeviceList:332]load group list number 2
09-20 07:20:04(9231) TRAS_TASK INFO: [TrasLink_GetLink:29]link task init OK
09-20 07:20:04(523986026791) cos INFO: [Cos_ThreadProc:174]thread[cloud_block]:0xdec1f020 , threadid:16679 start ok
09-20 07:20:04(523986026792) cos INFO: [Cos_ThreadProc:174]thread[cloud_unblock]:0xdec1f080 , threadid:16680 start ok
09-20 07:20:04(536870921231) TRAS_TASK INFO: [TrasBase_StartThread:442]Tras start threads running success
09-20 07:20:04(545460855823) TRAS_TASK INFO: [Tras_Start:36]tras task start ok
09-20 07:20:04(16681) cos INFO: [Cos_ThreadProc:174]thread[TrasBaseProcThread]:0xdec1f0e0 , threadid:16681 start ok
09-20 07:20:04(71776119061226511) DP_MNG INFO: [DiskSpace_Start:368]disk spce mng task run ok
09-20 07:20:04(16683) cos INFO: [Cos_ThreadProc:174]thread[TunnelRecvThread]:0xdec1f1a0 , threadid:16683 start ok
09-20 07:20:04(16684) cos INFO: [Cos_ThreadProc:174]thread[MULTI_MEDIA]:0xdec1f200 , threadid:16684 start ok
09-20 07:20:04(536870921231) EVENT_TASK INFO: [Event_Start:3270]notice module start ok
09-20 07:20:04(523986026797) cos INFO: [Cos_ThreadProc:174]thread[DP_TASK]:0xdec1f260 , threadid:16685 start ok
09-20 07:20:04(523986026794) cos INFO: [Cos_ThreadProc:174]thread[TrasBaseSendThread]:0xdec1f140 , threadid:16682 start ok
09-20 07:20:04(536870921231) CLOUD_TASK INFO: [Cloud_ResStart:79]cloud res start ok
09-20 07:20:04(16687) cos INFO: [Cos_ThreadProc:174]thread[CloudMng]:0xdec1f320 , threadid:16687 start ok
09-20 07:20:04(545460855823) CLOUD_TASK INFO: [Cloud_Start:67]cloud task start ok
09-20 07:20:04(523986026798) cos INFO: [Cos_ThreadProc:174]thread[Notice_Internal_Task]:0xdec1f2c0 , threadid:16686 start ok
09-20 07:20:04(523986026800) cos INFO: [Cos_ThreadProc:174]thread[cloud res]:0xdec1f380 , threadid:16688 start ok
09-20 07:20:04(523986026801) cos INFO: [Cos_ThreadProc:174]thread[CloudExternChan]:0xdec1f3e0 , threadid:16689 start ok
09-20 07:20:04(536870921231) BHAVR_TASK INFO: [Bhavr_Start:271]BHavior task start ok
09-20 07:20:04(9231) nvr_cfg INFO: [loadConfig:509]Group list count: 2
09-20 07:20:04(9231) nvr_cfg INFO: [loadConfig:515]Load group [1600010140c3ad11A0000001] devicelist[0] useflag[1]
09-20 07:20:04(9231) nvr_cfg INFO: [loadConfig:515]Load group [22000101413a31a9] devicelist[1] useflag[1]
09-20 07:20:04(9231) nvr_cfg INFO: [loadConfig:533]dev type did 12000103c0537c93 type 1 
09-20 07:20:04(16691) cos INFO: [Cos_ThreadProc:174]thread[BHavr_task]:0xdec1f4a0 , threadid:16691 start ok
09-20 07:20:04(523986026803) cos ERR: [Cos_FileRead:109]inparam err ((_VOID *)(hFile)) == COS_NULL
09-20 07:20:04(16693) cos INFO: [Cos_ThreadProc:174]thread[nvr_cfg]:0xdec1f5c0 , threadid:16693 start ok
09-20 07:20:04(7160567783674102069) nvr_cfg INFO: [updateConfigLoop:1670]Start update config loop
09-20 07:20:04(523986026804) cos INFO: [Cos_ThreadProc:174]thread[nvr_cfg]:0xdec1f500 , threadid:16692 start ok
09-20 07:20:04(16692) nvr_cfg INFO: [taskManagerLoop:1358]Start Task manager
09-20 07:20:04(4611764375810745359) CFG_TASK INFO: [Cfg_SetCountryCode:268]set local contry 
09-20 07:20:04(545460855823) PID_SA INFO: [Java_com_chinatelecom_smarthome_viewer_business_impl_NativeClient_writeLogToFile:118]I/DeviceBean: getDeviceName:GateCameras
09-20 07:20:04(545460855823) PID_SA INFO: [Java_com_chinatelecom_smarthome_viewer_business_impl_NativeClient_writeLogToFile:118]I/y0: device:realme,RMX3870,Android SDK:16,abi:arm64-v8a,appVersion:2.9.37
09-20 07:20:04(545460855823) PID_SA INFO: [Java_com_chinatelecom_smarthome_viewer_business_impl_NativeClient_writeLogToFile:118]I/y0: initHmSDKHelper  sdkDevConfigValue = false  av:2009370,buildTime:2026-09-03 16:44:47
09-20 07:20:04(9231) PID_SA INFO: [Java_com_chinatelecom_smarthome_viewer_business_impl_NativeUser_getOwnerVCardInfo:354]uiMarried:0,  uiSex:0, aucMobile:, aucEmail:, aucAddress:,aucBirthday:, aucCity:, aucCountry:GB,aucVMid:, aucNickName:, aucProvice:,aucPhotoProfile:,aucRegPeriod:,
09-20 07:20:04(60129551375) PID_SA INFO: [Java_com_chinatelecom_smarthome_viewer_business_impl_NativeClient_writeLogToFile:118]I/HmAdManager: initAdSdk  ALL
09-20 07:20:04(38654714895) PID_SA INFO: [Java_com_chinatelecom_smarthome_viewer_business_impl_NativeClient_writeLogToFile:118]I/AdmobAdManager: initAdSdk
09-20 07:20:04(4774451406201431055) PID_SA INFO: [Java_com_chinatelecom_smarthome_viewer_business_impl_NativeClient_writeLogToFile:118]I/AdViewModel: CareApplication AdViewModel.fetchAdList()
09-20 07:20:04(12970367459402982415) PID_SA INFO: [Java_com_chinatelecom_smarthome_viewer_business_impl_NativeClient_writeLogToFile:118]I/AdViewModel: fetchAdList start
09-20 07:20:04(9231) PID_SA INFO: [Java_com_chinatelecom_smarthome_viewer_business_impl_NativeClient_writeLogToFile:118]I/HmAdManager: getAdListFromLocal size=4
09-20 07:20:04(545460855823) PID_SA INFO: [Java_com_chinatelecom_smarthome_viewer_business_impl_NativeClient_writeLogToFile:118]I/AdViewModel: restoreAdListFromLocal size=4
09-20 07:20:04(9231) PID_SA INFO: [Java_com_chinatelecom_smarthome_viewer_business_impl_NativeClient_writeLogToFile:118]I/HmAdManager: cacheAdListData size=4, count=8
09-20 07:20:04(9231) PID_SA INFO: [Java_com_chinatelecom_smarthome_viewer_business_impl_NativeClient_writeLogToFile:118]I/HmAdManager: getAdQuestStatus mIsLoginRequest=true
09-20 07:20:04(9231) PID_SA INFO: [Java_com_chinatelecom_smarthome_viewer_business_impl_NativeClient_writeLogToFile:118]I/HmAdManager: cacheAdRequestStatus mIsLoginRequest=false
09-20 07:20:04(9231) PID_SA INFO: [Java_com_chinatelecom_smarthome_viewer_business_impl_NativeClient_writeLogToFile:118]I/AdViewModel: doFetchAdList start
09-20 07:20:04(42949682191) PID_SA INFO: [Java_com_chinatelecom_smarthome_viewer_business_impl_NativeClient_writeLogToFile:118]I/HmLaunch: androidId:511ec1bb3bbb64c4
09-20 07:20:04(16602) PID_SA INFO: [Java_com_chinatelecom_smarthome_viewer_business_impl_NativeClient_writeLogToFile:118]I/AdViewModel: requestAdListFromServer countryCode=GB
09-20 07:20:04(528280994010) PID_SA INFO: [Java_com_chinatelecom_smarthome_viewer_business_impl_NativeUser_GetDomainAddr:1672]HM_GetDomainAddr ret = 0,  aucSvrDomain:, aucWebDomain:, aucLogDomain:, aucAlexaDomain:
09-20 07:20:04(5414848476192194778) PID_SA INFO: [Java_com_chinatelecom_smarthome_viewer_business_impl_NativeClient_writeLogToFile:118]I/HmHostConfig: hostInfo:{svrHost:,webHost:,logHost:,alexaHost:}
09-20 07:20:04(528280994010) PID_SA INFO: [Java_com_chinatelecom_smarthome_viewer_business_impl_NativeUser_GetDomainAddr:1672]HM_GetDomainAddr ret = 0,  aucSvrDomain:, aucWebDomain:, aucLogDomain:, aucAlexaDomain:
09-20 07:20:04(16602) PID_SA INFO: [Java_com_chinatelecom_smarthome_viewer_business_impl_NativeClient_writeLogToFile:118]I/HmHostConfig: hostInfo:{svrHost:,webHost:,logHost:,alexaHost:}
09-20 07:20:04(120259093519) PID_SA INFO: [Java_com_chinatelecom_smarthome_viewer_business_impl_NativeClient_writeLogToFile:118]I/AdmobAdManager: googleGatherConsent curTime:1789869004902
09-20 07:20:04(120259093519) PID_SA INFO: [Java_com_chinatelecom_smarthome_viewer_business_impl_NativeClient_writeLogToFile:118]I/AdmobAdManager: googleGatherConsent jsonStr:{"appVersion":0,"status":true,"time":1789868185702}
09-20 07:20:04(532575953935) PID_SA INFO: [Java_com_chinatelecom_smarthome_viewer_business_impl_NativeClient_writeLogToFile:118]I/AdmobAdManager: isCanRequestAds：false
09-20 07:20:04(9231) PID_SA INFO: [Java_com_chinatelecom_smarthome_viewer_business_impl_NativeClient_writeLogToFile:118]I/HmAdManager: initAdSdk  ALL
09-20 07:20:04(9231) PID_SA INFO: [Java_com_chinatelecom_smarthome_viewer_business_impl_NativeClient_writeLogToFile:118]I/AdmobAdManager: initAdSdk
09-20 07:20:04(536870921231) PID_SA INFO: [Java_com_chinatelecom_smarthome_viewer_business_impl_NativeClient_writeLogToFile:118]I/AdmobAdManager: isCanRequestAds：false
09-20 07:20:04(5066592530473999) PID_SA INFO: [Java_com_chinatelecom_smarthome_viewer_business_impl_NativeClient_writeLogToFile:118]I/HmAdManager: getCachedAdListData from memory, size=4
09-20 07:20:04(9231) PID_SA INFO: [Java_com_chinatelecom_smarthome_viewer_business_impl_NativeClient_writeLogToFile:118]I/HmAdManager: getAdDataByStrategy: adPositionKey=pro_Android_en_launch_screen3 lastCountDate:2026-09-20,now:1789869004911,today:2026-09-20,displayMaxTimes:2
09-20 07:20:04(528280986639) PID_SA INFO: [Java_com_chinatelecom_smarthome_viewer_business_impl_NativeClient_writeLogToFile:118]I/HmAdManager: getAdDataByStrategy posHourCountKey: pro_Android_en_launch_screen3_hourShowCount, posHourStartKey pro_Android_en_launch_screen3_hourStartTime, hourStartTime:1789868184668,hourCount:0
09-20 07:20:04(9231) PID_SA INFO: [Java_com_chinatelecom_smarthome_viewer_business_impl_NativeClient_writeLogToFile:118]I/HmAdManager: currentAdType: 1
09-20 07:20:04(9231) PID_SA INFO: [Java_com_chinatelecom_smarthome_viewer_business_impl_NativeClient_writeLogToFile:118]I/HmAdManager: getAdDataByStrategy: curPositionKey:pro_Android_en_launch_screen3,lastAdKey：，latestDiffTypeShowTime=0, elapsedSec=1789869004,displayInterval:1200,splashAdCoolingInterval:300
09-20 07:20:04(9231) PID_SA INFO: [Java_com_chinatelecom_smarthome_viewer_business_impl_NativeClient_writeLogToFile:118]I/: UsrToken:1600010140c3ad111p3g5jmo63upuvo5
09-20 07:20:04(12884911119) PID_SA INFO: [Java_com_chinatelecom_smarthome_viewer_business_impl_NativeClient_writeLogToFile:118]I/AdmobAdManager: isCanRequestAds：false
09-20 07:20:04(9231) PID_SA INFO: [Java_com_chinatelecom_smarthome_viewer_business_impl_NativeClient_writeLogToFile:118]I/HmAdManager: loadOpenAd:/adforegin/applovin
09-20 07:20:04(9231) PID_SA INFO: [Java_com_chinatelecom_smarthome_viewer_business_impl_NativeClient_writeLogToFile:118]E/LowPowerHeart: Heartbeat resumeDeviceHeart duration:0,interval:3000,canHeartExt:true
09-20 07:20:04(9231) PID_SA INFO: [Java_com_chinatelecom_smarthome_viewer_business_impl_NativeClient_setBackgroundToFront:88]setBackgroundToFront 1
09-20 07:20:05(9231) PID_SA INFO: [Java_com_chinatelecom_smarthome_viewer_business_impl_NativeClient_writeLogToFile:118]I/ZJViewerSdk: connectionChangeReceiver, network changed
09-20 07:20:05(9231) PID_SA INFO: [Java_com_chinatelecom_smarthome_viewer_business_impl_NativeClient_writeLogToFile:118]I/CurrentWiFiInfo: wifiInfo:SSID: <unknown ssid>, BSSID: 02:00:00:00:00:00, MAC: 02:00:00:00:00:00, IP: /192.168.1.50, Security type: 2, Supplicant state: COMPLETED, Wi-Fi standard: 11n, RSSI: -68, Link speed: 130Mbps, Tx Link speed: 130Mbps, Max Supported Tx Link speed: 144Mbps, Calculated Tx : 0Mbps, Rx Link speed: 52Mbps, Max Supported Rx Link speed: 144Mbps, Calculated Rx : 0Mbps, Frequency: 2412MHz, Net ID: -1, Metered hint: false, score: 60, isUsable: true, CarrierMerged: false, SubscriptionId: -1, IsPrimary: -1, Trusted: true, Restricted: false, Ephemeral: false, OEM paid: false, OEM private: false, OSU AP: false, FQDN: <none>, Provider friendly name: <none>, Requesting package name: <none><none>MLO Information: , Is TID-To-Link negotiation supported by the AP: false, AP MLD Address: <none>, AP MLO Link Id: <none>, AP MLO Affiliated links: <none>, Vendor Data: <none>,ssid:<unknown ssid>
09-20 07:20:05(532575953935) PID_SA INFO: [Java_com_chinatelecom_smarthome_viewer_business_impl_NativeClient_writeLogToFile:118]I/CurrentWiFiInfo: dhcp - ipaddr 192.168.1.50 gateway 192.168.1.1 netmask 0.0.0.0 dns1 192.168.1.1 dns2 0.0.0.0 DHCP server 192.168.1.1 lease 86400 seconds
09-20 07:20:05(8062480241177666575) PID_SA INFO: [Java_com_chinatelecom_smarthome_viewer_business_impl_NativeClient_writeLogToFile:118]I/ZJViewerSdk: currentWiFiInfo:isConnected:true,ssid:,gateIp:192.168.1.1, lastGateIP: 
09-20 07:20:05(9397974483345613839) PID_SA INFO: [Java_com_chinatelecom_smarthome_viewer_business_impl_NativeClient_writeLogToFile:118]getNetType123: flag = true  getTypeName = WIFI
09-20 07:20:05(9231) TRAS_TASK INFO: [Tras_SetNetworkType:71]set net work type 2 
09-20 07:20:05(16681) CFG_TASK INFO: [Cfg_SetPeerDevCanUseStatus:645]set device 12000103c0537c93 oldflag 0 group 22000101413a31a9 can use status 0
09-20 07:20:05(16681) nvr_cfg WARN: [cfg_OnPeerDeviceStatusChange:454]Ignonre 12000103c0537c93 status changed
09-20 07:20:05(523986026793) PID_SA INFO: [FUN_DEVICE_STATUS:1267]FUN_DEVICE_STATUS deviceId:12000103c0537c93, status:1
09-20 07:20:05(16681) TRAS_TASK INFO: [TrasPeer_ProcStatusCbFlag:630]device 12000103c0537c93 online status 1
09-20 07:20:05(16681) TRAS_TASK INFO: [TrasBase_ProcThread:491]net work change proc ok
09-20 07:20:05(16681) PID_SA INFO: [FUN_SERVER_STATUS:2600]FUN_SERVER_STATUS enServerStatus:0, iErr:0
09-20 07:20:05(523986026793) cos INFO: [Cand_InetGetLocalIps:370]start getLocalIp wlan0 ip= <192.168.1.50>.
09-20 07:20:05(523986026793) TRAS_TASK INFO: [TrasNat_GetLocalIP:57]udpPort 192.168.1.50:8175 has been setted 
09-20 07:20:05(9231) PID_SA INFO: [Java_com_chinatelecom_smarthome_viewer_business_impl_NativeClient_writeLogToFile:118]I/LowPowerHeart: onDeviceStateChange awakeDevice groupId:22000101413a31a9//deviceId:12000103c0537c93//status:1//StatusEnum:1//statusName:ONLINE
09-20 07:20:05(545460855823) PID_SA INFO: [Java_com_chinatelecom_smarthome_viewer_business_impl_NativeClient_writeLogToFile:118]I/y0: onDeviceStateChange groupId:22000101413a31a9,deviceId:12000103c0537c93,devicePresenceState:1   deviceType = CAMERA  awakeAbility:NOT_SUPPORT
09-20 07:20:05(536870921231) PID_SA INFO: [Java_com_chinatelecom_smarthome_viewer_business_impl_NativeClient_writeLogToFile:118]I/Internal: onServerStatusChange/////uToken:1600010140c3ad111p3g5jmo63upuvo5//serverStatus:0//errorCode:0
09-20 07:20:05(9231) PID_SA INFO: [Java_com_chinatelecom_smarthome_viewer_business_impl_NativeClient_writeLogToFile:118]I/y0: onSelfAuthStateChange serverStatus:0,hmError:0
09-20 07:20:05(85899362682) PID_SA INFO: [Java_com_chinatelecom_smarthome_viewer_business_impl_NativeClient_writeLogToFile:118]I/AdmobAdManager: initAdSdk adInfo.id:fd3204f0-0817-4f5e-8458-8787d6193771
09-20 07:20:05(12970367459402989886) PID_SA INFO: [Java_com_chinatelecom_smarthome_viewer_business_impl_NativeClient_writeLogToFile:118]I/AdmobAdManager: initAdSdk adInfo.id:fd3204f0-0817-4f5e-8458-8787d6193771
09-20 07:20:05(55834591550) PID_SA INFO: [Java_com_chinatelecom_smarthome_viewer_business_impl_NativeClient_writeLogToFile:118]I/AdmobAdManager: isTestDevice:false
09-20 07:20:05(16673) cos INFO: [Cos_InetMgrProc:137]get local host ok ip 0 passive 1
09-20 07:20:05(16681) cos INFO: [Cos_SocketOpen:377]socket<325> open ok
09-20 07:20:05(12970367455108022569) TRAS_TASK INFO: [TrasLocalLan_ListenTCP:381]Lan TCP Listen OK socket type 0 Port:15668
09-20 07:20:05(16681) cos INFO: [Cos_SocketOpen:377]socket<326> open ok
09-20 07:20:05(12970367455108022569) TRAS_TASK INFO: [TrasLocalLan_ListenUDP:322]Lan UDP listen OK.socket type 0 Port 17758
09-20 07:20:05(523986026793) cos INFO: [Cos_SocketOpen:377]socket<321> open ok
09-20 07:20:05(16681) cos INFO: [Cand_InetGetLocalIps:370]start getLocalIp wlan0 ip= <192.168.1.50>.
09-20 07:20:05(12970367455108022569) TRAS_TASK INFO: [TrasLocalLan_Broadcast:151]send boadcast ok to peer port 16658
09-20 07:20:05(523986026793) cos INFO: [Cos_SocketClose:390]socket<321> closed
09-20 07:20:05(16762) PID_SA INFO: [Java_com_chinatelecom_smarthome_viewer_business_impl_NativeClient_writeLogToFile:118]I/AdmobAdManager: isTestDevice:false
09-20 07:20:05(16673) cos INFO: [Cos_InetMgrProc:133]get host 224.66.68.55 ok ip 927220448 passive 0
09-20 07:20:05(523986026793) cos INFO: [Cos_SocketOpen:377]socket<384> open ok
09-20 07:20:05(523986026793) cos INFO: [Cos_SocketClose:390]socket<384> closed
09-20 07:20:05(16681) cos INFO: [Cos_SocketOpen:377]socket<384> open ok
09-20 07:20:05(523986026793) cos INFO: [Cos_SocketClose:390]socket<384> closed
09-20 07:20:05(16681) TRAS_TASK INFO: [TrasLocalLan_SearchDevice:189]locallan send boadcast ok
09-20 07:20:05(523986026793) PID_SA INFO: [FUN_SERVER_STATUS:2600]FUN_SERVER_STATUS enServerStatus:1, iErr:0
09-20 07:20:05(489626280975) PID_SA INFO: [Java_com_chinatelecom_smarthome_viewer_business_impl_NativeClient_writeLogToFile:118]I/Internal: onServerStatusChange/////uToken:1600010140c3ad111p3g5jmo63upuvo5//serverStatus:1//errorCode:0
09-20 07:20:05(9231) PID_SA INFO: [Java_com_chinatelecom_smarthome_viewer_business_impl_NativeClient_writeLogToFile:118]I/y0: onSelfAuthStateChange serverStatus:1,hmError:0
09-20 07:20:05(16673) cos INFO: [Cos_InetMgrProc:133]get host 43.133.96.204 ok ip 3428877611 passive 0
09-20 07:20:05(9231) PID_SA INFO: [Java_com_chinatelecom_smarthome_viewer_business_impl_NativeClient_writeLogToFile:118]I/AdmobAdManager: initializationStatus = {com.google.android.gms.ads.MobileAds=com.google.android.gms.internal.ads.zzboe@90f2f0f, com.google.ads.mediation.vungle.VungleMediationAdapter=com.google.android.gms.internal.ads.zzboe@67cb9c, com.google.ads.mediation.facebook.FacebookMediationAdapter=com.google.android.gms.internal.ads.zzboe@2e369a5, com.google.ads.mediation.mintegral.MintegralMediationAdapter=com.google.android.gms.internal.ads.zzboe@fa2717a, com.google.ads.mediation.pangle.PangleMediationAdapter=com.google.android.gms.internal.ads.zzboe@519ad2b}
09-20 07:20:05(60129551375) PID_SA INFO: [Java_com_chinatelecom_smarthome_viewer_business_impl_NativeClient_writeLogToFile:118]I/HmAdManager: isInitSuccess:true
09-20 07:20:05(9231) PID_SA INFO: [Java_com_chinatelecom_smarthome_viewer_business_impl_NativeClient_writeLogToFile:118]I/AdmobAdManager: initializationStatus = {com.google.android.gms.ads.MobileAds=com.google.android.gms.internal.ads.zzboe@8c5fb21, com.google.ads.mediation.vungle.VungleMediationAdapter=com.google.android.gms.internal.ads.zzboe@b562b46, com.google.ads.mediation.facebook.FacebookMediationAdapter=com.google.android.gms.internal.ads.zzboe@303f107, com.google.ads.mediation.mintegral.MintegralMediationAdapter=com.google.android.gms.internal.ads.zzboe@e87f234, com.google.ads.mediation.pangle.PangleMediationAdapter=com.google.android.gms.internal.ads.zzboe@3e6285d}
09-20 07:20:05(545460855823) PID_SA INFO: [Java_com_chinatelecom_smarthome_viewer_business_impl_NativeClient_writeLogToFile:118]I/HmAdManager: isInitSuccess:true
09-20 07:20:05(12970367459402989865) cos INFO: [Cos_SocketOpen:377]socket<458> open ok
09-20 07:20:05(12970367455108022569) TRAS_TASK INFO: [TrasLink_Connect:245]Link Connect Addr:43.133.96.204:19336,ConnFlag:1
09-20 07:20:05(523986026793) cos INFO: [Cos_SocketOpen:377]socket<460> open ok
09-20 07:20:05(16681) cos INFO: [Cand_InetGetLocalIps:370]start getLocalIp wlan0 ip= <192.168.1.50>.
09-20 07:20:05(16681) cos ERR: [Cos_SocketErrFilterToLog:666]Cand_SocketSendTo:719 has error<13>
09-20 07:20:05(523986026793) TRAS_TASK INFO: [TrasLocalLan_Broadcast:151]send boadcast ok to peer port 16658
09-20 07:20:05(523986026793) cos INFO: [Cos_SocketClose:390]socket<460> closed
09-20 07:20:05(523986026793) TRAS_TASK INFO: [TrasLocalLan_SearchDevice:189]locallan send boadcast ok
09-20 07:20:05(16681) cos INFO: [Cos_SocketOpen:377]socket<430> open ok
09-20 07:20:05(12970367455108022569) TRAS_TASK INFO: [TrasOldLan_ListenTCP:261]Listen success, the port is 9001.
09-20 07:20:05(523986026793) cos INFO: [Cos_SocketOpen:377]socket<441> open ok
09-20 07:20:05(523986026793) cos INFO: [Cos_SocketOpen:377]socket<442> open ok
09-20 07:20:05(16681) cos INFO: [Cand_InetGetLocalIps:370]start getLocalIp wlan0 ip= <192.168.1.50>.
09-20 07:20:05(523986026793) TRAS_TASK INFO: [TrasOldLan_SendBroadcast:147]get local ip 192.168.1.50:5564
09-20 07:20:05(12970367450813055273) cos INFO: [Cos_SocketClose:390]socket<442> closed
09-20 07:20:05(16681) TRAS_TASK INFO: [TrasOldLan_SendBroadcast:168]send broadcast ok lancnt 0
09-20 07:20:05(16681) cos INFO: [Cos_SocketOpen:377]socket<442> open ok
09-20 07:20:05(16681) cos INFO: [Cand_InetGetLocalIps:370]start getLocalIp wlan0 ip= <192.168.1.50>.
09-20 07:20:05(523986026793) TRAS_TASK INFO: [TrasOldLan_SendBroadcast:147]get local ip 192.168.1.50:5564
09-20 07:20:05(12970367450813055273) cos INFO: [Cos_SocketClose:390]socket<442> closed
09-20 07:20:05(16681) TRAS_TASK INFO: [TrasOldLan_SendBroadcast:168]send broadcast ok lancnt 130
09-20 07:20:05(523986026793) cos INFO: [Cos_SocketAccept:455]socket<442> accepted
09-20 07:20:05(523986026793) TRAS_TASK INFO: [TrasP2PSlot_NewTcp:26]p2pslot creat tcp slot 0xb4000078648f9280 peer addr: 192.168.1.192:port:43632
09-20 07:20:05(523986026793) TRAS_TASK INFO: [TrasLocalLan_TCPAccept:433]tcpslot 0xb4000078648f9280 turn to connected for accept peer port 43632
09-20 07:20:05(12970367455108022569) cos INFO: [Cos_SocketOpen:377]socket<443> open ok
09-20 07:20:05(16681) cos INFO: [Cand_InetGetLocalIps:370]start getLocalIp wlan0 ip= <192.168.1.50>.
09-20 07:20:05(523986026793) TRAS_TASK INFO: [TrasOldLan_SendBroadcast:147]get local ip 192.168.1.50:5564
09-20 07:20:05(16681) cos ERR: [Cos_SocketErrFilterToLog:673]Cand_SocketSendTo:719 has error<13>, has 30 times
09-20 07:20:05(16681) cos ERR: [Cos_SocketErrFilterToLog:673]Cand_SocketSendTo:719 has error<13>, has 60 times
09-20 07:20:05(16681) cos ERR: [Cos_SocketErrFilterToLog:673]Cand_SocketSendTo:719 has error<13>, has 90 times
09-20 07:20:05(16681) cos ERR: [Cos_SocketErrFilterToLog:673]Cand_SocketSendTo:719 has error<13>, has 120 times
09-20 07:20:05(12970367450813055273) cos INFO: [Cos_SocketClose:390]socket<443> closed
09-20 07:20:05(16681) TRAS_TASK INFO: [TrasOldLan_SendBroadcast:168]send broadcast ok lancnt 260
09-20 07:20:05(12970367450813055273) TRAS_TASK INFO: [TrasP2PSlot_ProcTcpState:230]tcpslot 0xb4000078648f9280 have peerid 0; slottype 0 send tcp req turn to testing status
09-20 07:20:05(16681) TRAS_TASK INFO: [TrasBase_ProcBaseSock:670]Link Connect Addr:43.133.96.204:19336,ConnectFlag is: 2
09-20 07:20:05(4294983977) PID_SA INFO: [FUN_SERVER_STATUS:2600]FUN_SERVER_STATUS enServerStatus:2, iErr:0
09-20 07:20:05(523986026793) TRAS_TASK INFO: [TrasPeer_LoadDeviceList:329]Load Did 12000103c0537c93 CTEI 000CF025010605EL ok OldFlag 0
09-20 07:20:05(523986026793) TRAS_TASK INFO: [TrasPeer_LoadDeviceList:332]load group list number 2
09-20 07:20:05(12970367442223120681) TRAS_TASK INFO: [TrasLink_AuthUserToken:188]ogct 4 send login requst body {"METHOD":"4116","SEQID":"4","BODY":{"UserToken":"1600010140c3ad111p3g5jmo63upuvo5","SDKVersion":"51713056","WebDomainAbilty":"1","TestFlag":"1"}} iRet 0 
09-20 07:20:05(16681) CFG_TASK INFO: [Cfg_SetPeerDevCanUseStatus:645]set device 12000103c0537c93 oldflag 0 group 22000101413a31a9 can use status 0
09-20 07:20:05(16681) nvr_cfg WARN: [cfg_OnPeerDeviceStatusChange:454]Ignonre 12000103c0537c93 status changed
09-20 07:20:05(523986026793) PID_SA INFO: [FUN_DEVICE_STATUS:1267]FUN_DEVICE_STATUS deviceId:12000103c0537c93, status:1
09-20 07:20:05(16681) TRAS_TASK INFO: [TrasPeer_ProcStatusCbFlag:630]device 12000103c0537c93 online status 1
09-20 07:20:05(489626280975) PID_SA INFO: [Java_com_chinatelecom_smarthome_viewer_business_impl_NativeClient_writeLogToFile:118]I/Internal: onServerStatusChange/////uToken:1600010140c3ad111p3g5jmo63upuvo5//serverStatus:2//errorCode:0
09-20 07:20:05(9231) PID_SA INFO: [Java_com_chinatelecom_smarthome_viewer_business_impl_NativeClient_writeLogToFile:118]I/y0: onSelfAuthStateChange serverStatus:2,hmError:0
09-20 07:20:05(489626280975) PID_SA INFO: [Java_com_chinatelecom_smarthome_viewer_business_impl_NativeClient_writeLogToFile:118]I/LowPowerHeart: onDeviceStateChange awakeDevice groupId:22000101413a31a9//deviceId:12000103c0537c93//status:1//StatusEnum:1//statusName:ONLINE
09-20 07:20:05(545460855823) PID_SA INFO: [Java_com_chinatelecom_smarthome_viewer_business_impl_NativeClient_writeLogToFile:118]I/y0: onDeviceStateChange groupId:22000101413a31a9,deviceId:12000103c0537c93,devicePresenceState:1   deviceType = CAMERA  awakeAbility:NOT_SUPPORT
09-20 07:20:05(523986026795) TRAS_TASK INFO: [TrasP2PSlot_TCPSendLocalTCPRsp:711]send local rsp rsp {"METHOD":"3115","SEQID":"5","CODE":"0","BODY":{"OsType":"3"}} to peer 12000103c0537c93
09-20 07:20:05(16681) TRAS_TASK INFO: [TrasP2PSlot_SetToUser:1052]tcpslot 0xb4000078648f9280 set bestest to peer 12000103c0537c93,old 0x0 udpflag 0 
09-20 07:20:05(523986026793) TRAS_TASK INFO: [TrasP2PSlot_ProcTcpState:282]tcpslot 0xb4000078648f9280 tested ok tickcnt 287990372
09-20 07:20:05(16681) cos INFO: [Cos_SocketOpen:377]socket<434> open ok
09-20 07:20:05(12970367455108022569) TRAS_TASK INFO: [TrasNat_CreatNatHole:622]creat new nat hole get local udp port 8175 socket type 0
09-20 07:20:05(16681) TRAS_TASK INFO: [TrasPeer_ProcGetNetInfo:482]peer 12000103c0537c93 get natinf status 2
09-20 07:20:05(12970367455108022569) CFG_TASK INFO: [Cfg_SetPeerDevCanUseStatus:645]set device 12000103c0537c93 oldflag 0 group 22000101413a31a9 can use status 1
09-20 07:20:05(12970367455108022569) PID_SA INFO: [FUN_DEVICE_STATUS:1267]FUN_DEVICE_STATUS deviceId:12000103c0537c93, status:5
09-20 07:20:05(523986026793) nvr_cfg WARN: [cfg_OnPeerDeviceStatusChange:454]Ignonre 12000103c0537c93 status changed
09-20 07:20:05(12970367455108022569) TRAS_TASK INFO: [TrasPeer_ProcStatusCbFlag:618]device 12000103c0537c93 slot can use
09-20 07:20:05(12970367455108022569) TRAS_TASK INFO: [TrasPeer_ProcStatusCbFlag:673]device 12000103c0537c93 udpslot 0x0 p2p status 1, local NatType:0, ConeType:0, NetType:2
09-20 07:20:05(489626280975) PID_SA INFO: [Java_com_chinatelecom_smarthome_viewer_business_impl_NativeClient_writeLogToFile:118]I/LowPowerHeart: onDeviceStateChange awakeDevice groupId:22000101413a31a9//deviceId:12000103c0537c93//status:5//StatusEnum:5//statusName:CANUSE
09-20 07:20:05(545460855823) PID_SA INFO: [Java_com_chinatelecom_smarthome_viewer_business_impl_NativeClient_writeLogToFile:118]I/y0: onDeviceStateChange groupId:22000101413a31a9,deviceId:12000103c0537c93,devicePresenceState:5   deviceType = CAMERA  awakeAbility:NOT_SUPPORT
09-20 07:20:05(16681) TRAS_TASK INFO: [TrasPeer_GetNetInfo:936]start  get peer 12000103c0537c93 nat inf req body {"METHOD":"201E","SEQID":"6","BODY":{"UPNPFlag":"0","UPNPIP":"","UPNPPort":"15668","LocalIP":"192.168.1.50","LocalTCPPort":"15668","LocalUDPPort":"8175"}}
09-20 07:20:05(523986026793) TRAS_TASK INFO: [TrasPeer_ProcGetNetInfo:492]peer 12000103c0537c93 get natinf status 3
09-20 07:20:05(16602) PID_SA INFO: [Java_com_chinatelecom_smarthome_viewer_business_impl_NativeClient_writeLogToFile:118]I/AdViewModel: getAdList isSuccessful=true
09-20 07:20:05(489626280975) PID_SA INFO: [Java_com_chinatelecom_smarthome_viewer_business_impl_NativeClient_writeLogToFile:118]I/AdViewModel: getAdList success, size=4
09-20 07:20:05(9231) PID_SA INFO: [Java_com_chinatelecom_smarthome_viewer_business_impl_NativeClient_writeLogToFile:118]I/HmAdManager: cacheAdListToLocal persisted
09-20 07:20:05(545460855823) PID_SA INFO: [Java_com_chinatelecom_smarthome_viewer_business_impl_NativeClient_writeLogToFile:118]I/AdViewModel: cachedAdListData is not empty, skip memory update
09-20 07:20:05(16681) CFG_TASK INFO: [Cfg_Task_RecvGetDomainRsp:45]ocgt 3 recv get domain rsp code 0
09-20 07:20:05(16681) PID_SA INFO: [FUN_SERVER_STATUS:2600]FUN_SERVER_STATUS enServerStatus:4, iErr:0
09-20 07:20:05(489626280975) PID_SA INFO: [Java_com_chinatelecom_smarthome_viewer_business_impl_NativeClient_writeLogToFile:118]I/Internal: onServerStatusChange/////uToken:1600010140c3ad111p3g5jmo63upuvo5//serverStatus:4//errorCode:0
09-20 07:20:05(9231) PID_SA INFO: [Java_com_chinatelecom_smarthome_viewer_business_impl_NativeClient_writeLogToFile:118]I/y0: onSelfAuthStateChange serverStatus:4,hmError:0
09-20 07:20:05(9231) ZJ_TASK INFO: [ZJ_GetPaasPlatAccessToken:3766]ogct 7 get paasplat token iRet 0
09-20 07:20:05(523986026793) TRAS_TASK INFO: [TrasLink_ProcAuthTokenRsp:292]ogct 4 recv auth rsp code 0 
09-20 07:20:05(523986026793) TRAS_TASK INFO: [TrasNat_GetNatServer:144]ogct 8 Get Detect Server Addr iRet 0 
09-20 07:20:05(9397974483345613839) PID_SA INFO: [Java_com_chinatelecom_smarthome_viewer_business_impl_NativeClient_writeLogToFile:118]onInitPushSuccess: regid = eTaw3UHwT7yXDsUUjIDjw_:APA91bGOPrHHfPX6BI8lyu8Xuh2S_tcCJ1X6J2fTnbEulnllK4sV-ag66RoIN9ctFMucYPCZ7nWJDLxUD71DTrCmEUFuwrP9Ejga3KAQWdqdxzB2QJfr-f8
09-20 07:20:05(9231) ZJ_TASK INFO: [ZJ_SetPushToken:1024]ogct 9 set pushtoken eTaw3UHwT7yXDsUUjIDjw_:APA91bGOPrHHfPX6BI8lyu8Xuh2S_tcCJ1X6J2fTnbEulnllK4sV-ag66RoIN9ctFMucYPCZ7nWJDLxUD71DTrCmEUFuwrP9Ejga3KAQWdqdxzB2QJfr-f8 iRet 0
09-20 07:20:05(523986026798) EVENT_TASK INFO: [Event_GetEventCalender:2346]Get event calender req route store reqid [10] device id [12000103c0537c93] channel[-1] from day [1970-01-01]
09-20 07:20:06(523986026798) EVENT_TASK INFO: [Event_GetEventCalender_Req_ProcMsg:1803]reqid 10 creat get event calender task OK router 2
09-20 07:20:06(523986026798) EVENT_TASK INFO: [Event_SendGetEventCalenderReqToStore:172]ogct 11 send req msg {"METHOD":"3514","SEQID":"11","BODY":{"Date":"1970-01-01","DID":"12000103c0537c93","ChannelNum":"-1","Today":"2026-09-20","OwnerID":"1600010140c3ad11"}}
09-20 07:20:06(12970367459402989865) ZJ_TASK INFO: [ZJ_RecvGetPaasTokenRsp:3750]ogct 7 recv rsp code 0
09-20 07:20:06(8062480241177666575) PID_SA INFO: [Java_com_chinatelecom_smarthome_viewer_business_impl_NativeClient_writeLogToFile:118]I/Internal: onGetPaasPlatToken accessTokenut6AAF3BCE-00000003-00G001-hhkcq/expireSeconds:86399//strPaasAddr:https://gm-ap.smartcloudcon.com
09-20 07:20:06(9231) PID_SA INFO: [Java_com_chinatelecom_smarthome_viewer_business_impl_NativeClient_writeLogToFile:118]I/HmSdkHelper: onServerStatusChange onTokenReturn accessToken:ut6AAF3BCE-00000003-00G001-hhkcq
09-20 07:20:06(12970367459402982415) PID_SA INFO: [Java_com_chinatelecom_smarthome_viewer_business_impl_NativeClient_writeLogToFile:118]I/HmSdkHelper: onServerStatusChange onTokenReturn pTokenJson:{"accessToken":"ut6AAF3BCE-00000003-00G001-hhkcq","createTime":1789869006064,"expireSeconds":86399,"passAddress":"https://gm-ap.smartcloudcon.com"}
09-20 07:20:06(16681) TRAS_TASK INFO: [TrasBase_OnPortHoleUDPRecv:983]recv msg 32,34
09-20 07:20:06(16673) cos INFO: [Cos_InetMgrProc:133]get host 10.116.167.132 ok ip 2225566730 passive 0
09-20 07:20:06(523986026795) TRAS_TASK INFO: [TrasPeer_SetUPNPInfo:262]set peer 12000103c0537c93 upnp port 16668 socket type 0
09-20 07:20:06(523986026793) TRAS_TASK INFO: [TrasNat_ParseGetNatSvrRsp:119]ogct 8 recv rsp code 0 natip 129.227.231.210:30194 encflag 0
09-20 07:20:06(16673) cos INFO: [Cos_InetMgrProc:133]get host 192.168.1.192 ok ip 3221334208 passive 0
09-20 07:20:06(16673) cos INFO: [Cos_InetMgrProc:133]get host 129.227.231.210 ok ip 3538412417 passive 0
09-20 07:20:06(523986026795) TRAS_TASK INFO: [TrasPeer_SetLocalTCPPort:236]set peer 12000103c0537c93 lcoal tcp port 16668 socket type 0
09-20 07:20:06(16683) TRAS_TASK INFO: [TrasPeer_SetUdpLocalInfo:276]set peer 12000103c0537c93 lcoal udp port 7552 socket type 0
09-20 07:20:06(16683) TRAS_TASK INFO: [TrasPeer_ParseGetNetInfoRsp:1044]peer 12000103c0537c93 recv natinf rsp;nattype 0 lcoalip 192.168.1.192:16668,7552 natip :0
09-20 07:20:06(16681) cos INFO: [Cos_SocketOpen:377]socket<476> open ok
09-20 07:20:06(12970367455108022569) TRAS_TASK INFO: [TrasNat_CreatNatHole:622]creat new nat hole get local udp port 8176 socket type 0
09-20 07:20:06(523986026793) TRAS_TASK INFO: [TrasNat_CheckNatType:391]natinf init ok socket 476 
09-20 07:20:06(16681) TRAS_TASK INFO: [TrasNat_CheckNat:226]send udp msg to server 129.227.231.210:30194 iret 72
09-20 07:20:06(523986026793) TRAS_TASK INFO: [TrasNat_CheckNatType:397]natInf send msg to port1 30194 
09-20 07:20:06(16681) TRAS_TASK INFO: [TrasPeer_ProcGetNetInfo:512]peer 12000103c0537c93 get natinf status 4
09-20 07:20:06(16681) PID_SA INFO: [FUN_DEVICE_COMMON_RSP:1216]FUN_DEVICE_COMMON_RSP uiReqId:9, iErr:0
09-20 07:20:06(523986026793) ZJ_TASK INFO: [ZJ_UserProcSetPushTokenRsp:1001]ogct 9 recv rsp code 0 
09-20 07:20:06(16681) EVENT_TASK INFO: [Event_RecvGetEventCalenderRspFromStore:724]ogct 11 recv rsp json[0x4125adc0] 
09-20 07:20:06(12970367459402989865) TRAS_TASK INFO: [TrasP2PSlot_NewUdp:48]udpslot creat ok 0xb4000078648f9580 socketfd 434
09-20 07:20:06(12970367455108022569) TRAS_TASK INFO: [TrasPeer_ProcSlotCreateUDP:695]device 12000103c0537c93 udpslot creat ok 0xb4000078648f9580
09-20 07:20:06(536870928681) TRAS_TASK INFO: [TrasPeer_ProcGetNetInfo:524]peer 12000103c0537c93 get natinf success
09-20 07:20:06(523986026793) TRAS_TASK INFO: [TrasPeer_SetUdpDstAddr:585]udpslot 0xb4000078648f9580 set peerid 12000103c0537c93 local port 7552
09-20 07:20:06(16681) TRAS_TASK INFO: [TrasP2PSlot_ProcUdpState:390]udpslot 0xb4000078648f9580 tutn to testing status
09-20 07:20:06(16686) PID_SA INFO: [FUN_GETEVENTCALENDER_RSP:1384]FUN_GETEVENTCALENDER_RSP reqId:10, error:0
09-20 07:20:06(16686) PID_SA INFO: [FUN_GETEVENTCALENDER_RSP:1386]list size: 0
09-20 07:20:06(16686) EVENT_TASK INFO: [Event_GetEventCalender_Rsp_ProcMsg:1844]event calender rsp msg uiRoute 2 uiReqId 11 rspstatus0 calender list 0
09-20 07:20:06(4294983977) TRAS_TASK INFO: [TrasPeer_ProcStatusCbFlag:673]device 12000103c0537c93 udpslot 0x0 p2p status 0, local NatType:0, ConeType:0, NetType:2
09-20 07:20:06(8062480241177674025) TRAS_TASK INFO: [Tras_UdpSlotSendHoleReq:197]udpslot 0xb4000078648f9580 send hole req to peer 192.168.1.192 port 7552,nattype 0
09-20 07:20:06(523986026788) CFG_TASK INFO: [Cfg_ReqDevSrvItemsFromCloud:3733]ogct 14 get dev serveritem form link body {"METHOD":"3392","SEQID":"14","BODY":{"CompanyID":"0000213ed0cdb8bc","APPID":"1665373297326122","DID":"12000103c0537c93","Language":"2","Items":[{"ConfType":"1","Sign":"0"},{"ConfType":"2","Sign":"0"},{"ConfType":"8","Sign":"0"}]}}
09-20 07:20:06(523986026788) CFG_TASK INFO: [Cfg_ProcPeerDeviceCfg:3978]peer 12000103c0537c93 sync cfg by p2p
09-20 07:20:06(523986026788) CFG_TASK INFO: [Cfg_Task_ProcOwnerCfg:809]ogct 35 start down owner inf
09-20 07:20:06(523986026798) EVENT_TASK INFO: [Event_GetNewEventCount:2774]ogct 36 send req msg {"METHOD":"3534","SEQID":"36","BODY":{"DID":"12000103c0537c93","Dates":["2026-09-20"]},"ChannelNum":"-1"}
09-20 07:20:06(523986026793) TRAS_TASK INFO: [TrasP2PSlot_ProcUdpState:398]udpslot 0xb4000078648f9580 tutn testing to tested status
09-20 07:20:06(7234316413710647593) TRAS_TASK INFO: [TrasBase_OnPortHoleUDPRecv:983]recv msg 32,27
09-20 07:20:06(16681) TRAS_TASK INFO: [Tras_ParseNatTestRsp:215]Recv Nat test rsp: {"METHOD":"201B","SEQID":"12","CODE":"0","BODY":{"NatIP":"183.83.229.60","Port":"9538"}}
09-20 07:20:06(523986026793) TRAS_TASK INFO: [TrasP2PSlot_ProcUdpState:459]udpslot 0xb4000078648f9580 turn tested to proc status peer 192.168.1.192:7552
09-20 07:20:06(16681) CFG_TASK INFO: [Cfg_RcvDownOwnerInfRsp:779]ogct 35 recv down owner info rsp ,nickname  regperiod  code 0 data {"METHOD":"3323","SEQID":"35","CODE":"0","BODY":{"Account":[{"Account":"faiz.ahmed321@gmail.com","AccountType":"1"}],"CountryFromIP":"IN","Icon":"","Name":"","NickName":"","Param":{"City":"","Country":"GB"},"ParentUID":"","RegPeriod":"","RoleType":0}}
09-20 07:20:06(16681) TRAS_TASK INFO: [TrasNat_CheckNat:226]send udp msg to server 129.227.231.210:30195 iret 72
09-20 07:20:06(523986026793) TRAS_TASK INFO: [TrasNat_CheckNatType:423]natInf send msg to port2 30195
09-20 07:20:06(16681) TRAS_TASK INFO: [TrasPeer_SendP2PStatus:516]ogct 39 send msg {"METHOD":"3388","SEQID":"39","BODY":{"P2PStatus":"1","P2PType":"3","PeerNatType":"0","LocalNatType":"0","DID":"12000103c0537c93"}} to server 8
09-20 07:20:06(16681) PID_SA INFO: [FUN_DEVICEP2PRESULT_CB:2936]FUN_DEVICEP2PRESULT_CB did:12000103c0537c93, p2pFlag:1, localNatType:0, peerNatType:0
09-20 07:20:06(16681) TRAS_TASK INFO: [TrasPeer_ProcStatusCbFlag:673]device 12000103c0537c93 udpslot 0xb4000078648f9580 p2p status 1, local NatType:0, ConeType:0, NetType:2
09-20 07:20:06(523986026793) CFG_TASK INFO: [Cfg_RecvDevSrvItemsFromCloudRsp:3530]ogct 14 recv srv dev rsp event id info {"EventIDs":[{"AIIoTType":"1000","AlgorithmID":[],"EventID":"100000","Name":"Motion Detection","OpenFlag":"1"},{"AIIoTType":"1000","AlgorithmID":[],"EventID":"100001","Name":"Human Detection","OpenFlag":"1"},{"AIIoTType":"1096","AlgorithmID":[],"EventID":"109600","Name":"","OpenFlag":"0"},{"AIIoTType":"1097","AlgorithmID":[],"EventID":"109700","Name":"","OpenFlag":"0"},{"AIIoTType":"1029","AlgorithmID":[],"EventID":"102900","Name":"Pet Detection","OpenFlag":"0"},{"AIIoTType":"1083","AlgorithmID":[],"EventID":"108300","Name":"Vehicle Detection","OpenFlag":"0"},{"AIIoTType":"1029","AlgorithmID":[],"EventID":"102902","Name":"","OpenFlag":"0"},{"AIIoTType":"1106","AlgorithmID":[],"EventID":"110600","Name":"","OpenFlag":"0"},{"AIIoTType":"1103","AlgorithmID":[],"EventID":"110300","Name":"","OpenFlag":"0"},{"AIIoTType":"1109","AlgorithmID":[],"EventID":"110900","Name":"","OpenFlag":"0"},{"AIIoTType":"1105","AlgorithmID":[],"EventID":"110500","Name":"","OpenFlag":"0"},{"AIIoTType":"1029","AlgorithmID":[],"EventID":"102906","Name":"","OpenFlag":"0"},{"AIIoTType":"1097","AlgorithmID":[],"EventID":"109701","Name":"","OpenFlag":"0"},{"AIIoTType":"1025","AlgorithmID":[],"EventID":"102500","Name":"","OpenFlag":"0"},{"AIIoTType":"1089","AlgorithmID":[],"EventID":"108901","Name":"","OpenFlag":"0"},{"AIIoTType":"1097","AlgorithmID":[],"EventID":"109702","Name":"","OpenFlag":"0"},{"AIIoTType":"1097","AlgorithmID":[],"EventID":"109703","Name":"","OpenFlag":"0"},{"AIIoTType":"1104","AlgorithmID":[],"EventID":"110400","Name":"","OpenFlag":"0"},{"AIIoTType":"1029","AlgorithmID":[],"EventID":"102903","Name":"","OpenFlag":"0"},{"AIIoTType":"1029","AlgorithmID":[],"EventID":"102904","Name":"","OpenFlag":"0"},{"AIIoTType":"1029","AlgorithmID":[],"EventID":"102905","Name":"","OpenFlag":"0"},{"AIIoTType":"1000","AlgorithmID":[],"EventID":"300008","Name":"","OpenFlag":"0"},{"AIIoTType":"1026","AlgorithmID":[],"Even***
09-20 07:20:06(4189022135118741801) PID_SA INFO: [FUN_DEVICE_CFG_STATUS:1249]FUN_DEVICE_CFG_STATUS pucDeviceId:12000103c0537c93, enDeviceCfgItem:32768
09-20 07:20:06(16681) CFG_TASK INFO: [Cfg_RecvDevSrvItemsFromCloudRsp:3550]ogct 14 recv srv dev rsp app setting {"ClickAlarm":"1","EnCoderID":"0","FullColorMode":"0","JpgResample":"1","LampFlag":"0","LightLevelMode":"1","LightMaxTime":"43200","LowBatteryPolicy":{"DisabledFeatures":[],"Enabled":0,"Threshold":0},"PlayAlertDuration":"0","PlayAlertFlag":"0","PlayLenth":"","PlayRestrictionFlag":"","PriorStreamID":"1","ResampleHight":"1296","ResampleWidth":"2304","ScreenSplit":{"OpenFlag":"","ShownPrecent":"","SplitCamID":""},"Sign":"2016","VideoResample":"0"}
09-20 07:20:06(523986026793) PID_SA INFO: [FUN_DEVICE_CFG_STATUS:1249]FUN_DEVICE_CFG_STATUS pucDeviceId:12000103c0537c93, enDeviceCfgItem:131072
09-20 07:20:06(2305843013508670479) PID_SA INFO: [Java_com_chinatelecom_smarthome_viewer_business_impl_NativeClient_writeLogToFile:118]I/y0: onDeviceConfigUpdate  deviceId is =12000103c0537c93,,,,UNKNOWN
09-20 07:20:06(523986026793) CFG_TASK INFO: [Cfg_RecvDevSrvItemsFromCloudRsp:3569]ogct 14 recv srv dev rsp charge info {"AutoPayStatus":"0","DayExpireFlag":0,"EventExpireFlag":0,"Packages":[]}
09-20 07:20:06(16681) PID_SA INFO: [FUN_DEVICE_CFG_STATUS:1249]FUN_DEVICE_CFG_STATUS pucDeviceId:12000103c0537c93, enDeviceCfgItem:65536
09-20 07:20:06(523986026793) CFG_TASK INFO: [Cfg_RecvDevSrvItemsFromCloudRsp:3588]ogct 14 recv srv dev rsp nodel setting (null)
09-20 07:20:06(523986026793) CFG_TASK INFO: [Cfg_RecvDevSrvItemsFromCloudRsp:3649]ogct 14 recv srv dev rsp items 0 code 0
09-20 07:20:06(9397974483345613839) PID_SA INFO: [Java_com_chinatelecom_smarthome_viewer_business_impl_NativeClient_writeLogToFile:118]DeviceManager: cache TF Card Info
09-20 07:20:06(545460855823) CMD_TASK INFO: [Cmd_GetPeerTfCardInf:830]reqid 40 send GetPeerTfCardInf msg {"METHOD":"344E","SEQID":"40","FROM":{"UserToken":"1600010140c3ad111p3g5jmo63upuvo5"},"TO":{"DID":"12000103c0537c93"}} to peer 12000103c0537c93, iret 0
09-20 07:20:06(545460855823) PID_SA INFO: [Java_com_chinatelecom_smarthome_viewer_business_impl_NativeCommand_getTFCardInfo:394]HM_GetSdCardInf ret = 0 puiReqId = 40
09-20 07:20:06(8062480241177666575) PID_SA INFO: [Java_com_chinatelecom_smarthome_viewer_business_impl_NativeClient_writeLogToFile:118]I/y0: onDeviceConfigUpdate  deviceId is =12000103c0537c93,,,,UNKNOWN
09-20 07:20:06(545460855823) PID_SA INFO: [Java_com_chinatelecom_smarthome_viewer_business_impl_NativeClient_writeLogToFile:118]DeviceManager: cache TF Card Info
09-20 07:20:06(545460855823) CMD_TASK INFO: [Cmd_GetPeerTfCardInf:830]reqid 41 send GetPeerTfCardInf msg {"METHOD":"344E","SEQID":"41","FROM":{"UserToken":"1600010140c3ad111p3g5jmo63upuvo5"},"TO":{"DID":"12000103c0537c93"}} to peer 12000103c0537c93, iret 0
09-20 07:20:06(545460855823) PID_SA INFO: [Java_com_chinatelecom_smarthome_viewer_business_impl_NativeCommand_getTFCardInfo:394]HM_GetSdCardInf ret = 0 puiReqId = 41
09-20 07:20:06(16681) TRAS_TASK INFO: [TrasBase_OnPortHoleUDPRecv:983]recv msg 32,27
09-20 07:20:06(16681) TRAS_TASK INFO: [Tras_ParseNatTestRsp:215]Recv Nat test rsp: {"METHOD":"201B","SEQID":"38","CODE":"0","BODY":{"NatIP":"183.83.229.60","Port":"9538"}}
09-20 07:20:06(12970367459402989865) TRAS_TASK INFO: [TrasNat_CheckNatType:454]natInf check cone type
09-20 07:20:06(16681) EVENT_TASK INFO: [Event_RecvGetNewEventCountRspFromStore:1065]ogct 36 recv rsp json, set new event count 0 day 2026-09-20 msg rsp code 0
09-20 07:20:06(16681) PID_SA INFO: [FUN_NEWEVENT_CB:1601]onNewEventNotify pucDeviceId:12000103c0537c93, uiNewEventCount:0, pucDay:2026-09-20, uiRouterType:2
09-20 07:20:06(12970367455108022564) PID_SA INFO: [FUN_DEVICE_CFG_STATUS:1249]FUN_DEVICE_CFG_STATUS pucDeviceId:12000103c0537c93, enDeviceCfgItem:1
09-20 07:20:06(8062480241177666575) PID_SA INFO: [Java_com_chinatelecom_smarthome_viewer_business_impl_NativeClient_writeLogToFile:118]I/y0: onDeviceConfigUpdate  deviceId is =12000103c0537c93,,,,DEVICE
09-20 07:20:06(16677) CMD_TASK INFO: [Cmd_ProcRecvNetMsg:5738]reqid 40 recv rsp content {"CODE":"0","METHOD":"344F","SEQID":"40","FROM":{"DID":"12000103c0537c93"},"TO":{"UserToken":"1600010140c3ad111p3g5jmo63upuvo5"},"BODY":{"StorageAbility":"1","TotalSize":"0","FreeSize":"0","CardStatus":"2"}}
09-20 07:20:06(16677) PID_SA INFO: [FUN_DEVICE_RSP_GET_TFCARD_INFO:2342]FUN_DEVICE_RSP_GET_TFCARD_INFO uiReqId:40, uiTotalSize:0, uiRemainSize:0, iErr:2
09-20 07:20:06(12970367459402982415) PID_SA INFO: [Java_com_chinatelecom_smarthome_viewer_business_impl_NativeClient_writeLogToFile:118]DeviceManager: deviceId = 12000103c0537c93   get sdcard info errorCode = 2
09-20 07:20:06(523986026793) TRAS_TASK INFO: [TrasBase_OnPortHoleUDPRecv:983]recv msg 32,29
09-20 07:20:06(523986026788) CFG_TASK INFO: [Cfg_ReqDevSrvItemsFromCloud:3733]ogct 42 get dev serveritem form link body {"METHOD":"3392","SEQID":"42","BODY":{"CompanyID":"0000213ed0cdb8bc","APPID":"1665373297326122","DID":"12000103c0537c93","Language":"2","Modules":[{"AIIoTType":"1100","AIIoTID":"0","Sign":"0"},{"AIIoTType":"1093","AIIoTID":"0","Sign":"0"},{"AIIoTType":"1098","AIIoTID":"0","Sign":"0"}]}}
09-20 07:20:06(523986026788) CFG_TASK INFO: [Cfg_SavePeerDeviceItemFile:3093]peerid 12000103c0537c93 dev cfg {"Sign":"1075","EncAbility":"0","OTAAbility":"7","OTAType":"0","WifiSetAbility":"25","EnergyType":"0","AwakeAbility":"0","AOVAbility":"0","SwitchAOVFrameRateAbility":"0","MicVolumeAbility":"0","SIMAbility":"0","OneClickShowAbility":"0","LogCollectAbility":"1","Powersupply":"1","SupplyShowPowerAbility":"0","DualFrequency":"0","ApSetPasswd":"0","TimerOpenAbility":"0","PowerLevel":"100","SdkVersion":"50664832","DevVersion":"YGT.AJ-L33PQ08A1-v241030.1014","OldDevFlag":"0","DevName":"GateCameras","OsType":"1","DevType":"1","AwakeInterval":"0","MaxSessionCnt":"4","AliveSessionCnt":"0","WifiStrength":"0","AutoSync":"1","DevModel":"AJ-L33PQ08A1","SSID":"","MacAddr":"","DstArea":"Asia/Kolkata","Dst":"IST-5:30","DstUseFlag":"1","TimeMode":"0","StatusLedMode":"1","SimSlotCnt":"0","WorkSimSlotId":"0","IMEI":"","Language":"0","PromptSet":"0","ApHasPassWd":"0","AOVFrameInterval":"0","SimSlots":[],"MulMedia":{"Port":"0","Ipv4":"","ReSource":"","EncType":"0","EncKey":"","EncLv":""}}
09-20 07:20:06(523986026788) CFG_TASK INFO: [Cfg_SavePeerDeviceItemFile:3244]peerid 12000103c0537c93 algorithm cfg {"Sign":"0","EventIDs":[{"EventID":"100000","AIIoTType":"1000","OpenFlag":"1","Name":"Motion Detection"},{"EventID":"100001","AIIoTType":"1000","OpenFlag":"1","Name":"Human Detection"},{"EventID":"109600","AIIoTType":"1096","OpenFlag":"0","Name":""},{"EventID":"109700","AIIoTType":"1097","OpenFlag":"0","Name":""},{"EventID":"102900","AIIoTType":"1029","OpenFlag":"0","Name":"Pet Detection"},{"EventID":"108300","AIIoTType":"1083","OpenFlag":"0","Name":"Vehicle Detection"},{"EventID":"102902","AIIoTType":"1029","OpenFlag":"0","Name":""},{"EventID":"110600","AIIoTType":"1106","OpenFlag":"0","Name":""},{"EventID":"110300","AIIoTType":"1103","OpenFlag":"0","Name":""},{"EventID":"110900","AIIoTType":"1109","OpenFlag":"0","Name":""},{"EventID":"110500","AIIoTType":"1105","OpenFlag":"0","Name":""},{"EventID":"102906","AIIoTType":"1029","OpenFlag":"0","Name":""},{"EventID":"109701","AIIoTType":"1097","OpenFlag":"0","Name":""},{"EventID":"102500","AIIoTType":"1025","OpenFlag":"0","Name":""},{"EventID":"108901","AIIoTType":"1089","OpenFlag":"0","Name":""},{"EventID":"109702","AIIoTType":"1097","OpenFlag":"0","Name":""},{"EventID":"109703","AIIoTType":"1097","OpenFlag":"0","Name":""},{"EventID":"110400","AIIoTType":"1104","OpenFlag":"0","Name":""},{"EventID":"102903","AIIoTType":"1029","OpenFlag":"0","Name":""},{"EventID":"102904","AIIoTType":"1029","OpenFlag":"0","Name":""},{"EventID":"102905","AIIoTType":"1029","OpenFlag":"0","Name":""},{"EventID":"300008","AIIoTType":"1000","OpenFlag":"0","Name":""},{"EventID":"102600","AIIoTType":"1026","OpenFlag":"0","Name":""},{"EventID":"100017","AIIoTType":"1000","OpenFlag":"0","Name":"Motion Detection Cross Line"},{"EventID":"102901","AIIoTType":"1029","OpenFlag":"0","Name":""}],"ServiceIDs":[{"OpenFlag":"1","ServiceID":"300027"},{"OpenFlag":"1","ServiceID":"300026"},{"OpenFlag":"0","ServiceID":"300009"},{"OpenFlag":"0","ServiceID":"300008"},{"OpenFlag":"0","Servi***
09-20 07:20:06(523986026788) CFG_TASK INFO: [Cfg_SavePeerDeviceItemFile:3255]peerid 12000103c0537c93 dev app cfg {"Sign":"2016","VideoResample":"0","JpgResample":"1","ResampleHight":"1296","ResampleWidth":"2304","LampFlag":"0","LightMaxTime":"43200","LightLevelMode":"1","PlayRestrictionFlag":"0","PlayLenth":"0","PlayAlertFlag":"0","PlayAlertDuration":"0","ClickAlarm":"1","PriorStreamID":"1","ScreenSplit":{"OpenFlag":"0","SplitCamID":"0","ShownPrecent":"0"},"EncoderID":"0","AutoSwitchMode":"0"}
09-20 07:20:06(523986026788) CFG_TASK INFO: [Cfg_SavePeerDeviceItemFile:3265]peerid 12000103c0537c93 dev chargelist cfg {"Sign":"0","AutoPayStatus":"0","DayExpireFlag":"0","EventExpireFlag":"0","Packages":[]}
09-20 07:20:06(523986026788) CFG_TASK INFO: [Cfg_SetOwnerVCardInf:580]set owner nick name  country GB RegPeriod 
09-20 07:20:06(16676) CFG_TASK INFO: [Cfg_Task_ProcAppVersion:1714]ntc app version ok ntcflag 0 updateflag 0
09-20 07:20:06(16677) CMD_TASK INFO: [Cmd_ProcRecvNetMsg:5738]reqid 41 recv rsp content {"CODE":"0","METHOD":"344F","SEQID":"41","FROM":{"DID":"12000103c0537c93"},"TO":{"UserToken":"1600010140c3ad111p3g5jmo63upuvo5"},"BODY":{"StorageAbility":"1","TotalSize":"0","FreeSize":"0","CardStatus":"2"}}
09-20 07:20:06(16677) PID_SA INFO: [FUN_DEVICE_RSP_GET_TFCARD_INFO:2342]FUN_DEVICE_RSP_GET_TFCARD_INFO uiReqId:41, uiTotalSize:0, uiRemainSize:0, iErr:2
09-20 07:20:06(489626280975) PID_SA INFO: [Java_com_chinatelecom_smarthome_viewer_business_impl_NativeClient_writeLogToFile:118]DeviceManager: deviceId = 12000103c0537c93   get sdcard info errorCode = 2
09-20 07:20:06(523986026793) CFG_TASK INFO: [Cfg_RecvDevSrvItemsFromCloudRsp:3588]ogct 42 recv srv dev rsp nodel setting [{"AIIoTID":"0","AIIoTType":"1100","Buss":null,"OpenFlag":"","Prop":null,"Sign":"","SupportFlag":"0"},{"AIIoTID":"0","AIIoTType":"1093","Buss":{"TimeArea":"","TimeZone":""},"OpenFlag":"0","Prop":null,"Sign":"","SupportFlag":"1"},{"AIIoTID":"0","AIIoTType":"1098","Buss":{},"OpenFlag":"1","Prop":{"EventList":[{"EventID":"108300"},{"EventID":"102900"},{"EventID":"109600"},{"EventID":"109700"}],"bussConfig":{"EventList":[{"EventID":"108300","OpenFlag":"0"},{"EventID":"102900","OpenFlag":"0"},{"EventID":"109600","OpenFlag":"0"},{"EventID":"109700","OpenFlag":"0"}]},"hm_editable":0},"Sign":"","SupportFlag":"1"}]
09-20 07:20:06(523986026793) CFG_TASK INFO: [Cfg_RecvDevSrvItemsFromCloudRsp:3649]ogct 42 recv srv dev rsp items 0 code 0
09-20 07:20:07(16676) PID_SA INFO: [FUN_DEVICE_CFG_STATUS:1249]FUN_DEVICE_CFG_STATUS pucDeviceId:12000103c0537c93, enDeviceCfgItem:0
09-20 07:20:07(8062480241177666575) PID_SA INFO: [Java_com_chinatelecom_smarthome_viewer_business_impl_NativeClient_writeLogToFile:118]I/y0: onDeviceConfigUpdate  deviceId is =12000103c0537c93,,,,ALL
09-20 07:20:07(545460855823) PID_SA INFO: [Java_com_chinatelecom_smarthome_viewer_business_impl_NativeClient_writeLogToFile:118]DeviceManager: cache TF Card Info
09-20 07:20:07(545460855823) CMD_TASK INFO: [Cmd_GetPeerTfCardInf:830]reqid 43 send GetPeerTfCardInf msg {"METHOD":"344E","SEQID":"43","FROM":{"UserToken":"1600010140c3ad111p3g5jmo63upuvo5"},"TO":{"DID":"12000103c0537c93"}} to peer 12000103c0537c93, iret 0
09-20 07:20:07(545460855823) PID_SA INFO: [Java_com_chinatelecom_smarthome_viewer_business_impl_NativeCommand_getTFCardInfo:394]HM_GetSdCardInf ret = 0 puiReqId = 43
09-20 07:20:07(523986026788) CFG_TASK INFO: [Cfg_SavePeerDeviceItemFile:3113]peerid 12000103c0537c93 iots cfg {"PTZAbility":"3","AttachPTZAbility":"0","PTZSpeedAbility":"1","MotionAbility":"1","DoorbellAbility":"0","RecordAbility":"1","PIRAbility":"0","VoiceAlarmAbility":"0","SnapshotAbility":"1","BuzzerAbility":"1","StatusLampAbility":"0","LampAbility":"1","CloudRecordAbility":"0","CloudSnapshotAbility":"1","CameraAbility":"1","EventAbility":"1","SupportCloudFlag":"1","Sign":"123032","IoTS":[{"AIIoTType":"1006","AIIoTID":"0","OpenFlag":"1","Sign":"0"},{"AIIoTType":"1005","AIIoTID":"0","OpenFlag":"1","Sign":"0","Prop":{"SnapLoopFlag":"1","SnapInterval":"180","SnapFullFlag":"0","SnapPicType":"2"}},{"AIIoTType":"1000","AIIoTID":"0","OpenFlag":"1","Sign":"0","Prop":{"Motion":{"Status":"0","Interval":"60","Trace":"0","Sensitive":"50"},"Human":{"Sensitive":"50","Status":"0","Interval":"60","Trace":"0"},"Face":{"Sensitive":"50","Status":"0","Interval":"60","Trace":"0"}}},{"AIIoTType":"1009","AIIoTID":"0","OpenFlag":"1","Sign":"0","Prop":{"Status":"1"}},{"AIIoTType":"1014","AIIoTID":"0","OpenFlag":"1","Sign":"0","Prop":{"IrcutType":"2"}},{"AIIoTType":"1007","AIIoTID":"0","OpenFlag":"1","Sign":"0","Prop":{}},{"AIIoTType":"1002","AIIoTID":"0","OpenFlag":"1","Sign":"0","Prop":{"RecordLoop":"1","RecordFull":"0","StreamID":"0","Duration":"0"}},{"AIIoTType":"1011","AIIoTID":"0","OpenFlag":"1","Sign":"0","Prop":{"GifFlag":"1","GifOpenFlag":"0","Interval":"30","LoopDays":"3","PicType":"2","RecordType":"1","SnapJpgCnt":"1","StorageType":"0","Support":"1","hm_editable":"0"}},{"AIIoTType":"1013","AIIoTID":"0","OpenFlag":"1","Sign":"0","Prop":{"PushFlag":"7","SMSFlag":"1","EmailFlag":"1","Interval":"300","EmailAddr":"","StartTime":"0","EndTime":"86400","SpanFlag":"0","Week":"127"}},{"AIIoTType":"1012","AIIoTID":"0","OpenFlag":"1","Sign":"0"},{"AIIoTType":"1093","AIIoTID":"0","OpenFlag":"1","Sign":"0","Prop":null,"Buss":{"TimeArea":"","TimeZone":""}},{"AIIoTType":"1098","AIIoTID":"0","OpenFlag":"1","Sign":"0","Prop":{"EventLi***
09-20 07:20:07(16676) PID_SA INFO: [FUN_OWNER_CFG_STATUS:2636]FUN_OWNER_CFG_STATUS enUserCfgItem:3
09-20 07:20:07(489626280975) PID_SA INFO: [Java_com_chinatelecom_smarthome_viewer_business_impl_NativeClient_writeLogToFile:118]I/Internal: onOwnerCfgUpdate userId:
09-20 07:20:07(9231) PID_SA INFO: [Java_com_chinatelecom_smarthome_viewer_business_impl_NativeUser_getOwnerVCardInfo:354]uiMarried:0,  uiSex:0, aucMobile:, aucEmail:, aucAddress:,aucBirthday:, aucCity:, aucCountry:GB,aucVMid:, aucNickName:, aucProvice:,aucPhotoProfile:,aucRegPeriod:,
09-20 07:20:07(16676) CFG_TASK INFO: [Cfg_Task_ProcOwnerCfg:852]ogct 44 start upload owner info
09-20 07:20:07(16677) CMD_TASK INFO: [Cmd_ProcRecvNetMsg:5738]reqid 43 recv rsp content {"CODE":"0","METHOD":"344F","SEQID":"43","FROM":{"DID":"12000103c0537c93"},"TO":{"UserToken":"1600010140c3ad111p3g5jmo63upuvo5"},"BODY":{"StorageAbility":"1","TotalSize":"0","FreeSize":"0","CardStatus":"2"}}
09-20 07:20:07(16677) PID_SA INFO: [FUN_DEVICE_RSP_GET_TFCARD_INFO:2342]FUN_DEVICE_RSP_GET_TFCARD_INFO uiReqId:43, uiTotalSize:0, uiRemainSize:0, iErr:2
09-20 07:20:07(489626280975) PID_SA INFO: [Java_com_chinatelecom_smarthome_viewer_business_impl_NativeClient_writeLogToFile:118]DeviceManager: deviceId = 12000103c0537c93   get sdcard info errorCode = 2
09-20 07:20:07(16681) CFG_TASK INFO: [Cfg_RecvUpOwnerInfRsp:794]ogct 44 recv upload owner info rsp
09-20 07:20:07(12970367455108022564) CFG_TASK INFO: [Cfg_ProcDevCfgChangeNotice:1158]recv devcfg 12000103c0537c93 from link_server OldFlg 0 cfg item 0 changed notice
09-20 07:20:07(12970367455108022564) CFG_TASK INFO: [Cfg_ParseRecvNetData:1502]recv msgtype 37 msgid 42
09-20 07:20:07(523986026788) CFG_TASK INFO: [Cfg_ReqDevSrvItemsFromCloud:3733]ogct 45 get dev serveritem form link body {"METHOD":"3392","SEQID":"45","BODY":{"CompanyID":"0000213ed0cdb8bc","APPID":"1665373297326122","DID":"12000103c0537c93","Language":"2","Modules":[{"AIIoTType":"1200","AIIoTID":"0","Sign":"0"}]}}
09-20 07:20:07(16681) CFG_TASK INFO: [Cfg_RecvDevSrvItemsFromCloudRsp:3588]ogct 45 recv srv dev rsp nodel setting [{"AIIoTID":"0","AIIoTType":"1200","Buss":{"Language":"2"},"OpenFlag":"1","Prop":null,"Sign":"","SupportFlag":"0"}]
09-20 07:20:07(16681) CFG_TASK INFO: [Cfg_RecvDevSrvItemsFromCloudRsp:3649]ogct 45 recv srv dev rsp items 0 code 0
09-20 07:20:08(523986026788) CFG_TASK INFO: [Cfg_SavePeerDeviceItemFile:3113]peerid 12000103c0537c93 iots cfg {"PTZAbility":"3","AttachPTZAbility":"0","PTZSpeedAbility":"1","MotionAbility":"1","DoorbellAbility":"0","RecordAbility":"1","PIRAbility":"0","VoiceAlarmAbility":"0","SnapshotAbility":"1","BuzzerAbility":"1","StatusLampAbility":"0","LampAbility":"1","CloudRecordAbility":"0","CloudSnapshotAbility":"1","CameraAbility":"1","EventAbility":"1","SupportCloudFlag":"1","Sign":"123032","IoTS":[{"AIIoTType":"1006","AIIoTID":"0","OpenFlag":"1","Sign":"0"},{"AIIoTType":"1005","AIIoTID":"0","OpenFlag":"1","Sign":"0","Prop":{"SnapLoopFlag":"1","SnapInterval":"180","SnapFullFlag":"0","SnapPicType":"2"}},{"AIIoTType":"1000","AIIoTID":"0","OpenFlag":"1","Sign":"0","Prop":{"Motion":{"Status":"0","Interval":"60","Trace":"0","Sensitive":"50"},"Human":{"Sensitive":"50","Status":"0","Interval":"60","Trace":"0"},"Face":{"Sensitive":"50","Status":"0","Interval":"60","Trace":"0"}}},{"AIIoTType":"1009","AIIoTID":"0","OpenFlag":"1","Sign":"0","Prop":{"Status":"1"}},{"AIIoTType":"1014","AIIoTID":"0","OpenFlag":"1","Sign":"0","Prop":{"IrcutType":"2"}},{"AIIoTType":"1007","AIIoTID":"0","OpenFlag":"1","Sign":"0","Prop":{}},{"AIIoTType":"1002","AIIoTID":"0","OpenFlag":"1","Sign":"0","Prop":{"RecordLoop":"1","RecordFull":"0","StreamID":"0","Duration":"0"}},{"AIIoTType":"1011","AIIoTID":"0","OpenFlag":"1","Sign":"0","Prop":{"GifFlag":"1","GifOpenFlag":"0","Interval":"30","LoopDays":"3","PicType":"2","RecordType":"1","SnapJpgCnt":"1","StorageType":"0","Support":"1","hm_editable":"0"}},{"AIIoTType":"1013","AIIoTID":"0","OpenFlag":"1","Sign":"0","Prop":{"PushFlag":"7","SMSFlag":"1","EmailFlag":"1","Interval":"300","EmailAddr":"","StartTime":"0","EndTime":"86400","SpanFlag":"0","Week":"127"}},{"AIIoTType":"1012","AIIoTID":"0","OpenFlag":"1","Sign":"0"},{"AIIoTType":"1093","AIIoTID":"0","OpenFlag":"1","Sign":"0","Prop":null,"Buss":{"TimeArea":"","TimeZone":""}},{"AIIoTType":"1098","AIIoTID":"0","OpenFlag":"1","Sign":"0","Prop":{"EventLi***
09-20 07:20:08(16602) PID_SA INFO: [Java_com_chinatelecom_smarthome_viewer_business_impl_NativeClient_writeLogToFile:118]E/GlobalDataManager: cached report upload failed, key:data_1778477556290, retry:2, discarded:false
09-20 07:20:09(16602) PID_SA INFO: [Java_com_chinatelecom_smarthome_viewer_business_impl_NativeClient_writeLogToFile:118]E/GlobalDataManager: cached report upload failed, key:data_1778477556297, retry:2, discarded:false
09-20 07:20:09(16602) PID_SA INFO: [Java_com_chinatelecom_smarthome_viewer_business_impl_NativeClient_writeLogToFile:118]E/GlobalDataManager: cached report upload failed, key:data_1778477620644, retry:2, discarded:false
09-20 07:20:09(545460855823) ZJ_TASK INFO: [ZJ_GetSupportAccoutTypList:306]ogct 46 get support regist accout types iRet 0
09-20 07:20:10(9231) PID_SA INFO: [Java_com_chinatelecom_smarthome_viewer_business_impl_NativeUser_getOwnerVCardInfo:354]uiMarried:0,  uiSex:0, aucMobile:, aucEmail:, aucAddress:,aucBirthday:, aucCity:, aucCountry:GB,aucVMid:, aucNickName:, aucProvice:,aucPhotoProfile:,aucRegPeriod:,
09-20 07:20:10(12884918896) PID_SA INFO: [Java_com_chinatelecom_smarthome_viewer_business_impl_NativeClient_writeLogToFile:118]I/AdViewModel: fetchAppDomains start
09-20 07:20:10(17008) PID_SA INFO: [Java_com_chinatelecom_smarthome_viewer_business_impl_NativeClient_writeLogToFile:118]I/AdViewModel: CareMainActivity AdViewModel.fetchAdList()
09-20 07:20:10(17008) PID_SA INFO: [Java_com_chinatelecom_smarthome_viewer_business_impl_NativeClient_writeLogToFile:118]I/AdViewModel: fetchAdList start
09-20 07:20:10(17008) PID_SA INFO: [Java_com_chinatelecom_smarthome_viewer_business_impl_NativeClient_writeLogToFile:118]I/AdViewModel: cachedAdListData is not empty, skip local restore
09-20 07:20:10(528280994416) PID_SA INFO: [Java_com_chinatelecom_smarthome_viewer_business_impl_NativeClient_writeLogToFile:118]I/HmAdManager: getAdQuestStatus mIsLoginRequest=false
09-20 07:20:10(528280994416) PID_SA INFO: [Java_com_chinatelecom_smarthome_viewer_business_impl_NativeClient_writeLogToFile:118]I/AdViewModel: fetchAdList skip, already requested
09-20 07:20:10(8062480241177674352) PID_SA INFO: [Java_com_chinatelecom_smarthome_viewer_business_impl_NativeClient_writeLogToFile:118]HmAdManager: updateAd==isClean:false，isShowAd：true
09-20 07:20:10(528280994416) PID_SA INFO: [Java_com_chinatelecom_smarthome_viewer_business_impl_NativeUser_GetDomainAddr:1672]HM_GetDomainAddr ret = 0,  aucSvrDomain:, aucWebDomain:, aucLogDomain:, aucAlexaDomain:
09-20 07:20:10(17008) PID_SA INFO: [Java_com_chinatelecom_smarthome_viewer_business_impl_NativeClient_writeLogToFile:118]I/HmHostConfig: hostInfo:{svrHost:,webHost:,logHost:,alexaHost:}
09-20 07:20:10(9231) PID_SA INFO: [Java_com_chinatelecom_smarthome_viewer_business_impl_NativeClient_writeLogToFile:118]I/GooglePayManagerV2: startConnection billingClient.isReady=true retry=true funcId= hasCallback=false
09-20 07:20:10(9231) PID_SA INFO: [Java_com_chinatelecom_smarthome_viewer_business_impl_NativeClient_writeLogToFile:118]I/GooglePayManagerV2: startConnection reuse ready client, begin checkPendingPurchases
09-20 07:20:10(9231) PID_SA INFO: [Java_com_chinatelecom_smarthome_viewer_business_impl_NativeClient_writeLogToFile:118]I/GooglePayManagerV2: checkPendingPurchases start retry=true funcId= hasCallback=false
09-20 07:20:10(8062480241177674352) PID_SA INFO: [Java_com_chinatelecom_smarthome_viewer_business_impl_NativeClient_writeLogToFile:118]AdList: AdvertisingRequst(id=, adcode=pro_Android_en_list_banner,pro_Android_en_qiandao,pro_Android_en_Me,pro_Android_en_alert_banner,pro_Android_en_Me_banner4,pro_Android_en_Me_Full_banner,pro_Android_en_Me_left_half_banner,pro_Android_en_Me_right_half_banner,pro_Android_en_cloud_Native2,Android_en_sale_window, width=1080, height=2400, appver=2.9.37, appid=1593592778513070, companyid=0000213ed0cdb8bc, countryCode=GB, platform=2, lang=2, uid=1600010140c3ad11)
09-20 07:20:10(17008) PID_SA INFO: [Java_com_chinatelecom_smarthome_viewer_business_impl_NativeClient_writeLogToFile:118]I/HmAdManager: posCode:home_interstitial,activity:CareMainActivity
09-20 07:20:10(5066592530481776) PID_SA INFO: [Java_com_chinatelecom_smarthome_viewer_business_impl_NativeClient_writeLogToFile:118]I/HmAdManager: getCachedAdListData from memory, size=4
09-20 07:20:10(17008) PID_SA INFO: [Java_com_chinatelecom_smarthome_viewer_business_impl_NativeClient_writeLogToFile:118]I/HmAdManager: getAdDataByStrategy: adPositionKey=pro_Android_en_List_Interstitial not found
09-20 07:20:10(17008) PID_SA INFO: [Java_com_chinatelecom_smarthome_viewer_business_impl_NativeClient_writeLogToFile:118]I/HmAdManager: loadInterstitialAd posCode:home_interstitial,adModel:ImageTitleBean{imageUrl='null', title='null', imageId=0, clickUrl='null', adsource='', adsourcecode='', skip=0, skip_type=0, click=0, show_time_length=0, adcode='', isDowload=false, jumpType='null', adtype=0, req_ad_timeout=0, strategy_type=-1, rule_conf=null, after_click_action=null, rule_update_times=0, showPrice='null', price='null', unit='null', currency_symbol='null', adId='null', page_name='null'}
09-20 07:20:10(16722) PID_SA INFO: [Java_com_chinatelecom_smarthome_viewer_business_impl_NativeClient_writeLogToFile:118]I/CurlLogger: cURL -X POST -H "Content-Type: application/json; charset=UTF-8"  -d '{"adcode":"pro_Android_en_list_banner,pro_Android_en_qiandao,pro_Android_en_Me,pro_Android_en_alert_banner,pro_Android_en_Me_banner4,pro_Android_en_Me_Full_banner,pro_Android_en_Me_left_half_banner,pro_Android_en_Me_right_half_banner,pro_Android_en_cloud_Native2,Android_en_sale_window","appid":"1593592778513070","appver":"2.9.37","companyid":"0000213ed0cdb8bc","countryCode":"GB","height":"2400","id":"","lang":"2","platform":"2","uid":"1600010140c3ad11","width":"1080"}' "https://exsvr.smartcloudcon.com/carewebin/store/getadlist/v2" -L
09-20 07:20:10(16681) ZJ_TASK INFO: [ZJ_RecvRegistAccoutTypesRsp:291]ogct 46 recv rsp code 0 
09-20 07:20:10(9231) PID_SA INFO: [Java_com_chinatelecom_smarthome_viewer_business_impl_NativeClient_writeLogToFile:118]I/DeviceList: dispatchAction:com.huiyun.care.viewer.main.deviceList.a$a@5d5f25f
09-20 07:20:10(545460855823) PID_SA INFO: [Java_com_chinatelecom_smarthome_viewer_business_impl_NativeClient_writeLogToFile:118]I/DeviceList: dispatchAction:RequestUserCouponStatus
09-20 07:20:10(523986027131) PID_SA INFO: [Java_com_chinatelecom_smarthome_viewer_business_impl_NativeUser_GetDomainAddr:1672]HM_GetDomainAddr ret = 0,  aucSvrDomain:, aucWebDomain:, aucLogDomain:, aucAlexaDomain:
09-20 07:20:10(17019) PID_SA INFO: [Java_com_chinatelecom_smarthome_viewer_business_impl_NativeClient_writeLogToFile:118]I/HmHostConfig: hostInfo:{svrHost:,webHost:,logHost:,alexaHost:}
09-20 07:20:10(9231) PID_SA INFO: [Java_com_chinatelecom_smarthome_viewer_business_impl_NativeClient_writeLogToFile:118]I/MsgFragmentV2: initDeviceControlObserve device id:null,name:null
09-20 07:20:10(16604) PID_SA INFO: [Java_com_chinatelecom_smarthome_viewer_business_impl_NativeClient_writeLogToFile:118]I/initCalendarDate: oldDay:2026-08-21,index:30,split:[2026, 08, 21]
09-20 07:20:10(532575961308) PID_SA INFO: [Java_com_chinatelecom_smarthome_viewer_business_impl_NativeClient_writeLogToFile:118]I/initCalendarDate: oldDay:2026-08-22,index:29,split:[2026, 08, 22]
09-20 07:20:10(532575961308) PID_SA INFO: [Java_com_chinatelecom_smarthome_viewer_business_impl_NativeClient_writeLogToFile:118]I/initCalendarDate: oldDay:2026-08-23,index:28,split:[2026, 08, 23]
09-20 07:20:10(532575961308) PID_SA INFO: [Java_com_chinatelecom_smarthome_viewer_business_impl_NativeClient_writeLogToFile:118]I/initCalendarDate: oldDay:2026-08-24,index:27,split:[2026, 08, 24]
09-20 07:20:10(532575961308) PID_SA INFO: [Java_com_chinatelecom_smarthome_viewer_business_impl_NativeClient_writeLogToFile:118]I/initCalendarDate: oldDay:2026-08-25,index:26,split:[2026, 08, 25]
09-20 07:20:10(532575961308) PID_SA INFO: [Java_com_chinatelecom_smarthome_viewer_business_impl_NativeClient_writeLogToFile:118]I/initCalendarDate: oldDay:2026-08-26,index:25,split:[2026, 08, 26]
09-20 07:20:10(532575961308) PID_SA INFO: [Java_com_chinatelecom_smarthome_viewer_business_impl_NativeClient_writeLogToFile:118]I/initCalendarDate: oldDay:2026-08-27,index:24,split:[2026, 08, 27]
09-20 07:20:10(532575961308) PID_SA INFO: [Java_com_chinatelecom_smarthome_viewer_business_impl_NativeClient_writeLogToFile:118]I/initCalendarDate: oldDay:2026-08-28,index:23,split:[2026, 08, 28]
09-20 07:20:10(532575961308) PID_SA INFO: [Java_com_chinatelecom_smarthome_viewer_business_impl_NativeClient_writeLogToFile:118]I/initCalendarDate: oldDay:2026-08-29,index:22,split:[2026, 08, 29]
09-20 07:20:10(532575961308) PID_SA INFO: [Java_com_chinatelecom_smarthome_viewer_business_impl_NativeClient_writeLogToFile:118]I/initCalendarDate: oldDay:2026-08-30,index:21,split:[2026, 08, 30]
09-20 07:20:10(532575961308) PID_SA INFO: [Java_com_chinatelecom_smarthome_viewer_business_impl_NativeClient_writeLogToFile:118]I/initCalendarDate: oldDay:2026-08-31,index:20,split:[2026, 08, 31]
09-20 07:20:10(532575961308) PID_SA INFO: [Java_com_chinatelecom_smarthome_viewer_business_impl_NativeClient_writeLogToFile:118]I/initCalendarDate: oldDay:2026-09-01,index:19,split:[2026, 09, 01]
09-20 07:20:10(532575961308) PID_SA INFO: [Java_com_chinatelecom_smarthome_viewer_business_impl_NativeClient_writeLogToFile:118]I/initCalendarDate: oldDay:2026-09-02,index:18,split:[2026, 09, 02]
09-20 07:20:10(532575961308) PID_SA INFO: [Java_com_chinatelecom_smarthome_viewer_business_impl_NativeClient_writeLogToFile:118]I/initCalendarDate: oldDay:2026-09-03,index:17,split:[2026, 09, 03]
09-20 07:20:10(532575961308) PID_SA INFO: [Java_com_chinatelecom_smarthome_viewer_business_impl_NativeClient_writeLogToFile:118]I/initCalendarDate: oldDay:2026-09-04,index:16,split:[2026, 09, 04]
09-20 07:20:10(532575961308) PID_SA INFO: [Java_com_chinatelecom_smarthome_viewer_business_impl_NativeClient_writeLogToFile:118]I/initCalendarDate: oldDay:2026-09-05,index:15,split:[2026, 09, 05]
09-20 07:20:10(532575961308) PID_SA INFO: [Java_com_chinatelecom_smarthome_viewer_business_impl_NativeClient_writeLogToFile:118]I/initCalendarDate: oldDay:2026-09-06,index:14,split:[2026, 09, 06]
09-20 07:20:10(532575961308) PID_SA INFO: [Java_com_chinatelecom_smarthome_viewer_business_impl_NativeClient_writeLogToFile:118]I/initCalendarDate: oldDay:2026-09-07,index:13,split:[2026, 09, 07]
09-20 07:20:10(532575961308) PID_SA INFO: [Java_com_chinatelecom_smarthome_viewer_business_impl_NativeClient_writeLogToFile:118]I/initCalendarDate: oldDay:2026-09-08,index:12,split:[2026, 09, 08]
09-20 07:20:10(532575961308) PID_SA INFO: [Java_com_chinatelecom_smarthome_viewer_business_impl_NativeClient_writeLogToFile:118]I/initCalendarDate: oldDay:2026-09-09,index:11,split:[2026, 09, 09]
09-20 07:20:10(532575961308) PID_SA INFO: [Java_com_chinatelecom_smarthome_viewer_business_impl_NativeClient_writeLogToFile:118]I/initCalendarDate: oldDay:2026-09-10,index:10,split:[2026, 09, 10]
09-20 07:20:10(532575961308) PID_SA INFO: [Java_com_chinatelecom_smarthome_viewer_business_impl_NativeClient_writeLogToFile:118]I/initCalendarDate: oldDay:2026-09-11,index:9,split:[2026, 09, 11]
09-20 07:20:10(532575961308) PID_SA INFO: [Java_com_chinatelecom_smarthome_viewer_business_impl_NativeClient_writeLogToFile:118]I/initCalendarDate: oldDay:2026-09-12,index:8,split:[2026, 09, 12]
09-20 07:20:10(532575961308) PID_SA INFO: [Java_com_chinatelecom_smarthome_viewer_business_impl_NativeClient_writeLogToFile:118]I/initCalendarDate: oldDay:2026-09-13,index:7,split:[2026, 09, 13]
09-20 07:20:10(528280994012) PID_SA INFO: [Java_com_chinatelecom_smarthome_viewer_business_impl_NativeClient_writeLogToFile:118]I/initCalendarDate: oldDay:2026-09-14,index:6,split:[2026, 09, 14]
09-20 07:20:10(532575961308) PID_SA INFO: [Java_com_chinatelecom_smarthome_viewer_business_impl_NativeClient_writeLogToFile:118]I/initCalendarDate: oldDay:2026-09-15,index:5,split:[2026, 09, 15]
09-20 07:20:10(532575961308) PID_SA INFO: [Java_com_chinatelecom_smarthome_viewer_business_impl_NativeClient_writeLogToFile:118]I/initCalendarDate: oldDay:2026-09-16,index:4,split:[2026, 09, 16]
09-20 07:20:10(532575961308) PID_SA INFO: [Java_com_chinatelecom_smarthome_viewer_business_impl_NativeClient_writeLogToFile:118]I/initCalendarDate: oldDay:2026-09-17,index:3,split:[2026, 09, 17]
09-20 07:20:10(532575961308) PID_SA INFO: [Java_com_chinatelecom_smarthome_viewer_business_impl_NativeClient_writeLogToFile:118]I/initCalendarDate: oldDay:2026-09-18,index:2,split:[2026, 09, 18]
09-20 07:20:10(532575961308) PID_SA INFO: [Java_com_chinatelecom_smarthome_viewer_business_impl_NativeClient_writeLogToFile:118]I/initCalendarDate: oldDay:2026-09-19,index:1,split:[2026, 09, 19]
09-20 07:20:10(532575961308) PID_SA INFO: [Java_com_chinatelecom_smarthome_viewer_business_impl_NativeClient_writeLogToFile:118]I/initCalendarDate: oldDay:2026-09-20,index:0,split:[2026, 09, 20]
09-20 07:20:10(17011) PID_SA INFO: [Java_com_chinatelecom_smarthome_viewer_business_impl_NativeClient_writeLogToFile:118]I/GooglePayManagerV2: checkPendingPurchases INAPP billingResult = Response Code: OK, Debug Message:  size = 0
09-20 07:20:10(545460855823) PID_SA INFO: [Java_com_chinatelecom_smarthome_viewer_business_impl_NativeUser_GetDomainAddr:1672]HM_GetDomainAddr ret = 0,  aucSvrDomain:, aucWebDomain:, aucLogDomain:, aucAlexaDomain:
09-20 07:20:10(9231) PID_SA INFO: [Java_com_chinatelecom_smarthome_viewer_business_impl_NativeClient_writeLogToFile:118]I/HmHostConfig: hostInfo:{svrHost:,webHost:,logHost:,alexaHost:}
09-20 07:20:10(545460855823) PID_SA INFO: [Java_com_chinatelecom_smarthome_viewer_business_impl_NativeUser_GetDomainAddr:1672]HM_GetDomainAddr ret = 0,  aucSvrDomain:, aucWebDomain:, aucLogDomain:, aucAlexaDomain:
09-20 07:20:10(9231) PID_SA INFO: [Java_com_chinatelecom_smarthome_viewer_business_impl_NativeClient_writeLogToFile:118]I/HmHostConfig: hostInfo:{svrHost:,webHost:,logHost:,alexaHost:}
09-20 07:20:10(545460855823) PID_SA INFO: [Java_com_chinatelecom_smarthome_viewer_business_impl_NativeUser_GetDomainAddr:1672]HM_GetDomainAddr ret = 0,  aucSvrDomain:, aucWebDomain:, aucLogDomain:, aucAlexaDomain:
09-20 07:20:10(9231) PID_SA INFO: [Java_com_chinatelecom_smarthome_viewer_business_impl_NativeClient_writeLogToFile:118]I/HmHostConfig: hostInfo:{svrHost:,webHost:,logHost:,alexaHost:}
09-20 07:20:10(523986026797) cos ERR: [Cand_DirOpen:233]opendir pucDirName:/storage/emulated/0/Android/data/com.huiyun.care.viewerpro.googleplay/files/Care/timesicon
09-20 07:20:10(16685) DP_MNG ERR: [DiskSpace_GetSubDirCacheSize:68]dir /storage/emulated/0/Android/data/com.huiyun.care.viewerpro.googleplay/files/Care/timesicon open fail errno 2 
09-20 07:20:10(523986026797) cos ERR: [Cand_DirOpen:233]opendir pucDirName:/storage/emulated/0/Android/data/com.huiyun.care.viewerpro.googleplay/files/Care/cloud
09-20 07:20:10(16685) DP_MNG ERR: [DiskSpace_GetSubDirCacheSize:68]dir /storage/emulated/0/Android/data/com.huiyun.care.viewerpro.googleplay/files/Care/cloud open fail errno 2 
09-20 07:20:10(523986026797) PID_SA INFO: [FUN_GET_DISKCACHESIZE:2220]FUN_GET_DISKCACHESIZE uiReqId:47, uiCacheSize:0
09-20 07:20:10(523986026797) DP_MNG INFO: [DiskSpace_ProcGetSizeMsg:118]reqid 47 get disk cache size 0
09-20 07:20:10(545460855823) PID_SA INFO: [Java_com_chinatelecom_smarthome_viewer_business_impl_NativeUser_GetDomainAddr:1672]HM_GetDomainAddr ret = 0,  aucSvrDomain:, aucWebDomain:, aucLogDomain:, aucAlexaDomain:
09-20 07:20:10(9231) PID_SA INFO: [Java_com_chinatelecom_smarthome_viewer_business_impl_NativeClient_writeLogToFile:118]I/HmHostConfig: hostInfo:{svrHost:,webHost:,logHost:,alexaHost:}
09-20 07:20:10(9231) PID_SA INFO: [Java_com_chinatelecom_smarthome_viewer_business_impl_NativeClient_writeLogToFile:118]I/PackageViewModel: play ON_START code: -10000,payRetainType:0,isWeChatPaying:false
09-20 07:20:10(545460855823) PID_SA INFO: [Java_com_chinatelecom_smarthome_viewer_business_impl_NativeClient_writeLogToFile:118]I/BaseActivity: onResume==mIsShowAd:false//activity is CareMainActivity
09-20 07:20:10(9231) PID_SA INFO: [Java_com_chinatelecom_smarthome_viewer_business_impl_NativeUser_getOwnerVCardInfo:354]uiMarried:0,  uiSex:0, aucMobile:, aucEmail:, aucAddress:,aucBirthday:, aucCity:, aucCountry:GB,aucVMid:, aucNickName:, aucProvice:,aucPhotoProfile:,aucRegPeriod:,
09-20 07:20:10(9231) PID_SA INFO: [Java_com_chinatelecom_smarthome_viewer_business_impl_NativeClient_writeLogToFile:118]I/DeviceList: dispatchAction:RequestMarketAd
09-20 07:20:10(9231) PID_SA INFO: [Java_com_chinatelecom_smarthome_viewer_business_impl_NativeClient_writeLogToFile:118]AdList: AdvertisingRequst(id=, adcode=Android_en_sale_window, width=1080, height=2400, appver=2.9.37, appid=1593592778513070, companyid=0000213ed0cdb8bc, countryCode=GB, platform=2, lang=2, uid=1600010140c3ad11)
09-20 07:20:10(9231) PID_SA INFO: [Java_com_chinatelecom_smarthome_viewer_business_impl_NativeClient_writeLogToFile:118]I/PackageViewModel: play ON_RESUME code: -10000,payRetainType:0
09-20 07:20:10(9231) PID_SA INFO: [Java_com_chinatelecom_smarthome_viewer_business_impl_NativeClient_writeLogToFile:118]I/PaymentManager: payResultCode:-10000, orderInfo is null:true, isAlipaySubscriptionPaying:false
09-20 07:20:10(17028) PID_SA INFO: [Java_com_chinatelecom_smarthome_viewer_business_impl_NativeClient_writeLogToFile:118]I/CurlLogger: cURL -X POST -H "Content-Type: application/json; charset=UTF-8"  -d '{"adcode":"Android_en_sale_window","appid":"1593592778513070","appver":"2.9.37","companyid":"0000213ed0cdb8bc","countryCode":"GB","height":"2400","id":"","lang":"2","platform":"2","uid":"1600010140c3ad11","width":"1080"}' "https://exsvr.smartcloudcon.com/carewebin/store/getadlist/v2" -L
09-20 07:20:10(536870921231) PID_SA INFO: [Java_com_chinatelecom_smarthome_viewer_business_impl_NativeClient_writeLogToFile:118]onInitPushSuccess: regid = eTaw3UHwT7yXDsUUjIDjw_:APA91bGOPrHHfPX6BI8lyu8Xuh2S_tcCJ1X6J2fTnbEulnllK4sV-ag66RoIN9ctFMucYPCZ7nWJDLxUD71DTrCmEUFuwrP9Ejga3KAQWdqdxzB2QJfr-f8
09-20 07:20:10(9231) ZJ_TASK INFO: [ZJ_SetPushToken:1024]ogct 48 set pushtoken eTaw3UHwT7yXDsUUjIDjw_:APA91bGOPrHHfPX6BI8lyu8Xuh2S_tcCJ1X6J2fTnbEulnllK4sV-ag66RoIN9ctFMucYPCZ7nWJDLxUD71DTrCmEUFuwrP9Ejga3KAQWdqdxzB2QJfr-f8 iRet 0
09-20 07:20:10(528280994010) PID_SA INFO: [Java_com_chinatelecom_smarthome_viewer_business_impl_NativeUser_GetDomainAddr:1672]HM_GetDomainAddr ret = 0,  aucSvrDomain:, aucWebDomain:, aucLogDomain:, aucAlexaDomain:
09-20 07:20:10(536870921231) PID_SA INFO: [Java_com_chinatelecom_smarthome_viewer_business_impl_NativeClient_writeLogToFile:118]Internal: onGetAccoutTypeList=requestId:46,errorCode:0//regAccoutTypeList:[RegisterAccountTypeId(type=1), RegisterAccountTypeId(type=2)]
09-20 07:20:10(528280994010) PID_SA INFO: [Java_com_chinatelecom_smarthome_viewer_business_impl_NativeClient_writeLogToFile:118]I/HmHostConfig: hostInfo:{svrHost:,webHost:,logHost:,alexaHost:}
09-20 07:20:10(16681) PID_SA INFO: [FUN_DEVICE_COMMON_RSP:1216]FUN_DEVICE_COMMON_RSP uiReqId:48, iErr:0
09-20 07:20:10(523986026793) ZJ_TASK INFO: [ZJ_UserProcSetPushTokenRsp:1001]ogct 48 recv rsp code 0 
09-20 07:20:10(16602) PID_SA INFO: [Java_com_chinatelecom_smarthome_viewer_business_impl_NativeClient_writeLogToFile:118]I/AdViewModel: getAppDomains isSuccessful=true
09-20 07:20:10(9231) PID_SA INFO: [Java_com_chinatelecom_smarthome_viewer_business_impl_NativeClient_writeLogToFile:118]I/AdViewModel: fetchAppDomains success, v3WebRouterEmpty=false
09-20 07:20:10(523986027131) PID_SA INFO: [Java_com_chinatelecom_smarthome_viewer_business_impl_NativeUser_GetDomainAddr:1672]HM_GetDomainAddr ret = 0,  aucSvrDomain:, aucWebDomain:, aucLogDomain:, aucAlexaDomain:
09-20 07:20:10(17019) PID_SA INFO: [Java_com_chinatelecom_smarthome_viewer_business_impl_NativeClient_writeLogToFile:118]I/HmHostConfig: hostInfo:{svrHost:,webHost:,logHost:,alexaHost:}
09-20 07:20:10(9231) PID_SA INFO: [Java_com_chinatelecom_smarthome_viewer_business_impl_NativeClient_writeLogToFile:118]I/HmAdManager: getCachedAdListData from memory, size=4
09-20 07:20:10(9231) PID_SA INFO: [Java_com_chinatelecom_smarthome_viewer_business_impl_NativeClient_writeLogToFile:118]I/HmAdManager: getAdDataByStrategy: adPositionKey= not found
09-20 07:20:11(17013) PID_SA INFO: [Java_com_chinatelecom_smarthome_viewer_business_impl_NativeClient_writeLogToFile:118]I/GooglePayManagerV2: checkPendingPurchases SUBS billingResult = Response Code: OK, Debug Message:  size = 0
09-20 07:20:11(9231) ZJ_TASK INFO: [ZJ_RefreshDevicesStatus:612]ogct 49 refresh all devices status iRet 0
09-20 07:20:11(9231) PID_SA INFO: [Java_com_chinatelecom_smarthome_viewer_business_impl_NativeClient_writeLogToFile:118]I/DeviceList: dispatchAction:RequestAllAd
09-20 07:20:11(536870928707) PID_SA INFO: [Java_com_chinatelecom_smarthome_viewer_business_impl_NativeClient_writeLogToFile:118]I/DeviceBean: getDeviceName:GateCameras
09-20 07:20:11(536870921231) PID_SA INFO: [Java_com_chinatelecom_smarthome_viewer_business_impl_NativeClient_writeLogToFile:118]AdList: AdvertisingRequst(id=, adcode=pro_Android_en_list_banner, width=1080, height=2400, appver=2.9.37, appid=1593592778513070, companyid=0000213ed0cdb8bc, countryCode=GB, platform=2, lang=2, uid=1600010140c3ad11)
09-20 07:20:11(545460855823) PID_SA INFO: [Java_com_chinatelecom_smarthome_viewer_business_impl_NativeClient_writeLogToFile:118]I/HmAdManager: getCachedAdListData from memory, size=4
09-20 07:20:11(9231) PID_SA INFO: [Java_com_chinatelecom_smarthome_viewer_business_impl_NativeClient_writeLogToFile:118]I/HmAdManager: getAdDataByStrategy: adPositionKey=pro_Android_en_Native1 lastCountDate:2026-09-20,now:1789869011157,today:2026-09-20,displayMaxTimes:0
09-20 07:20:11(9231) PID_SA INFO: [Java_com_chinatelecom_smarthome_viewer_business_impl_NativeClient_writeLogToFile:118]I/HmAdManager: currentAdType: 3
09-20 07:20:11(528280986639) PID_SA INFO: [Java_com_chinatelecom_smarthome_viewer_business_impl_NativeClient_writeLogToFile:118]I/HmAdManager: lastShowTime: 0
09-20 07:20:11(545460855823) PID_SA INFO: [Java_com_chinatelecom_smarthome_viewer_business_impl_NativeClient_writeLogToFile:118]I/HmAdManager: loadHomeBannerAD==isAdBuyNoShowad:false,Model:ImageTitleBean{imageUrl='null', title='null', imageId=0, clickUrl='null', adsource='applovin', adsourcecode='eb1b86e5d9feb53e', skip=0, skip_type=0, click=0, show_time_length=5, adcode='pro_Android_en_Native1', isDowload=false, jumpType='null', adtype=1, req_ad_timeout=0, strategy_type=-1, rule_conf=null, after_click_action=null, rule_update_times=0, showPrice='null', price='null', unit='null', currency_symbol='null', adId='null', page_name='null'}
09-20 07:20:11(545460855823) PID_SA INFO: [Java_com_chinatelecom_smarthome_viewer_business_impl_NativeClient_writeLogToFile:118]I/HmAdManager: loadHomeBannerAD==adModel:ImageTitleBean{imageUrl='null', title='null', imageId=0, clickUrl='null', adsource='applovin', adsourcecode='eb1b86e5d9feb53e', skip=0, skip_type=0, click=0, show_time_length=5, adcode='pro_Android_en_Native1', isDowload=false, jumpType='null', adtype=1, req_ad_timeout=0, strategy_type=-1, rule_conf=null, after_click_action=null, rule_update_times=0, showPrice='null', price='null', unit='null', currency_symbol='null', adId='null', page_name='null'}
09-20 07:20:11(28429402144522875) PID_SA INFO: [Java_com_chinatelecom_smarthome_viewer_business_impl_NativeClient_writeLogToFile:118]I/CurlLogger: cURL -X POST -H "Content-Type: application/json; charset=UTF-8"  -d '{"adcode":"pro_Android_en_list_banner","appid":"1593592778513070","appver":"2.9.37","companyid":"0000213ed0cdb8bc","countryCode":"GB","height":"2400","id":"","lang":"2","platform":"2","uid":"1600010140c3ad11","width":"1080"}' "https://exsvr.smartcloudcon.com/carewebin/store/getadlist/v2" -L
09-20 07:20:11(8062480241177666575) PID_SA INFO: [Java_com_chinatelecom_smarthome_viewer_business_impl_NativeClient_writeLogToFile:118]AdList: AdvertisingRequst(id=, adcode=pro_Android_en_right_sidebar, width=1080, height=2400, appver=2.9.37, appid=1593592778513070, companyid=0000213ed0cdb8bc, countryCode=GB, platform=2, lang=2, uid=1600010140c3ad11)
09-20 07:20:11(9231) PID_SA INFO: [Java_com_chinatelecom_smarthome_viewer_business_impl_NativeClient_writeLogToFile:118]I/DeviceList: dispatchAction:com.huiyun.care.viewer.main.deviceList.a$b@80c6eb1
09-20 07:20:11(528280994012) PID_SA INFO: [Java_com_chinatelecom_smarthome_viewer_business_impl_NativeUser_GetDomainAddr:1672]HM_GetDomainAddr ret = 0,  aucSvrDomain:, aucWebDomain:, aucLogDomain:, aucAlexaDomain:
09-20 07:20:11(16604) PID_SA INFO: [Java_com_chinatelecom_smarthome_viewer_business_impl_NativeClient_writeLogToFile:118]I/HmHostConfig: hostInfo:{svrHost:,webHost:,logHost:,alexaHost:}
09-20 07:20:11(28429402144522921) PID_SA INFO: [Java_com_chinatelecom_smarthome_viewer_business_impl_NativeClient_writeLogToFile:118]I/CurlLogger: cURL -X POST -H "Content-Type: application/json; charset=UTF-8"  -d '{"adcode":"pro_Android_en_right_sidebar","appid":"1593592778513070","appver":"2.9.37","companyid":"0000213ed0cdb8bc","countryCode":"GB","height":"2400","id":"","lang":"2","platform":"2","uid":"1600010140c3ad11","width":"1080"}' "https://exsvr.smartcloudcon.com/carewebin/store/getadlist/v2" -L
09-20 07:20:11(528280986639) PID_SA INFO: [Java_com_chinatelecom_smarthome_viewer_business_impl_NativeClient_writeLogToFile:118]I/DeviceBean: getDeviceName:GateCameras
09-20 07:20:11(528280986639) PID_SA INFO: [Java_com_chinatelecom_smarthome_viewer_business_impl_NativeClient_writeLogToFile:118]I/DeviceBean: getDeviceName:GateCameras
09-20 07:20:11(9570398316282538) PID_SA INFO: [Java_com_chinatelecom_smarthome_viewer_business_impl_NativeClient_writeLogToFile:118]I/CurlLogger: cURL -X POST -H "Content-Type: application/json; charset=UTF-8"  -d '{"uid":"1600010140c3ad11"}' "https://exsvr.smartcloudcon.com/carewebin/store/userTrialStatus?language=2&did=12000103c0537c93&uid=1600010140c3ad11&code=AiCN" -L
09-20 07:20:11(9231) PID_SA INFO: [Java_com_chinatelecom_smarthome_viewer_business_impl_NativeClient_writeLogToFile:118]I/AppLovinAdManager: initializeSdk isTestModeEnabled: false,countryCode: ,enabledAmazonAdUnitIds?.size: null,sdkConfig string: AppLovinSdkConfiguration{, countryCode=, enabledAmazonAdUnitIds=null, testModeEnabled=false}
09-20 07:20:11(16681) PID_SA INFO: [FUN_DEVICE_COMMON_RSP:1216]FUN_DEVICE_COMMON_RSP uiReqId:49, iErr:0
09-20 07:20:11(523986026793) ZJ_TASK INFO: [ZJ_UserProcCommonRsp:220]ogct 49 recv rsp code 0 
09-20 07:20:11(523986026788) CFG_TASK INFO: [Cfg_ProcDevStatusNtc:1268]ogct 3859514397 Ntc did 12000103c0537c93 oldflag 0 online status 1 pushflag 0 upstatus 0 Rate 0
09-20 07:20:11(17184572379347566884) CFG_TASK INFO: [Cfg_ParseRecvNetData:1502]recv msgtype 37 msgid 3e
09-20 07:20:11(16325694678123178) PID_SA INFO: [Java_com_chinatelecom_smarthome_viewer_business_impl_NativeClient_writeLogToFile:118]I/CurlLogger: response:{"code":"1000","data":{"hasTrialOrder":"0"},"desc":"Success"}
09-20 07:20:11(16707) PID_SA INFO: [Java_com_chinatelecom_smarthome_viewer_business_impl_NativeClient_writeLogToFile:118]I/PackageViewModel: requestCloudTrialOffer packageId:2091730356574097408
09-20 07:20:11(9570578704908970) PID_SA INFO: [Java_com_chinatelecom_smarthome_viewer_business_impl_NativeClient_writeLogToFile:118]I/CurlLogger: cURL -X POST -H "Content-Type: application/json; charset=UTF-8"  -d '{"appid":"1593592778513070","language":"2","packageid":"2091730356574097408","utoken":"1600010140c3ad111p3g5jmo63upuvo5"}' "https://exsvr.smartcloudcon.com/carewebin/QueryPackageDetail" -L
09-20 07:20:11(17066) PID_SA INFO: [Java_com_chinatelecom_smarthome_viewer_business_impl_NativeClient_writeLogToFile:118]I/CurlLogger: response:{"code":"1000","data":{"ApplicationDirection":1,"CompanyId":"0","CurrencySymbol":"USD","DescLabel":[{"ID":70,"Image":"","Name":"7-Day Event Storage"},{"ID":71,"Image":"","Name":"1 Device Only"},{"ID":79,"Image":"","Name":"Ad-Free Experience. Only See CareCamPro Offers."}],"DeviceBuyCount":0,"DeviceNum":1,"FreeTrial":2,"IapAppleKey":"com.huiyun.CareSee.basic.monthly.trial","IapAppleKeyNonSub":"","IapGoogleKey":"","IapGoogleKeyNonSub":"","IsFree":0,"IsNoSubscription":0,"IsSubscription":1,"LandingPage":"https://exwebsvr.smartcloudcon.com/mallservices/#/PackageDetails?type=EventCloud","MarketingPrice":0,"Name":"","NoSubscriptionMarketingPrice":0,"NoSubscriptionPrice":0,"PackageId":"2091730356574097408","PackageLabel":[{"ID":177,"Image":"","Name":""}],"PackageSN":"","PayAccountId":"","ProductLimit":"[]","ProductLimitType":0,"ReleaseApp":"[\"ZKnF1F57Ae\"]","ReleaseArea":0,"SalePrice":399,"ServiceDuration":1,"ServiceDurationLanguageDesc":"","ServiceDurationUnit":"MONTH","ShowServiceDuration":0,"Subscription
09-20 07:20:11(5292976910857421482) PID_SA INFO: [Java_com_chinatelecom_smarthome_viewer_business_impl_NativeClient_writeLogToFile:118]I/CurlLogger: ":1,"SubscriptionLanguageDesc":"","SupportNoSubscription":0,"TemplateId":"[72]","TemplateSnapshot":"[{\"id\":\"72\",\"TypeId\":1,\"ServiceId\":\"300010\",\"SdkMax\":\"0\",\"SdkMin\":\"0\",\"ServiceItem\":[{\"bussConfig\":{},\"functionId\":\"1010\",\"abilityConfig\":{\"ChannelCount\":\"0\",\"Duration\":20,\"ForceStreamID\":-1,\"StorageAbility\":0,\"StorageList\":[{\"LoopDays\":7,\"RecordType\":\"2\"}],\"StreamID\":1}},{\"bussConfig\":{},\"functionId\":\"1013\",\"abilityConfig\":{\"LoopDays\":7}},{\"bussConfig\":{},\"functionId\":\"1011\",\"abilityConfig\":{\"GifFlag\":1,\"GifOpenFlag\":1,\"Interval\":30,\"LoopDays\":7,\"OpenFlag\":1,\"PicType\":2,\"RecordType\":1,\"SnapJpgCnt\":1,\"StorageType\":0}}],\"TemplateName\":\"事件7天1个月\",\"EffectiveUnit\":\"MONTH\",\"EffectiveDuration\":1,\"DeviceLimitCount\":0,\"EventSetting\":[],\"TimePolicy\":\"null\"}]","TrailCondition":0,"TrialCount":1,"TrialDay":0,"TrialPrice":0,"TrialType":"free","UserBuyCount":0,"pay":["5","4"]},"desc":"Success"}
09-20 07:20:11(12970367459402989891) PID_SA INFO: [Java_com_chinatelecom_smarthome_viewer_business_impl_NativeClient_writeLogToFile:118]I/PackageViewModel: requestCloudTrialOffer payInfo:campOderNumber:0,countdownTime:,name:,packageid:2091730356574097408,tag:null,showRelName:,showType:0,poid:,deviceBuyCount:0,price:399,order_type_id:0,descLabel:[DescLabel(descId=70, descImage=, descName=7-Day Event Storage), DescLabel(descId=71, descImage=, descName=1 Device Only), DescLabel(descId=79, descImage=, descName=Ad-Free Experience. Only See CareCamPro Offers.)],packageLabelList:[PackageLabel(labelId=177, labelImage=, labelName=)],pay:[5, 4],googleKey:,Subscription:1,noSubscription:0
09-20 07:20:11(16722) PID_SA INFO: [Java_com_chinatelecom_smarthome_viewer_business_impl_NativeClient_writeLogToFile:118]I/CurlLogger: response:{"code":"1000","data":{"ext":{"buyed":"1","noThirdAd":0,"reg":"2024-04-09 16:36:37","useCache":1},"list":[{"ad_id":"B00378","ad_space_height":"","ad_space_size":1,"ad_space_width":"","adcode":"pro_Android_en_list_banner","adsource":"zzy","adsourcecode":"","adtype":2,"after_click_action":"{\"body\": {\"pkg_id\": \"\", \"group_id\": \"\", \"group_code\": \"\", \"is_user_no_pay\": \"\"}, \"type\": 1}","click":1,"click_url":"","id":"378","imglist":[{"height":375,"img_url":"https://hmstatic-1311597033.cos.ap-nanjing.myqcloud.com/media/ads/1733283688209760000/en banner.png","jumpType":"0","jump_url":"https://exwebsvr.smartcloudcon.com/careProcloud/#/packages-new","lang":1,"resolution":"1080x375","width":1080},{"height":375,"img_url":"https://hmstatic-1311597033.cos.ap-nanjing.myqcloud.com/media/ads/1750666446275539862/banner en.png","jumpType":"0","jump_url":"https://exwebsvr.smartcloudcon.com/careProcloud/#/intelligentAlarm","lang":1,"resolution":"1080x375","width":1080}],"name":"日常","no_display_ad_people
09-20 07:20:11(8176686642803786066) PID_SA INFO: [Java_com_chinatelecom_smarthome_viewer_business_impl_NativeClient_writeLogToFile:118]I/CurlLogger: ":0,"no_display_user_reg_days":0,"page_name":"","rate_times":"0-23","rate_week":"1,2,3,4,5,6,7","reg_gt_date":"","req_ad_timeout":5,"rule_conf":"{\"pop_type\": 1, \"pop_value\": \"\"}","rule_update_times":2609200,"show_time_end":"","show_time_length":5,"show_time_start":"2026-06-18","show_time_type":1,"skip":1,"skip_type":0,"strategy_type":0},{"ad_id":"N00380","ad_space_height":"","ad_space_size":1,"ad_space_width":"","adcode":"pro_Android_en_cloud_Native2","adsource":"zzy","adsourcecode":"","adtype":2,"after_click_action":"","click":1,"click_url":"","id":"380","imglist":[{"height":596,"img_url":"https://hmstatic-1311597033.cos.ap-nanjing.myqcloud.com/media/ads/1730164928604458057/yingyu.jpg","jumpType":"0","jump_url":"","lang":1,"resolution":"750x596","width":750}],"name":"云存优势","no_display_ad_people":0,"no_display_user_reg_days":0,"page_name":"","rate_times":"0-23","rate_week":"1,2,3,4,5,6,7","reg_gt_date":"","req_ad_timeout":5,"rule_conf":"","rule_update_times":2609200,"show_time_end":"","show_time_length"
09-20 07:20:11(7935954271323832658) PID_SA INFO: [Java_com_chinatelecom_smarthome_viewer_business_impl_NativeClient_writeLogToFile:118]I/CurlLogger: :5,"show_time_start":"2024-10-29","show_time_type":1,"skip":1,"skip_type":0,"strategy_type":0}]},"desc":"Success"}
09-20 07:20:11(8062480241177674066) PID_SA INFO: [Java_com_chinatelecom_smarthome_viewer_business_impl_NativeClient_writeLogToFile:118]AdList: AdvertisingResp(code=1000, data=DataBean(list=[ListBean(adId=B00378,adtype=2, adsource='zzy', adsourcecode='', show_time_end='', show_time_type=1, skip=1, skip_type=0, click=1, imglist=[Imglist(adId=,img_url='https://hmstatic-1311597033.cos.ap-nanjing.myqcloud.com/media/ads/1733283688209760000/en banner.png', width=1080, lang=1, resolution='1080x375', height=375, jump_url='https://exwebsvr.smartcloudcon.com/careProcloud/#/packages-new', jumpType='0', isDownload=false), Imglist(adId=,img_url='https://hmstatic-1311597033.cos.ap-nanjing.myqcloud.com/media/ads/1750666446275539862/banner en.png', width=1080, lang=1, resolution='1080x375', height=375, jump_url='https://exwebsvr.smartcloudcon.com/careProcloud/#/intelligentAlarm', jumpType='0', isDownload=false)], show_time_start='2026-06-18', show_time_length=5, rate_times='0-23', name='日常', rate_week='1,2,3,4,5,6,7', adId='378', click_url='', jumpType='', adcode='pro_Android_en_list_banner', req_ad_timeout=5, strategy_type=0, rule_conf='{"pop_type": 1, "pop_value": ""}', after_click_action='{"body": {"pkg_id": "", "group_id": "", "group_code": "", "is_user_no_pay": ""}, "type": 1}', rule_update_times=2609200,page_name=), ListBean(adId=N00380,adtype=2, adsource='zzy', adsourcecode='', show_time_end='', show_time_type=1, skip=1, skip_type=0, click=1, imglist=[Imglist(adId=,img_url='https://hmstatic-1311597033.cos.ap-nanjing.myqcloud.com/media/ads/1730164928604458057/yingyu.jpg', width=750, lang=1, resolution='750x596', height=596, jump_url='', jumpType='0', isDownload=false)], show_time_start='2024-10-29', show_time_length=5, rate_times='0-23', name='云存优势', rate_week='1,2,3,4,5,6,7', adId='380', click_url='', jumpType='', adcode='pro_Android_en_cloud_Native2', req_ad_timeout=5, strategy_type=0, rule_conf='', after_click_action='', rule_update_times=2609200,page_name=)]), desc=Success)
09-20 07:20:11(523986026834) PID_SA INFO: [Java_com_chinatelecom_smarthome_viewer_business_impl_NativeClient_writeLogToFile:118]AdList: AdvertisingResp bean:ListBean(adId=B00378,adtype=2, adsource='zzy', adsourcecode='', show_time_end='', show_time_type=1, skip=1, skip_type=0, click=1, imglist=[Imglist(adId=,img_url='https://hmstatic-1311597033.cos.ap-nanjing.myqcloud.com/media/ads/1733283688209760000/en banner.png', width=1080, lang=1, resolution='1080x375', height=375, jump_url='https://exwebsvr.smartcloudcon.com/careProcloud/#/packages-new', jumpType='0', isDownload=false), Imglist(adId=,img_url='https://hmstatic-1311597033.cos.ap-nanjing.myqcloud.com/media/ads/1750666446275539862/banner en.png', width=1080, lang=1, resolution='1080x375', height=375, jump_url='https://exwebsvr.smartcloudcon.com/careProcloud/#/intelligentAlarm', jumpType='0', isDownload=false)], show_time_start='2026-06-18', show_time_length=5, rate_times='0-23', name='日常', rate_week='1,2,3,4,5,6,7', adId='378', click_url='', jumpType='', adcode='pro_Android_en_list_banner', req_ad_timeout=5, strategy_type=0, rule_conf='{"pop_type": 1, "pop_value": ""}', after_click_action='{"body": {"pkg_id": "", "group_id": "", "group_code": "", "is_user_no_pay": ""}, "type": 1}', rule_update_times=2609200,page_name=)
09-20 07:20:12(12970367459402989865) TRAS_TASK INFO: [TrasNat_CheckNatType:454]natInf check cone type
09-20 07:20:12(523986026834) PID_SA INFO: [Java_com_chinatelecom_smarthome_viewer_business_impl_NativeClient_writeLogToFile:118]AdList: AdvertisingResp bean:ListBean(adId=N00380,adtype=2, adsource='zzy', adsourcecode='', show_time_end='', show_time_type=1, skip=1, skip_type=0, click=1, imglist=[Imglist(adId=,img_url='https://hmstatic-1311597033.cos.ap-nanjing.myqcloud.com/media/ads/1730164928604458057/yingyu.jpg', width=750, lang=1, resolution='750x596', height=596, jump_url='', jumpType='0', isDownload=false)], show_time_start='2024-10-29', show_time_length=5, rate_times='0-23', name='云存优势', rate_week='1,2,3,4,5,6,7', adId='380', click_url='', jumpType='', adcode='pro_Android_en_cloud_Native2', req_ad_timeout=5, strategy_type=0, rule_conf='', after_click_action='', rule_update_times=2609200,page_name=)
09-20 07:20:12(12970367455108022569) TRAS_TASK INFO: [TrasBase_OnPortHoleUDPRecv:983]recv msg 32,29
09-20 07:20:12(16325694678123140) PID_SA INFO: [Java_com_chinatelecom_smarthome_viewer_business_impl_NativeClient_writeLogToFile:118]I/CurlLogger: response:{"code":"1000","data":{"ext":{"buyed":"1","noThirdAd":0,"reg":"2024-04-09 16:36:37","useCache":0},"list":[]},"desc":"Success"}
09-20 07:20:12(17028) PID_SA INFO: [Java_com_chinatelecom_smarthome_viewer_business_impl_NativeClient_writeLogToFile:118]AdList: AdvertisingResp(code=1000, data=DataBean(list=[]), desc=Success)
09-20 07:20:13(16325694678123177) PID_SA INFO: [Java_com_chinatelecom_smarthome_viewer_business_impl_NativeClient_writeLogToFile:118]I/CurlLogger: response:{"code":"1000","data":{"ext":{"buyed":"1","noThirdAd":0,"reg":"2024-04-09 16:36:37","useCache":0},"list":[]},"desc":"Success"}
09-20 07:20:13(17065) PID_SA INFO: [Java_com_chinatelecom_smarthome_viewer_business_impl_NativeClient_writeLogToFile:118]AdList: AdvertisingResp(code=1000, data=DataBean(list=[]), desc=Success)
09-20 07:20:13(17019) PID_SA INFO: [Java_com_chinatelecom_smarthome_viewer_business_impl_NativeClient_writeLogToFile:118]I/CurlLogger: response:{"code":"1000","data":{"ext":{"buyed":"1","noThirdAd":0,"reg":"2024-04-09 16:36:37","useCache":1},"list":[{"ad_id":"B00378","ad_space_height":"","ad_space_size":1,"ad_space_width":"","adcode":"pro_Android_en_list_banner","adsource":"zzy","adsourcecode":"","adtype":2,"after_click_action":"{\"body\": {\"pkg_id\": \"\", \"group_id\": \"\", \"group_code\": \"\", \"is_user_no_pay\": \"\"}, \"type\": 1}","click":1,"click_url":"","id":"378","imglist":[{"height":375,"img_url":"https://hmstatic-1311597033.cos.ap-nanjing.myqcloud.com/media/ads/1733283688209760000/en banner.png","jumpType":"0","jump_url":"https://exwebsvr.smartcloudcon.com/careProcloud/#/packages-new","lang":1,"resolution":"1080x375","width":1080},{"height":375,"img_url":"https://hmstatic-1311597033.cos.ap-nanjing.myqcloud.com/media/ads/1750666446275539862/banner en.png","jumpType":"0","jump_url":"https://exwebsvr.smartcloudcon.com/careProcloud/#/intelligentAlarm","lang":1,"resolution":"1080x375","width":1080}],"name":"日常","no_display_ad_people
09-20 07:20:13(8176686642803786363) PID_SA INFO: [Java_com_chinatelecom_smarthome_viewer_business_impl_NativeClient_writeLogToFile:118]I/CurlLogger: ":0,"no_display_user_reg_days":0,"page_name":"","rate_times":"0-23","rate_week":"1,2,3,4,5,6,7","reg_gt_date":"","req_ad_timeout":5,"rule_conf":"{\"pop_type\": 1, \"pop_value\": \"\"}","rule_update_times":2609200,"show_time_end":"","show_time_length":5,"show_time_start":"2026-06-18","show_time_type":1,"skip":1,"skip_type":0,"strategy_type":0}]},"desc":"Success"}
09-20 07:20:13(17019) PID_SA INFO: [Java_com_chinatelecom_smarthome_viewer_business_impl_NativeClient_writeLogToFile:118]AdList: AdvertisingResp(code=1000, data=DataBean(list=[ListBean(adId=B00378,adtype=2, adsource='zzy', adsourcecode='', show_time_end='', show_time_type=1, skip=1, skip_type=0, click=1, imglist=[Imglist(adId=,img_url='https://hmstatic-1311597033.cos.ap-nanjing.myqcloud.com/media/ads/1733283688209760000/en banner.png', width=1080, lang=1, resolution='1080x375', height=375, jump_url='https://exwebsvr.smartcloudcon.com/careProcloud/#/packages-new', jumpType='0', isDownload=false), Imglist(adId=,img_url='https://hmstatic-1311597033.cos.ap-nanjing.myqcloud.com/media/ads/1750666446275539862/banner en.png', width=1080, lang=1, resolution='1080x375', height=375, jump_url='https://exwebsvr.smartcloudcon.com/careProcloud/#/intelligentAlarm', jumpType='0', isDownload=false)], show_time_start='2026-06-18', show_time_length=5, rate_times='0-23', name='日常', rate_week='1,2,3,4,5,6,7', adId='378', click_url='', jumpType='', adcode='pro_Android_en_list_banner', req_ad_timeout=5, strategy_type=0, rule_conf='{"pop_type": 1, "pop_value": ""}', after_click_action='{"body": {"pkg_id": "", "group_id": "", "group_code": "", "is_user_no_pay": ""}, "type": 1}', rule_update_times=2609200,page_name=)]), desc=Success)
09-20 07:20:13(523986027131) PID_SA INFO: [Java_com_chinatelecom_smarthome_viewer_business_impl_NativeClient_writeLogToFile:118]AdList: AdvertisingResp bean:ListBean(adId=B00378,adtype=2, adsource='zzy', adsourcecode='', show_time_end='', show_time_type=1, skip=1, skip_type=0, click=1, imglist=[Imglist(adId=,img_url='https://hmstatic-1311597033.cos.ap-nanjing.myqcloud.com/media/ads/1733283688209760000/en banner.png', width=1080, lang=1, resolution='1080x375', height=375, jump_url='https://exwebsvr.smartcloudcon.com/careProcloud/#/packages-new', jumpType='0', isDownload=false), Imglist(adId=,img_url='https://hmstatic-1311597033.cos.ap-nanjing.myqcloud.com/media/ads/1750666446275539862/banner en.png', width=1080, lang=1, resolution='1080x375', height=375, jump_url='https://exwebsvr.smartcloudcon.com/careProcloud/#/intelligentAlarm', jumpType='0', isDownload=false)], show_time_start='2026-06-18', show_time_length=5, rate_times='0-23', name='日常', rate_week='1,2,3,4,5,6,7', adId='378', click_url='', jumpType='', adcode='pro_Android_en_list_banner', req_ad_timeout=5, strategy_type=0, rule_conf='{"pop_type": 1, "pop_value": ""}', after_click_action='{"body": {"pkg_id": "", "group_id": "", "group_code": "", "is_user_no_pay": ""}, "type": 1}', rule_update_times=2609200,page_name=)
09-20 07:20:13(9231) PID_SA INFO: [Java_com_chinatelecom_smarthome_viewer_business_impl_NativeClient_writeLogToFile:118]I/RecommendPackageIntervalStore: canRequest slotCode:ALL_HOME_BS_003,uid:1600010140c3ad11,durationHours:604800000
09-20 07:20:13(9231) PID_SA INFO: [Java_com_chinatelecom_smarthome_viewer_business_impl_NativeClient_writeLogToFile:118]I/PackageViewModel: requestRecommendPackage skip: in cooldown, slot=ALL_HOME_BS_003
09-20 07:20:13(12970367455108015119) PID_SA INFO: [Java_com_chinatelecom_smarthome_viewer_business_impl_NativeClient_writeLogToFile:118]I/ActivityPop: isShow:false,isLoadActivity:false
09-20 07:20:13(528280986639) PID_SA INFO: [Java_com_chinatelecom_smarthome_viewer_business_impl_NativeClient_writeLogToFile:118]I/ActivityPop: activityPopBean:firstTime:1762013333764,lastTime:1762013375162,did:12000103c0537c93，：isHasDid：true,isXcfalse
09-20 07:20:13(9231) PID_SA INFO: [Java_com_chinatelecom_smarthome_viewer_business_impl_NativeClient_writeLogToFile:118]I/AppLovinAdManager: showAdBanner==onAdLoadFailed==code:-1000,meg:Failed to connect to ms.applvn.com/0.0.0.0:443
09-20 07:20:15(523986026819) PID_SA INFO: [Java_com_chinatelecom_smarthome_viewer_business_impl_NativeClient_writeLogToFile:118]I/DeviceBean: getDeviceName:GateCameras
09-20 07:20:15(528280986639) PID_SA INFO: [Java_com_chinatelecom_smarthome_viewer_business_impl_NativeClient_writeLogToFile:118]I/DeviceBean: getDeviceName:GateCameras
09-20 07:20:15(528280986639) PID_SA INFO: [Java_com_chinatelecom_smarthome_viewer_business_impl_NativeClient_writeLogToFile:118]I/DeviceBean: getDeviceName:GateCameras
09-20 07:20:18(12970367459402989865) TRAS_TASK INFO: [TrasNat_CheckNatType:454]natInf check cone type
09-20 07:20:18(12970367455108022569) TRAS_TASK INFO: [TrasBase_OnPortHoleUDPRecv:983]recv msg 32,29
09-20 07:20:18(12970367459402982415) PID_SA INFO: [Java_com_chinatelecom_smarthome_viewer_business_impl_NativeClient_writeLogToFile:118]BaseActivity: onPause==//activity is CareMainActivity
09-20 07:20:18(545460855823) PID_SA INFO: [Java_com_chinatelecom_smarthome_viewer_business_impl_NativeClient_writeLogToFile:118]BaseActivity: onPause==mIsShowAd:false//activity is CareMainActivity
09-20 07:20:19(9231) PID_SA INFO: [Java_com_chinatelecom_smarthome_viewer_business_impl_NativeClient_writeLogToFile:118]BaseActivity: onSaveInstanceState==mIsShowAd:false//activity is CareMainActivity
09-20 07:20:19(9231) PID_SA INFO: [Java_com_chinatelecom_smarthome_viewer_business_impl_NativeClient_setBackgroundToFront:88]setBackgroundToFront 0
09-20 07:20:19(9231) PID_SA INFO: [Java_com_chinatelecom_smarthome_viewer_business_impl_NativeClient_writeLogToFile:118]I/HmLaunch: ========== 应用切换到后台 ==========
09-20 07:20:19(545460855823) PID_SA INFO: [Java_com_chinatelecom_smarthome_viewer_business_impl_NativeClient_writeLogToFile:118]I/HmLaunch: HmLifecycleObserver onStop:activity:class androidx.lifecycle.LifecycleRegistry,version:2009370
09-20 07:20:19(9231) PID_SA INFO: [Java_com_chinatelecom_smarthome_viewer_business_impl_NativeClient_writeLogToFile:118]I/HmLaunch: ========== 应用切换到后台 ==========
09-20 07:20:19(4294983977) cos INFO: [Cos_SocketClose:390]socket<458> closed
09-20 07:20:19(4294983977) PID_SA INFO: [FUN_SERVER_STATUS:2600]FUN_SERVER_STATUS enServerStatus:0, iErr:0
09-20 07:20:19(489626280975) PID_SA INFO: [Java_com_chinatelecom_smarthome_viewer_business_impl_NativeClient_writeLogToFile:118]I/Internal: onServerStatusChange/////uToken:1600010140c3ad111p3g5jmo63upuvo5//serverStatus:0//errorCode:0
09-20 07:20:19(9231) PID_SA INFO: [Java_com_chinatelecom_smarthome_viewer_business_impl_NativeClient_writeLogToFile:118]I/y0: onSelfAuthStateChange serverStatus:0,hmError:0
09-20 07:20:22(4294983977) PID_SA INFO: [FUN_SERVER_STATUS:2600]FUN_SERVER_STATUS enServerStatus:1, iErr:0
09-20 07:20:22(12970367459402989865) cos INFO: [Cos_SocketOpen:377]socket<298> open ok
09-20 07:20:22(536870921231) PID_SA INFO: [Java_com_chinatelecom_smarthome_viewer_business_impl_NativeClient_writeLogToFile:118]I/Internal: onServerStatusChange/////uToken:1600010140c3ad111p3g5jmo63upuvo5//serverStatus:1//errorCode:0
09-20 07:20:22(9231) PID_SA INFO: [Java_com_chinatelecom_smarthome_viewer_business_impl_NativeClient_writeLogToFile:118]I/y0: onSelfAuthStateChange serverStatus:1,hmError:0
09-20 07:20:22(12970367455108022569) TRAS_TASK INFO: [TrasLink_Connect:245]Link Connect Addr:43.133.96.204:19336,ConnFlag:1
09-20 07:20:22(16681) TRAS_TASK INFO: [TrasBase_ProcBaseSock:670]Link Connect Addr:43.133.96.204:19336,ConnectFlag is: 2
09-20 07:20:22(4294983977) PID_SA INFO: [FUN_SERVER_STATUS:2600]FUN_SERVER_STATUS enServerStatus:2, iErr:0
09-20 07:20:22(489626280975) PID_SA INFO: [Java_com_chinatelecom_smarthome_viewer_business_impl_NativeClient_writeLogToFile:118]I/Internal: onServerStatusChange/////uToken:1600010140c3ad111p3g5jmo63upuvo5//serverStatus:2//errorCode:0
09-20 07:20:22(9231) PID_SA INFO: [Java_com_chinatelecom_smarthome_viewer_business_impl_NativeClient_writeLogToFile:118]I/y0: onSelfAuthStateChange serverStatus:2,hmError:0
09-20 07:20:22(12970367450813055273) TRAS_TASK INFO: [TrasLink_AuthUserToken:188]ogct 50 send login requst body {"METHOD":"4116","SEQID":"50","BODY":{"UserToken":"1600010140c3ad111p3g5jmo63upuvo5","SDKVersion":"51713056","WebDomainAbilty":"1","TestFlag":"1"}} iRet 0 
09-20 07:20:22(16681) PID_SA INFO: [FUN_SERVER_STATUS:2600]FUN_SERVER_STATUS enServerStatus:4, iErr:0
09-20 07:20:22(523986026793) TRAS_TASK INFO: [TrasLink_ProcAuthTokenRsp:292]ogct 50 recv auth rsp code 0 
09-20 07:20:22(489626280975) PID_SA INFO: [Java_com_chinatelecom_smarthome_viewer_business_impl_NativeClient_writeLogToFile:118]I/Internal: onServerStatusChange/////uToken:1600010140c3ad111p3g5jmo63upuvo5//serverStatus:4//errorCode:0
09-20 07:20:22(9231) PID_SA INFO: [Java_com_chinatelecom_smarthome_viewer_business_impl_NativeClient_writeLogToFile:118]I/y0: onSelfAuthStateChange serverStatus:4,hmError:0
09-20 07:20:22(9231) ZJ_TASK INFO: [ZJ_GetPaasPlatAccessToken:3766]ogct 51 get paasplat token iRet 0
09-20 07:20:22(536870921231) PID_SA INFO: [Java_com_chinatelecom_smarthome_viewer_business_impl_NativeClient_writeLogToFile:118]I/DeviceBean: getDeviceName:GateCameras
09-20 07:20:22(536870921231) PID_SA INFO: [Java_com_chinatelecom_smarthome_viewer_business_impl_NativeClient_writeLogToFile:118]onInitPushSuccess: regid = eTaw3UHwT7yXDsUUjIDjw_:APA91bGOPrHHfPX6BI8lyu8Xuh2S_tcCJ1X6J2fTnbEulnllK4sV-ag66RoIN9ctFMucYPCZ7nWJDLxUD71DTrCmEUFuwrP9Ejga3KAQWdqdxzB2QJfr-f8
09-20 07:20:22(9231) ZJ_TASK INFO: [ZJ_SetPushToken:1024]ogct 52 set pushtoken eTaw3UHwT7yXDsUUjIDjw_:APA91bGOPrHHfPX6BI8lyu8Xuh2S_tcCJ1X6J2fTnbEulnllK4sV-ag66RoIN9ctFMucYPCZ7nWJDLxUD71DTrCmEUFuwrP9Ejga3KAQWdqdxzB2QJfr-f8 iRet 0
09-20 07:20:22(12970367459402989865) ZJ_TASK INFO: [ZJ_RecvGetPaasTokenRsp:3750]ogct 51 recv rsp code 0
09-20 07:20:22(8062480241177666575) PID_SA INFO: [Java_com_chinatelecom_smarthome_viewer_business_impl_NativeClient_writeLogToFile:118]I/Internal: onGetPaasPlatToken accessTokenut6AAF3BDE-00000003-00G001-yjmik/expireSeconds:86399//strPaasAddr:https://gm-ap.smartcloudcon.com
09-20 07:20:22(9231) PID_SA INFO: [Java_com_chinatelecom_smarthome_viewer_business_impl_NativeClient_writeLogToFile:118]I/HmSdkHelper: onServerStatusChange onTokenReturn accessToken:ut6AAF3BDE-00000003-00G001-yjmik
09-20 07:20:22(16681) PID_SA INFO: [FUN_DEVICE_COMMON_RSP:1216]FUN_DEVICE_COMMON_RSP uiReqId:52, iErr:0
09-20 07:20:22(12970367459402982415) PID_SA INFO: [Java_com_chinatelecom_smarthome_viewer_business_impl_NativeClient_writeLogToFile:118]I/HmSdkHelper: onServerStatusChange onTokenReturn pTokenJson:{"accessToken":"ut6AAF3BDE-00000003-00G001-yjmik","createTime":1789869022898,"expireSeconds":86399,"passAddress":"https://gm-ap.smartcloudcon.com"}
09-20 07:20:22(523986026793) ZJ_TASK INFO: [ZJ_UserProcSetPushTokenRsp:1001]ogct 52 recv rsp code 0 
09-20 07:20:23(16681) TRAS_TASK ERR: [TrasLink_ProcRecv:331]rcv data err 103  buff len 4096
09-20 07:20:23(523986026793) cos INFO: [Cos_SocketClose:390]socket<298> closed
09-20 07:20:23(523986026795) TRAS_TASK INFO: [TrasP2PSlot_Recv:996]rcv data err 103  buff len 4096
09-20 07:20:23(523986026795) cos INFO: [Cos_SocketClose:390]socket<442> closed
09-20 07:20:23(4294983977) PID_SA INFO: [FUN_SERVER_STATUS:2600]FUN_SERVER_STATUS enServerStatus:0, iErr:0
09-20 07:20:24(12970367459402989865) TRAS_TASK INFO: [TrasP2PSlot_ProcTcpState:352]tcpslot 0xb4000078648f9280 closed ok reset bestslot 1
09-20 07:20:24(489626280975) PID_SA INFO: [Java_com_chinatelecom_smarthome_viewer_business_impl_NativeClient_writeLogToFile:118]I/Internal: onServerStatusChange/////uToken:1600010140c3ad111p3g5jmo63upuvo5//serverStatus:0//errorCode:0
09-20 07:20:24(9231) PID_SA INFO: [Java_com_chinatelecom_smarthome_viewer_business_impl_NativeClient_writeLogToFile:118]I/y0: onSelfAuthStateChange serverStatus:0,hmError:0
09-20 07:20:24(4294983977) PID_SA INFO: [FUN_SERVER_STATUS:2600]FUN_SERVER_STATUS enServerStatus:1, iErr:0
09-20 07:20:24(12970367459402989865) cos INFO: [Cos_SocketOpen:377]socket<153> open ok
09-20 07:20:24(536870921231) PID_SA INFO: [Java_com_chinatelecom_smarthome_viewer_business_impl_NativeClient_writeLogToFile:118]I/Internal: onServerStatusChange/////uToken:1600010140c3ad111p3g5jmo63upuvo5//serverStatus:1//errorCode:0
09-20 07:20:24(9231) PID_SA INFO: [Java_com_chinatelecom_smarthome_viewer_business_impl_NativeClient_writeLogToFile:118]I/y0: onSelfAuthStateChange serverStatus:1,hmError:0
09-20 07:20:24(12970367455108022569) TRAS_TASK INFO: [TrasLink_Connect:245]Link Connect Addr:43.133.96.204:19336,ConnFlag:1
09-20 07:20:24(16681) CFG_TASK INFO: [Cfg_SetPeerDevCanUseStatus:645]set device 12000103c0537c93 oldflag 0 group 22000101413a31a9 can use status 0
09-20 07:20:24(16681) nvr_cfg WARN: [cfg_OnPeerDeviceStatusChange:454]Ignonre 12000103c0537c93 status changed
09-20 07:20:24(523986026793) PID_SA INFO: [FUN_DEVICE_STATUS:1267]FUN_DEVICE_STATUS deviceId:12000103c0537c93, status:1
09-20 07:20:24(16681) TRAS_TASK INFO: [TrasPeer_ProcStatusCbFlag:630]device 12000103c0537c93 online status 1
09-20 07:20:24(489626280975) PID_SA INFO: [Java_com_chinatelecom_smarthome_viewer_business_impl_NativeClient_writeLogToFile:118]I/LowPowerHeart: onDeviceStateChange awakeDevice groupId:22000101413a31a9//deviceId:12000103c0537c93//status:1//StatusEnum:1//statusName:ONLINE
09-20 07:20:24(523986026793) cos INFO: [Cos_SocketOpen:377]socket<245> open ok
09-20 07:20:24(545460855823) PID_SA INFO: [Java_com_chinatelecom_smarthome_viewer_business_impl_NativeClient_writeLogToFile:118]I/y0: onDeviceStateChange groupId:22000101413a31a9,deviceId:12000103c0537c93,devicePresenceState:1   deviceType = CAMERA  awakeAbility:NOT_SUPPORT
09-20 07:20:24(523986026793) TRAS_TASK INFO: [TrasP2PSlot_NewTcp:26]p2pslot creat tcp slot 0xb4000078648f9700 peer addr: 192.168.1.192:port:16668
09-20 07:20:24(523986026793) TRAS_TASK INFO: [TrasPeer_ProcSlotCreateLocalTCP:625]tcpSlot 0xb4000078648f9700 creat localslot ok peerid 12000103c0537c93,socket type 0
09-20 07:20:24(16681) cos INFO: [Cos_SocketOpen:377]socket<296> open ok
09-20 07:20:24(523986026793) TRAS_TASK INFO: [TrasP2PSlot_NewTcp:26]p2pslot creat tcp slot 0xb4000078648f9880 peer addr: 10.116.167.132:port:16668
09-20 07:20:24(523986026793) TRAS_TASK INFO: [TrasPeer_ProcSlotCreateP2PTCP:685]tcpSlot 0xb4000078648f9880 creat p2pslot ok peerid 12000103c0537c93
09-20 07:20:24(523986026793) TRAS_TASK INFO: [TrasP2PSlot_Close:61]close the Slot 0xb4000078648f9280  flag 0 ok .
09-20 07:20:24(536870928602) PID_SA INFO: [Java_com_chinatelecom_smarthome_viewer_business_impl_NativeClient_writeLogToFile:118]I/DeviceBean: getDeviceName:GateCameras
09-20 07:20:24(523986026793) cos ERR: [Cand_SocketSend:794]send err <1>
09-20 07:20:24(16681) cos INFO: [Cos_SocketClose:390]socket<476> closed
09-20 07:20:24(523986026793) PID_SA INFO: [FUN_GETLOCALNETTYPE:3507]FUN_GETLOCALNETTYPE uiNatType:1
09-20 07:20:24(523986026793) TRAS_TASK INFO: [TrasNat_CheckNatType:482]natInf check end, get local nattype 1 conetype 3
09-20 07:20:26(16681) cos ERR: [Cand_SocketSend:794]send err <1>
09-20 07:20:28(16681) cos ERR: [Cand_SocketSend:794]send err <1>
09-20 07:20:30(16681) cos ERR: [Cand_SocketSend:794]send err <1>
09-20 07:20:32(523986026793) TRAS_TASK ERR: [TrasP2PSlot_ProcUdpState:499]udpslot 0xb4000078648f9580 slotType:0,Socket 434 turn timeout to close
09-20 07:20:32(16681) TRAS_TASK INFO: [TrasPeer_SendP2PStatus:516]ogct 53 send msg {"METHOD":"3388","SEQID":"53","BODY":{"P2PStatus":"1","P2PType":"2","PeerNatType":"0","LocalNatType":"1","DID":"12000103c0537c93"}} to server -1
09-20 07:20:32(16681) PID_SA INFO: [FUN_DEVICEP2PRESULT_CB:2936]FUN_DEVICEP2PRESULT_CB did:12000103c0537c93, p2pFlag:1, localNatType:1, peerNatType:0
09-20 07:20:32(523986026793) cos INFO: [Cos_SocketClose:390]socket<434> closed
09-20 07:20:32(16681) TRAS_TASK INFO: [TrasP2PSlot_ProcUdpState:529]peerId 12000103c0537c93, udpslot 0xb4000078648f9580 closed ok now udp can useflag 0
09-20 07:20:32(4294983977) TRAS_TASK INFO: [TrasPeer_ProcStatusCbFlag:673]device 12000103c0537c93 udpslot 0x0 p2p status 0, local NatType:1, ConeType:3, NetType:2
09-20 07:20:32(523986026793) TRAS_TASK INFO: [TrasP2PSlot_Close:61]close the Slot 0xb4000078648f9580  flag 0 ok .
09-20 07:20:37(17179885865) cos INFO: [Cos_SocketClose:390]socket<153> closed
09-20 07:20:40(523986026793) PID_SA INFO: [FUN_SERVER_STATUS:2600]FUN_SERVER_STATUS enServerStatus:1, iErr:0
09-20 07:20:40(12970367459402989865) cos INFO: [Cos_SocketOpen:377]socket<153> open ok
09-20 07:20:40(515396084751) PID_SA INFO: [Java_com_chinatelecom_smarthome_viewer_business_impl_NativeClient_writeLogToFile:118]I/Internal: onServerStatusChange/////uToken:1600010140c3ad111p3g5jmo63upuvo5//serverStatus:1//errorCode:0
09-20 07:20:40(9231) PID_SA INFO: [Java_com_chinatelecom_smarthome_viewer_business_impl_NativeClient_writeLogToFile:118]I/y0: onSelfAuthStateChange serverStatus:1,hmError:0
09-20 07:20:40(12970367455108022569) TRAS_TASK INFO: [TrasLink_Connect:245]Link Connect Addr:43.133.96.204:19336,ConnFlag:1
09-20 07:20:40(16681) TRAS_TASK INFO: [TrasP2PSlot_ProcTcpState:197]tcpslot 0xb4000078648f9700 start connect peer timeout
09-20 07:20:40(16681) TRAS_TASK INFO: [TrasP2PSlot_ProcTcpState:197]tcpslot 0xb4000078648f9880 start connect peer timeout
09-20 07:20:40(523986026793) cos INFO: [Cos_SocketClose:390]socket<245> closed
09-20 07:20:40(16681) TRAS_TASK INFO: [TrasP2PSlot_ProcTcpState:352]tcpslot 0xb4000078648f9700 closed ok reset bestslot 0
09-20 07:20:40(523986026793) cos INFO: [Cos_SocketClose:390]socket<296> closed
09-20 07:20:40(16681) TRAS_TASK INFO: [TrasP2PSlot_ProcTcpState:352]tcpslot 0xb4000078648f9880 closed ok reset bestslot 0
09-20 07:20:40(523986026793) TRAS_TASK INFO: [TrasP2PSlot_Close:61]close the Slot 0xb4000078648f9700  flag 0 ok .
09-20 07:20:40(523986026793) TRAS_TASK INFO: [TrasP2PSlot_Close:61]close the Slot 0xb4000078648f9880  flag 0 ok .
09-20 07:20:49(17179885865) cos INFO: [Cos_SocketClose:390]socket<153> closed
09-20 07:20:55(523986026793) PID_SA INFO: [FUN_SERVER_STATUS:2600]FUN_SERVER_STATUS enServerStatus:1, iErr:0
09-20 07:20:55(515396084751) PID_SA INFO: [Java_com_chinatelecom_smarthome_viewer_business_impl_NativeClient_writeLogToFile:118]I/Internal: onServerStatusChange/////uToken:1600010140c3ad111p3g5jmo63upuvo5//serverStatus:1//errorCode:0
09-20 07:20:55(12970367459402989865) cos INFO: [Cos_SocketOpen:377]socket<153> open ok
09-20 07:20:55(536870921231) PID_SA INFO: [Java_com_chinatelecom_smarthome_viewer_business_impl_NativeClient_writeLogToFile:118]I/y0: onSelfAuthStateChange serverStatus:1,hmError:0
09-20 07:20:55(12970367455108022569) TRAS_TASK INFO: [TrasLink_Connect:245]Link Connect Addr:43.133.96.204:19336,ConnFlag:1
09-20 07:20:55(16681) TRAS_TASK INFO: [TrasBase_ProcBaseSock:670]Link Connect Addr:43.133.96.204:19336,ConnectFlag is: 2
09-20 07:20:55(4294983977) PID_SA INFO: [FUN_SERVER_STATUS:2600]FUN_SERVER_STATUS enServerStatus:2, iErr:0
09-20 07:20:55(515396084751) PID_SA INFO: [Java_com_chinatelecom_smarthome_viewer_business_impl_NativeClient_writeLogToFile:118]I/Internal: onServerStatusChange/////uToken:1600010140c3ad111p3g5jmo63upuvo5//serverStatus:2//errorCode:0
09-20 07:20:55(9231) PID_SA INFO: [Java_com_chinatelecom_smarthome_viewer_business_impl_NativeClient_writeLogToFile:118]I/y0: onSelfAuthStateChange serverStatus:2,hmError:0
09-20 07:20:55(12970367455108022569) TRAS_TASK INFO: [TrasLink_AuthUserToken:188]ogct 54 send login requst body {"METHOD":"4116","SEQID":"54","BODY":{"UserToken":"1600010140c3ad111p3g5jmo63upuvo5","SDKVersion":"51713056","WebDomainAbilty":"1","TestFlag":"1"}} iRet 0 
09-20 07:20:55(16681) PID_SA INFO: [FUN_SERVER_STATUS:2600]FUN_SERVER_STATUS enServerStatus:4, iErr:0
09-20 07:20:55(523986026793) TRAS_TASK INFO: [TrasLink_ProcAuthTokenRsp:292]ogct 54 recv auth rsp code 0 
09-20 07:20:55(523986026793) TRAS_TASK INFO: [TrasPeer_GetProxySvr:892]ogct 55 start get proxy for peerid 12000103c0537c93 Relay mode 0 gid 22000101413a31a9 iret 0
09-20 07:20:55(536870921231) PID_SA INFO: [Java_com_chinatelecom_smarthome_viewer_business_impl_NativeClient_writeLogToFile:118]I/Internal: onServerStatusChange/////uToken:1600010140c3ad111p3g5jmo63upuvo5//serverStatus:4//errorCode:0
09-20 07:20:55(9231) PID_SA INFO: [Java_com_chinatelecom_smarthome_viewer_business_impl_NativeClient_writeLogToFile:118]I/y0: onSelfAuthStateChange serverStatus:4,hmError:0
09-20 07:20:55(9231) ZJ_TASK INFO: [ZJ_GetPaasPlatAccessToken:3766]ogct 56 get paasplat token iRet 0
09-20 07:20:55(536870921231) PID_SA INFO: [Java_com_chinatelecom_smarthome_viewer_business_impl_NativeClient_writeLogToFile:118]I/DeviceBean: getDeviceName:GateCameras
09-20 07:20:55(536870921231) PID_SA INFO: [Java_com_chinatelecom_smarthome_viewer_business_impl_NativeClient_writeLogToFile:118]onInitPushSuccess: regid = eTaw3UHwT7yXDsUUjIDjw_:APA91bGOPrHHfPX6BI8lyu8Xuh2S_tcCJ1X6J2fTnbEulnllK4sV-ag66RoIN9ctFMucYPCZ7nWJDLxUD71DTrCmEUFuwrP9Ejga3KAQWdqdxzB2QJfr-f8
09-20 07:20:55(9231) ZJ_TASK INFO: [ZJ_SetPushToken:1024]ogct 57 set pushtoken eTaw3UHwT7yXDsUUjIDjw_:APA91bGOPrHHfPX6BI8lyu8Xuh2S_tcCJ1X6J2fTnbEulnllK4sV-ag66RoIN9ctFMucYPCZ7nWJDLxUD71DTrCmEUFuwrP9Ejga3KAQWdqdxzB2QJfr-f8 iRet 0
09-20 07:20:55(16673) cos INFO: [Cos_InetMgrProc:133]get host 43.163.94.82 ok ip 1381933867 passive 0
09-20 07:20:55(16681) cos INFO: [Cos_SocketOpen:377]socket<245> open ok
09-20 07:20:55(523986026793) TRAS_TASK INFO: [TrasP2PSlot_NewTcp:26]p2pslot creat tcp slot 0xb4000078648f9a00 peer addr: 43.163.94.82:port:25006
09-20 07:20:55(523986026793) TRAS_TASK INFO: [TrasPeer_ParseGetProxySvrRsp:1228]ogct 55 recv rsp code 0 prxoy 43.163.94.82:25006 enctype 49
09-20 07:20:55(12970367459402989865) ZJ_TASK INFO: [ZJ_RecvGetPaasTokenRsp:3750]ogct 56 recv rsp code 0
09-20 07:20:55(536870921231) PID_SA INFO: [Java_com_chinatelecom_smarthome_viewer_business_impl_NativeClient_writeLogToFile:118]I/Internal: onGetPaasPlatToken accessTokenut6AAF3BFF-00000003-00G001-jsuds/expireSeconds:86399//strPaasAddr:https://gm-ap.smartcloudcon.com
09-20 07:20:55(9231) PID_SA INFO: [Java_com_chinatelecom_smarthome_viewer_business_impl_NativeClient_writeLogToFile:118]I/HmSdkHelper: onServerStatusChange onTokenReturn accessToken:ut6AAF3BFF-00000003-00G001-jsuds
09-20 07:20:55(12970367459402982415) PID_SA INFO: [Java_com_chinatelecom_smarthome_viewer_business_impl_NativeClient_writeLogToFile:118]I/HmSdkHelper: onServerStatusChange onTokenReturn pTokenJson:{"accessToken":"ut6AAF3BFF-00000003-00G001-jsuds","createTime":1789869055414,"expireSeconds":86399,"passAddress":"https://gm-ap.smartcloudcon.com"}
09-20 07:20:55(16681) PID_SA INFO: [FUN_DEVICE_COMMON_RSP:1216]FUN_DEVICE_COMMON_RSP uiReqId:57, iErr:0
09-20 07:20:55(523986026793) ZJ_TASK INFO: [ZJ_UserProcSetPushTokenRsp:1001]ogct 57 recv rsp code 0 
09-20 07:20:55(523986026793) TRAS_TASK INFO: [TrasP2PSlot_ProcTcpState:210]tcpslot 0xb4000078648f9a00 send match req;turn to matching status
09-20 07:20:55(523986026795) TRAS_TASK INFO: [Tras_ParseP2PSlot_ProxyMatchRsp:353]peer 12000103c0537c93 Slot 0xb4000078648f9a00 recv proxy match rsp
09-20 07:20:55(523986026793) TRAS_TASK INFO: [TrasP2PSlot_ProcTcpState:243]tcpslot 0xb4000078648f9a00 send test req and turn to testing status
09-20 07:20:56(16681) TRAS_TASK INFO: [TrasP2PSlot_SetToUser:1052]tcpslot 0xb4000078648f9a00 set bestest to peer 12000103c0537c93,old 0x0 udpflag 0 
09-20 07:20:56(523986026793) TRAS_TASK INFO: [TrasP2PSlot_ProcTcpState:282]tcpslot 0xb4000078648f9a00 tested ok tickcnt 288018024
09-20 07:20:56(16681) cos INFO: [Cos_SocketOpen:377]socket<296> open ok
09-20 07:20:56(12970367455108022569) TRAS_TASK INFO: [TrasNat_CreatNatHole:622]creat new nat hole get local udp port 8177 socket type 0
09-20 07:20:56(16681) TRAS_TASK INFO: [TrasNat_CheckNat:226]send udp msg to server 129.227.231.210:30194 iret 72
09-20 07:20:56(70368744194345) TRAS_TASK INFO: [TrasPeer_ProcGetNetInfo:482]peer 12000103c0537c93 get natinf status 2
09-20 07:20:56(12970367455108022569) CFG_TASK INFO: [Cfg_SetPeerDevCanUseStatus:645]set device 12000103c0537c93 oldflag 0 group 22000101413a31a9 can use status 1
09-20 07:20:56(12970367455108022569) PID_SA INFO: [FUN_DEVICE_STATUS:1267]FUN_DEVICE_STATUS deviceId:12000103c0537c93, status:5
09-20 07:20:56(523986026793) nvr_cfg WARN: [cfg_OnPeerDeviceStatusChange:454]Ignonre 12000103c0537c93 status changed
09-20 07:20:56(12970367455108022569) TRAS_TASK INFO: [TrasPeer_ProcStatusCbFlag:618]device 12000103c0537c93 slot can use
09-20 07:20:56(515396084751) PID_SA INFO: [Java_com_chinatelecom_smarthome_viewer_business_impl_NativeClient_writeLogToFile:118]I/LowPowerHeart: onDeviceStateChange awakeDevice groupId:22000101413a31a9//deviceId:12000103c0537c93//status:5//StatusEnum:5//statusName:CANUSE
09-20 07:20:56(545460855823) PID_SA INFO: [Java_com_chinatelecom_smarthome_viewer_business_impl_NativeClient_writeLogToFile:118]I/y0: onDeviceStateChange groupId:22000101413a31a9,deviceId:12000103c0537c93,devicePresenceState:5   deviceType = CAMERA  awakeAbility:NOT_SUPPORT
09-20 07:20:56(536870928602) PID_SA INFO: [Java_com_chinatelecom_smarthome_viewer_business_impl_NativeClient_writeLogToFile:118]I/DeviceBean: getDeviceName:GateCameras
09-20 07:20:56(523986026793) TRAS_TASK INFO: [TrasBase_OnPortHoleUDPRecv:983]recv msg 32,27
09-20 07:20:56(16681) TRAS_TASK INFO: [Tras_ParseNatTestRsp:215]Recv Nat test rsp: {"METHOD":"201B","SEQID":"60","CODE":"0","BODY":{"NatIP":"183.83.229.60","Port":"10109"}}
09-20 07:20:56(16681) TRAS_TASK INFO: [TrasPeer_GetNetInfo:936]start  get peer 12000103c0537c93 nat inf req body {"METHOD":"201E","SEQID":"61","BODY":{"UPNPFlag":"1","UPNPIP":"10.116.167.132","UPNPPort":"15668","LocalIP":"192.168.1.50","LocalTCPPort":"15668","LocalUDPPort":"8177","NatType":"1","NatIP":"183.83.229.60","NatPort":"10109"}}
09-20 07:20:56(523986026793) TRAS_TASK INFO: [TrasPeer_ProcGetNetInfo:492]peer 12000103c0537c93 get natinf status 3
09-20 07:20:56(12970367459402982415) PID_SA INFO: [Java_com_chinatelecom_smarthome_viewer_business_impl_NativeClient_writeLogToFile:118]BaseActivity: onRestart==mIsShowAd:false//activity is CareMainActivity
09-20 07:20:56(532575953935) PID_SA INFO: [Java_com_chinatelecom_smarthome_viewer_business_impl_NativeClient_writeLogToFile:118]I/PackageViewModel: play ON_START code: -10000,payRetainType:0,isWeChatPaying:false
09-20 07:20:56(9231) PID_SA INFO: [Java_com_chinatelecom_smarthome_viewer_business_impl_NativeClient_writeLogToFile:118]E/LowPowerHeart: Heartbeat resumeDeviceHeart duration:0,interval:3000,canHeartExt:false
09-20 07:20:56(9231) PID_SA INFO: [Java_com_chinatelecom_smarthome_viewer_business_impl_NativeClient_setBackgroundToFront:88]setBackgroundToFront 1
09-20 07:20:56(545460855823) PID_SA INFO: [Java_com_chinatelecom_smarthome_viewer_business_impl_NativeClient_writeLogToFile:118]I/BaseActivity: onResume==mIsShowAd:false//activity is CareMainActivity
09-20 07:20:56(9231) PID_SA INFO: [Java_com_chinatelecom_smarthome_viewer_business_impl_NativeUser_getOwnerVCardInfo:354]uiMarried:0,  uiSex:0, aucMobile:, aucEmail:, aucAddress:,aucBirthday:, aucCity:, aucCountry:GB,aucVMid:, aucNickName:, aucProvice:,aucPhotoProfile:,aucRegPeriod:,
09-20 07:20:56(9231) PID_SA INFO: [Java_com_chinatelecom_smarthome_viewer_business_impl_NativeClient_writeLogToFile:118]I/DeviceList: dispatchAction:RequestMarketAd
09-20 07:20:56(8062480241177666575) PID_SA INFO: [Java_com_chinatelecom_smarthome_viewer_business_impl_NativeClient_writeLogToFile:118]AdList: AdvertisingRequst(id=, adcode=Android_en_sale_window, width=1080, height=2400, appver=2.9.37, appid=1593592778513070, companyid=0000213ed0cdb8bc, countryCode=GB, platform=2, lang=2, uid=1600010140c3ad11)
09-20 07:20:56(9231) ZJ_TASK INFO: [ZJ_UsrGetDevPackages:2678]ogct 62 get owner charge package iRet 0
09-20 07:20:56(9231) PID_SA INFO: [Java_com_chinatelecom_smarthome_viewer_business_impl_NativeClient_writeLogToFile:118]I/PackageViewModel: play ON_RESUME code: -10000,payRetainType:0
09-20 07:20:56(9231) PID_SA INFO: [Java_com_chinatelecom_smarthome_viewer_business_impl_NativeClient_writeLogToFile:118]I/PaymentManager: payResultCode:-10000, orderInfo is null:true, isAlipaySubscriptionPaying:false
09-20 07:20:56(528280986639) PID_SA INFO: [Java_com_chinatelecom_smarthome_viewer_business_impl_NativeClient_writeLogToFile:118]I/DeviceBean: getDeviceName:GateCameras
09-20 07:20:56(528280986639) PID_SA INFO: [Java_com_chinatelecom_smarthome_viewer_business_impl_NativeClient_writeLogToFile:118]I/DeviceBean: getDeviceName:GateCameras
09-20 07:20:56(28429402144522578) PID_SA INFO: [Java_com_chinatelecom_smarthome_viewer_business_impl_NativeClient_writeLogToFile:118]I/CurlLogger: cURL -X POST -H "Content-Type: application/json; charset=UTF-8"  -d '{"adcode":"Android_en_sale_window","appid":"1593592778513070","appver":"2.9.37","companyid":"0000213ed0cdb8bc","countryCode":"GB","height":"2400","id":"","lang":"2","platform":"2","uid":"1600010140c3ad11","width":"1080"}' "https://exsvr.smartcloudcon.com/carewebin/store/getadlist/v2" -L
09-20 07:20:56(523986026793) cos INFO: [Cos_SocketClose:390]socket<153> closed
09-20 07:20:56(523986026793) PID_SA INFO: [FUN_SERVER_STATUS:2600]FUN_SERVER_STATUS enServerStatus:0, iErr:0
09-20 07:20:56(4294983977) PID_SA INFO: [FUN_SERVER_STATUS:2600]FUN_SERVER_STATUS enServerStatus:1, iErr:0
09-20 07:20:56(12970367459402989865) cos INFO: [Cos_SocketOpen:377]socket<491> open ok
09-20 07:20:56(12970367455108022569) TRAS_TASK INFO: [TrasLink_Connect:245]Link Connect Addr:43.133.96.204:19336,ConnFlag:1
09-20 07:20:56(16681) TRAS_TASK INFO: [TrasPeer_ProcGetNetInfo:507]peer 12000103c0537c93 get natinf time out turn to status 0
09-20 07:20:56(9231) PID_SA INFO: [Java_com_chinatelecom_smarthome_viewer_business_impl_NativeClient_writeLogToFile:118]I/DeviceBean: getDeviceName:GateCameras
09-20 07:20:56(9231) PID_SA INFO: [Java_com_chinatelecom_smarthome_viewer_business_impl_NativeClient_writeLogToFile:118]I/DeviceBean: getDeviceName:GateCameras
09-20 07:20:56(523986026793) cos INFO: [Cos_SocketAccept:455]socket<316> accepted
09-20 07:20:56(523986026793) TRAS_TASK INFO: [TrasP2PSlot_NewTcp:26]p2pslot creat tcp slot 0xb4000078648f9280 peer addr: 192.168.1.192:port:43638
09-20 07:20:56(523986026793) TRAS_TASK INFO: [TrasLocalLan_TCPAccept:433]tcpslot 0xb4000078648f9280 turn to connected for accept peer port 43638
09-20 07:20:56(523986026793) cos INFO: [Cos_SocketClose:390]socket<296> closed
09-20 07:20:56(16681) cos INFO: [Cos_SocketOpen:377]socket<296> open ok
09-20 07:20:56(12970367455108022569) TRAS_TASK INFO: [TrasNat_CreatNatHole:622]creat new nat hole get local udp port 8178 socket type 0
09-20 07:20:56(16681) TRAS_TASK INFO: [TrasNat_CheckNat:226]send udp msg to server 129.227.231.210:30194 iret 72
09-20 07:20:56(70368744194345) TRAS_TASK INFO: [TrasPeer_ProcGetNetInfo:482]peer 12000103c0537c93 get natinf status 2
09-20 07:20:56(523986026793) TRAS_TASK INFO: [TrasP2PSlot_ProcTcpState:230]tcpslot 0xb4000078648f9280 have peerid 0; slottype 0 send tcp req turn to testing status
09-20 07:20:56(523986026793) cos INFO: [Cos_SocketAccept:455]socket<497> accepted
09-20 07:20:56(523986026793) TRAS_TASK INFO: [TrasP2PSlot_NewTcp:26]p2pslot creat tcp slot 0xb4000078648f9580 peer addr: 192.168.1.1:port:53088
09-20 07:20:56(523986026793) TRAS_TASK INFO: [TrasLocalLan_TCPAccept:433]tcpslot 0xb4000078648f9580 turn to connected for accept peer port 53088
09-20 07:20:56(523986026793) TRAS_TASK INFO: [TrasP2PSlot_ProcTcpState:230]tcpslot 0xb4000078648f9580 have peerid 0; slottype 0 send tcp req turn to testing status
09-20 07:20:56(515396084751) PID_SA INFO: [Java_com_chinatelecom_smarthome_viewer_business_impl_NativeClient_writeLogToFile:118]I/Internal: onServerStatusChange/////uToken:1600010140c3ad111p3g5jmo63upuvo5//serverStatus:0//errorCode:0
09-20 07:20:56(9231) PID_SA INFO: [Java_com_chinatelecom_smarthome_viewer_business_impl_NativeClient_writeLogToFile:118]I/y0: onSelfAuthStateChange serverStatus:0,hmError:0
09-20 07:20:56(515396084751) PID_SA INFO: [Java_com_chinatelecom_smarthome_viewer_business_impl_NativeClient_writeLogToFile:118]I/Internal: onServerStatusChange/////uToken:1600010140c3ad111p3g5jmo63upuvo5//serverStatus:1//errorCode:0
09-20 07:20:56(12970367455108015119) PID_SA INFO: [Java_com_chinatelecom_smarthome_viewer_business_impl_NativeClient_writeLogToFile:118]I/y0: onSelfAuthStateChange serverStatus:1,hmError:0
09-20 07:20:56(528280986639) PID_SA INFO: [Java_com_chinatelecom_smarthome_viewer_business_impl_NativeClient_writeLogToFile:118]I/DeviceBean: getDeviceName:GateCameras
09-20 07:20:56(528280986639) PID_SA INFO: [Java_com_chinatelecom_smarthome_viewer_business_impl_NativeClient_writeLogToFile:118]I/DeviceBean: getDeviceName:GateCameras
09-20 07:20:56(523986026788) CFG_TASK INFO: [Cfg_ProcPeerDeviceCfg:3978]peer 12000103c0537c93 sync cfg by p2p
09-20 07:20:56(523986026795) TRAS_TASK INFO: [TrasP2PSlot_TCPSendLocalTCPRsp:711]send local rsp rsp {"METHOD":"3115","SEQID":"84","CODE":"0","BODY":{"OsType":"3"}} to peer 12000103c0537c93
09-20 07:20:56(16681) TRAS_TASK INFO: [TrasBase_ProcBaseSock:670]Link Connect Addr:43.133.96.204:19336,ConnectFlag is: 2
09-20 07:20:56(562958543372585) TRAS_TASK INFO: [TrasP2PSlot_SetToUser:1052]tcpslot 0xb4000078648f9280 set bestest to peer 12000103c0537c93,old 0xb4000078648f9a00 udpflag 0 
09-20 07:20:56(523986026793) TRAS_TASK INFO: [TrasP2PSlot_ProcTcpState:282]tcpslot 0xb4000078648f9280 tested ok tickcnt 288018445
09-20 07:20:56(8028883838757257513) TRAS_TASK INFO: [TrasBase_OnPortHoleUDPRecv:983]recv msg 32,27
09-20 07:20:56(16681) TRAS_TASK INFO: [Tras_ParseNatTestRsp:215]Recv Nat test rsp: {"METHOD":"201B","SEQID":"63","CODE":"0","BODY":{"NatIP":"183.83.229.60","Port":"10968"}}
09-20 07:20:56(4294983977) PID_SA INFO: [FUN_SERVER_STATUS:2600]FUN_SERVER_STATUS enServerStatus:2, iErr:0
09-20 07:20:56(515396084751) PID_SA INFO: [Java_com_chinatelecom_smarthome_viewer_business_impl_NativeClient_writeLogToFile:118]I/Internal: onServerStatusChange/////uToken:1600010140c3ad111p3g5jmo63upuvo5//serverStatus:2//errorCode:0
09-20 07:20:56(9231) PID_SA INFO: [Java_com_chinatelecom_smarthome_viewer_business_impl_NativeClient_writeLogToFile:118]I/y0: onSelfAuthStateChange serverStatus:2,hmError:0
09-20 07:20:56(523986026793) TRAS_TASK INFO: [TrasPeer_GetNetInfo:936]start  get peer 12000103c0537c93 nat inf req body {"METHOD":"201E","SEQID":"86","BODY":{"UPNPFlag":"1","UPNPIP":"10.116.167.132","UPNPPort":"15668","LocalIP":"192.168.1.50","LocalTCPPort":"15668","LocalUDPPort":"8178","NatType":"1","NatIP":"183.83.229.60","NatPort":"10968"}}
09-20 07:20:56(523986026793) TRAS_TASK INFO: [TrasPeer_ProcGetNetInfo:492]peer 12000103c0537c93 get natinf status 3
09-20 07:20:56(8295743136248906025) CFG_TASK INFO: [Cfg_SetPeerDevCanUseStatus:645]set device 12000103c0537c93 oldflag 0 group 22000101413a31a9 can use status 1
09-20 07:20:56(8295743136248906025) PID_SA INFO: [FUN_DEVICE_STATUS:1267]FUN_DEVICE_STATUS deviceId:12000103c0537c93, status:5
09-20 07:20:56(523986026793) nvr_cfg WARN: [cfg_OnPeerDeviceStatusChange:454]Ignonre 12000103c0537c93 status changed
09-20 07:20:56(536870921231) PID_SA INFO: [Java_com_chinatelecom_smarthome_viewer_business_impl_NativeClient_writeLogToFile:118]I/LowPowerHeart: onDeviceStateChange awakeDevice groupId:22000101413a31a9//deviceId:12000103c0537c93//status:5//StatusEnum:5//statusName:CANUSE
09-20 07:20:56(545460855823) PID_SA INFO: [Java_com_chinatelecom_smarthome_viewer_business_impl_NativeClient_writeLogToFile:118]I/y0: onDeviceStateChange groupId:22000101413a31a9,deviceId:12000103c0537c93,devicePresenceState:5   deviceType = CAMERA  awakeAbility:NOT_SUPPORT
09-20 07:20:56(12970367455108022569) TRAS_TASK INFO: [TrasPeer_ProcStatusCbFlag:618]device 12000103c0537c93 slot can use
09-20 07:20:56(12970367455108022569) TRAS_TASK INFO: [TrasPeer_ProcStatusCbFlag:673]device 12000103c0537c93 udpslot 0x0 p2p status 1, local NatType:1, ConeType:3, NetType:2
09-20 07:20:56(16681) TRAS_TASK INFO: [TrasP2PSlot_ProcTcpState:282]tcpslot 0xb4000078648f9580 tested ok tickcnt 288018460
09-20 07:20:56(536870928707) PID_SA INFO: [Java_com_chinatelecom_smarthome_viewer_business_impl_NativeClient_writeLogToFile:118]I/DeviceBean: getDeviceName:GateCameras
09-20 07:20:56(9231) PID_SA INFO: [Java_com_chinatelecom_smarthome_viewer_business_impl_NativeClient_writeLogToFile:118]I/DeviceBean: getDeviceName:GateCameras
09-20 07:20:56(545460855823) PID_SA INFO: [Java_com_chinatelecom_smarthome_viewer_business_impl_NativeClient_writeLogToFile:118]I/DeviceBean: getDeviceName:GateCameras
09-20 07:20:56(12970367442223120681) TRAS_TASK INFO: [TrasLink_AuthUserToken:188]ogct 87 send login requst body {"METHOD":"4116","SEQID":"87","BODY":{"UserToken":"1600010140c3ad111p3g5jmo63upuvo5","SDKVersion":"51713056","WebDomainAbilty":"1","TestFlag":"1"}} iRet 0 
09-20 07:20:56(16681) PID_SA INFO: [FUN_SERVER_STATUS:2600]FUN_SERVER_STATUS enServerStatus:4, iErr:0
09-20 07:20:56(523986026793) TRAS_TASK INFO: [TrasLink_ProcAuthTokenRsp:292]ogct 87 recv auth rsp code 0 
09-20 07:20:56(536870921231) PID_SA INFO: [Java_com_chinatelecom_smarthome_viewer_business_impl_NativeClient_writeLogToFile:118]I/Internal: onServerStatusChange/////uToken:1600010140c3ad111p3g5jmo63upuvo5//serverStatus:4//errorCode:0
09-20 07:20:56(9231) PID_SA INFO: [Java_com_chinatelecom_smarthome_viewer_business_impl_NativeClient_writeLogToFile:118]I/y0: onSelfAuthStateChange serverStatus:4,hmError:0
09-20 07:20:56(9231) ZJ_TASK INFO: [ZJ_GetPaasPlatAccessToken:3766]ogct 88 get paasplat token iRet 0
09-20 07:20:56(536870921231) PID_SA INFO: [Java_com_chinatelecom_smarthome_viewer_business_impl_NativeClient_writeLogToFile:118]onInitPushSuccess: regid = eTaw3UHwT7yXDsUUjIDjw_:APA91bGOPrHHfPX6BI8lyu8Xuh2S_tcCJ1X6J2fTnbEulnllK4sV-ag66RoIN9ctFMucYPCZ7nWJDLxUD71DTrCmEUFuwrP9Ejga3KAQWdqdxzB2QJfr-f8
09-20 07:20:56(545460855823) ZJ_TASK INFO: [ZJ_SetPushToken:1024]ogct 89 set pushtoken eTaw3UHwT7yXDsUUjIDjw_:APA91bGOPrHHfPX6BI8lyu8Xuh2S_tcCJ1X6J2fTnbEulnllK4sV-ag66RoIN9ctFMucYPCZ7nWJDLxUD71DTrCmEUFuwrP9Ejga3KAQWdqdxzB2QJfr-f8 iRet 0
09-20 07:20:56(16673) cos INFO: [Cos_InetMgrProc:133]get host 183.83.229.60 ok ip 1021662135 passive 0
09-20 07:20:56(523986026795) TRAS_TASK INFO: [TrasPeer_SetNatInfo:289]set peer 12000103c0537c93 nat port 11359 socket type 0
09-20 07:20:56(16683) PID_SA INFO: [FUN_GETPEERNATTYPE:3524]FUN_GETPEERNATTYPE pucPeerId:12000103c0537c93, uiNatType:1
09-20 07:20:56(523986026795) TRAS_TASK INFO: [TrasPeer_SetLocalTCPPort:236]set peer 12000103c0537c93 lcoal tcp port 16668 socket type 0
09-20 07:20:56(16683) TRAS_TASK INFO: [TrasPeer_SetUdpLocalInfo:276]set peer 12000103c0537c93 lcoal udp port 7553 socket type 0
09-20 07:20:56(16683) TRAS_TASK INFO: [TrasPeer_ParseGetNetInfoRsp:1044]peer 12000103c0537c93 recv natinf rsp;nattype 1 lcoalip 192.168.1.192:16668,7553 natip 183.83.229.60:11359
09-20 07:20:56(12970367450813055273) TRAS_TASK INFO: [TrasPeer_ProcGetNetInfo:512]peer 12000103c0537c93 get natinf status 4
09-20 07:20:56(16681) TRAS_TASK INFO: [TrasP2PSlot_NewUdp:48]udpslot creat ok 0xb4000078648f9700 socketfd 296
09-20 07:20:56(12970367455108022569) TRAS_TASK INFO: [TrasPeer_ProcSlotCreateUDP:695]device 12000103c0537c93 udpslot creat ok 0xb4000078648f9700
09-20 07:20:56(523986026793) TRAS_TASK INFO: [TrasPeer_ProcGetNetInfo:524]peer 12000103c0537c93 get natinf success
09-20 07:20:56(523986026793) TRAS_TASK INFO: [TrasPeer_SetUdpDstAddr:585]udpslot 0xb4000078648f9700 set peerid 12000103c0537c93 local port 7553
09-20 07:20:56(16681) TRAS_TASK INFO: [TrasP2PSlot_ProcUdpState:390]udpslot 0xb4000078648f9700 tutn to testing status
09-20 07:20:56(12970367459402989865) ZJ_TASK INFO: [ZJ_RecvGetPaasTokenRsp:3750]ogct 88 recv rsp code 0
09-20 07:20:56(16681) TRAS_TASK INFO: [TrasPeer_ProcStatusCbFlag:673]device 12000103c0537c93 udpslot 0x0 p2p status 0, local NatType:1, ConeType:3, NetType:2
09-20 07:20:56(489626280975) PID_SA INFO: [Java_com_chinatelecom_smarthome_viewer_business_impl_NativeClient_writeLogToFile:118]I/Internal: onGetPaasPlatToken accessTokenut6AAF3C00-00000003-00G001-kw1rw/expireSeconds:86399//strPaasAddr:https://gm-ap.smartcloudcon.com
09-20 07:20:56(9231) PID_SA INFO: [Java_com_chinatelecom_smarthome_viewer_business_impl_NativeClient_writeLogToFile:118]I/HmSdkHelper: onServerStatusChange onTokenReturn accessToken:ut6AAF3C00-00000003-00G001-kw1rw
09-20 07:20:56(12970367459402982415) PID_SA INFO: [Java_com_chinatelecom_smarthome_viewer_business_impl_NativeClient_writeLogToFile:118]I/HmSdkHelper: onServerStatusChange onTokenReturn pTokenJson:{"accessToken":"ut6AAF3C00-00000003-00G001-kw1rw","createTime":1789869056794,"expireSeconds":86399,"passAddress":"https://gm-ap.smartcloudcon.com"}
09-20 07:20:56(523986026793) TRAS_TASK INFO: [Tras_UdpSlotSendHoleReq:197]udpslot 0xb4000078648f9700 send hole req to peer 192.168.1.192 port 7553,nattype 0
09-20 07:20:56(16681) PID_SA INFO: [FUN_DEVICE_COMMON_RSP:1216]FUN_DEVICE_COMMON_RSP uiReqId:89, iErr:0
09-20 07:20:56(523986026793) ZJ_TASK INFO: [ZJ_UserProcSetPushTokenRsp:1001]ogct 89 recv rsp code 0 
09-20 07:20:56(9231) ZJ_TASK INFO: [ZJ_RefreshDevicesStatus:612]ogct 91 refresh all devices status iRet 0
09-20 07:20:56(9231) PID_SA INFO: [Java_com_chinatelecom_smarthome_viewer_business_impl_NativeClient_writeLogToFile:118]I/DeviceList: dispatchAction:RequestAllAd
09-20 07:20:56(8062480241177666575) PID_SA INFO: [Java_com_chinatelecom_smarthome_viewer_business_impl_NativeClient_writeLogToFile:118]AdList: AdvertisingRequst(id=, adcode=pro_Android_en_list_banner, width=1080, height=2400, appver=2.9.37, appid=1593592778513070, companyid=0000213ed0cdb8bc, countryCode=GB, platform=2, lang=2, uid=1600010140c3ad11)
09-20 07:20:56(545460855823) PID_SA INFO: [Java_com_chinatelecom_smarthome_viewer_business_impl_NativeClient_writeLogToFile:118]I/HmAdManager: getCachedAdListData from memory, size=4
09-20 07:20:56(9231) PID_SA INFO: [Java_com_chinatelecom_smarthome_viewer_business_impl_NativeClient_writeLogToFile:118]I/HmAdManager: getAdDataByStrategy: adPositionKey=pro_Android_en_Native1 lastCountDate:2026-09-20,now:1789869056857,today:2026-09-20,displayMaxTimes:0
09-20 07:20:56(9231) PID_SA INFO: [Java_com_chinatelecom_smarthome_viewer_business_impl_NativeClient_writeLogToFile:118]I/HmAdManager: currentAdType: 3
09-20 07:20:56(528280986639) PID_SA INFO: [Java_com_chinatelecom_smarthome_viewer_business_impl_NativeClient_writeLogToFile:118]I/HmAdManager: lastShowTime: 0
09-20 07:20:56(9231) PID_SA INFO: [Java_com_chinatelecom_smarthome_viewer_business_impl_NativeClient_writeLogToFile:118]I/HmAdManager: loadHomeBannerAD==isAdBuyNoShowad:false,Model:ImageTitleBean{imageUrl='null', title='null', imageId=0, clickUrl='null', adsource='applovin', adsourcecode='eb1b86e5d9feb53e', skip=0, skip_type=0, click=0, show_time_length=5, adcode='pro_Android_en_Native1', isDowload=false, jumpType='null', adtype=1, req_ad_timeout=0, strategy_type=-1, rule_conf=null, after_click_action=null, rule_update_times=0, showPrice='null', price='null', unit='null', currency_symbol='null', adId='null', page_name='null'}
09-20 07:20:56(9231) PID_SA INFO: [Java_com_chinatelecom_smarthome_viewer_business_impl_NativeClient_writeLogToFile:118]I/HmAdManager: loadHomeBannerAD==adModel:ImageTitleBean{imageUrl='null', title='null', imageId=0, clickUrl='null', adsource='applovin', adsourcecode='eb1b86e5d9feb53e', skip=0, skip_type=0, click=0, show_time_length=5, adcode='pro_Android_en_Native1', isDowload=false, jumpType='null', adtype=1, req_ad_timeout=0, strategy_type=-1, rule_conf=null, after_click_action=null, rule_update_times=0, showPrice='null', price='null', unit='null', currency_symbol='null', adId='null', page_name='null'}
09-20 07:20:56(8062480241177666575) PID_SA INFO: [Java_com_chinatelecom_smarthome_viewer_business_impl_NativeClient_writeLogToFile:118]AdList: AdvertisingRequst(id=, adcode=pro_Android_en_right_sidebar, width=1080, height=2400, appver=2.9.37, appid=1593592778513070, companyid=0000213ed0cdb8bc, countryCode=GB, platform=2, lang=2, uid=1600010140c3ad11)
09-20 07:20:56(9231) PID_SA INFO: [Java_com_chinatelecom_smarthome_viewer_business_impl_NativeClient_writeLogToFile:118]I/DeviceList: dispatchAction:com.huiyun.care.viewer.main.deviceList.a$b@929f04f
09-20 07:20:56(28429402144522884) PID_SA INFO: [Java_com_chinatelecom_smarthome_viewer_business_impl_NativeClient_writeLogToFile:118]I/CurlLogger: cURL -X POST -H "Content-Type: application/json; charset=UTF-8"  -d '{"adcode":"pro_Android_en_list_banner","appid":"1593592778513070","appver":"2.9.37","companyid":"0000213ed0cdb8bc","countryCode":"GB","height":"2400","id":"","lang":"2","platform":"2","uid":"1600010140c3ad11","width":"1080"}' "https://exsvr.smartcloudcon.com/carewebin/store/getadlist/v2" -L
09-20 07:20:56(28429402144522921) PID_SA INFO: [Java_com_chinatelecom_smarthome_viewer_business_impl_NativeClient_writeLogToFile:118]I/CurlLogger: cURL -X POST -H "Content-Type: application/json; charset=UTF-8"  -d '{"adcode":"pro_Android_en_right_sidebar","appid":"1593592778513070","appver":"2.9.37","companyid":"0000213ed0cdb8bc","countryCode":"GB","height":"2400","id":"","lang":"2","platform":"2","uid":"1600010140c3ad11","width":"1080"}' "https://exsvr.smartcloudcon.com/carewebin/store/getadlist/v2" -L
09-20 07:20:56(9231) PID_SA INFO: [Java_com_chinatelecom_smarthome_viewer_business_impl_NativeClient_writeLogToFile:118]I/DeviceBean: getDeviceName:GateCameras
09-20 07:20:56(9231) PID_SA INFO: [Java_com_chinatelecom_smarthome_viewer_business_impl_NativeClient_writeLogToFile:118]I/DeviceBean: getDeviceName:GateCameras
09-20 07:20:56(16681) PID_SA INFO: [FUN_DEVICE_COMMON_RSP:1216]FUN_DEVICE_COMMON_RSP uiReqId:91, iErr:0
09-20 07:20:56(523986026793) ZJ_TASK INFO: [ZJ_UserProcCommonRsp:220]ogct 91 recv rsp code 0 
09-20 07:20:56(12970367459402989860) CFG_TASK INFO: [Cfg_ProcDevStatusNtc:1268]ogct 3859586128 Ntc did 12000103c0537c93 oldflag 0 online status 1 pushflag 0 upstatus 0 Rate 0
09-20 07:20:56(16145290980633887012) CFG_TASK INFO: [Cfg_ParseRecvNetData:1502]recv msgtype 37 msgid 3e
09-20 07:20:56(523986026795) TRAS_TASK INFO: [TrasPeer_SetUdpLocalInfo:276]set peer 12000103c0537c93 lcoal udp port 7554 socket type 0
09-20 07:20:56(523986026795) TRAS_TASK INFO: [TrasPeer_ParseGetNetInfoRsp:1044]peer 12000103c0537c93 recv natinf rsp;nattype 0 lcoalip 192.168.1.192:16668,7554 natip :0
09-20 07:20:56(12970367450813055273) TRAS_TASK INFO: [TrasPeer_ProcOnLine:566]p2pslot 0xb4000078648f9700 set close for nat change 
09-20 07:20:56(523986026793) cos INFO: [Cos_SocketClose:390]socket<296> closed
09-20 07:20:56(16681) TRAS_TASK INFO: [TrasP2PSlot_ProcUdpState:529]peerId 12000103c0537c93, udpslot 0xb4000078648f9700 closed ok now udp can useflag 0
09-20 07:20:56(18446744069414601001) cos INFO: [Cos_SocketOpen:377]socket<296> open ok
09-20 07:20:56(12970367455108022569) TRAS_TASK INFO: [TrasNat_CreatNatHole:622]creat new nat hole get local udp port 8179 socket type 0
09-20 07:20:56(16681) TRAS_TASK INFO: [TrasPeer_ProcGetNetInfo:482]peer 12000103c0537c93 get natinf status 2
09-20 07:20:57(16681) TRAS_TASK INFO: [TrasPeer_GetNetInfo:936]start  get peer 12000103c0537c93 nat inf req body {"METHOD":"201E","SEQID":"92","BODY":{"UPNPFlag":"1","UPNPIP":"10.116.167.132","UPNPPort":"15668","LocalIP":"192.168.1.50","LocalTCPPort":"15668","LocalUDPPort":"8179"}}
09-20 07:20:57(523986026793) TRAS_TASK INFO: [TrasPeer_ProcGetNetInfo:492]peer 12000103c0537c93 get natinf status 3
09-20 07:20:57(16681) TRAS_TASK INFO: [TrasP2PSlot_Close:61]close the Slot 0xb4000078648f9700  flag 0 ok .
09-20 07:20:57(12970367455108022569) TRAS_TASK INFO: [TrasBase_OnPortHoleUDPRecv:983]recv msg 32,34
09-20 07:20:57(523986026795) TRAS_TASK INFO: [TrasPeer_SetUdpLocalInfo:276]set peer 12000103c0537c93 lcoal udp port 7555 socket type 0
09-20 07:20:57(523986026795) TRAS_TASK INFO: [TrasPeer_ParseGetNetInfoRsp:1044]peer 12000103c0537c93 recv natinf rsp;nattype 0 lcoalip 192.168.1.192:16668,7555 natip :0
09-20 07:20:57(16681) TRAS_TASK INFO: [TrasPeer_ProcGetNetInfo:512]peer 12000103c0537c93 get natinf status 4
09-20 07:20:57(16681) TRAS_TASK INFO: [TrasP2PSlot_NewUdp:48]udpslot creat ok 0xb4000078648f9880 socketfd 296
09-20 07:20:57(12970367455108022569) TRAS_TASK INFO: [TrasPeer_ProcSlotCreateUDP:695]device 12000103c0537c93 udpslot creat ok 0xb4000078648f9880
09-20 07:20:57(523986026793) TRAS_TASK INFO: [TrasPeer_ProcGetNetInfo:524]peer 12000103c0537c93 get natinf success
09-20 07:20:57(523986026793) TRAS_TASK INFO: [TrasPeer_SetUdpDstAddr:585]udpslot 0xb4000078648f9880 set peerid 12000103c0537c93 local port 7555
09-20 07:20:57(16681) TRAS_TASK INFO: [TrasP2PSlot_ProcUdpState:390]udpslot 0xb4000078648f9880 tutn to testing status
09-20 07:20:57(4294983977) TRAS_TASK INFO: [TrasPeer_ProcStatusCbFlag:673]device 12000103c0537c93 udpslot 0x0 p2p status 0, local NatType:1, ConeType:3, NetType:2
09-20 07:20:57(523986026793) TRAS_TASK INFO: [Tras_UdpSlotSendHoleReq:197]udpslot 0xb4000078648f9880 send hole req to peer 192.168.1.192 port 7555,nattype 0
09-20 07:20:57(16676) PID_SA INFO: [FUN_DEVICE_CFG_STATUS:1249]FUN_DEVICE_CFG_STATUS pucDeviceId:12000103c0537c93, enDeviceCfgItem:0
09-20 07:20:57(489626280975) PID_SA INFO: [Java_com_chinatelecom_smarthome_viewer_business_impl_NativeClient_writeLogToFile:118]I/y0: onDeviceConfigUpdate  deviceId is =12000103c0537c93,,,,ALL
09-20 07:20:57(545460855823) PID_SA INFO: [Java_com_chinatelecom_smarthome_viewer_business_impl_NativeClient_writeLogToFile:118]DeviceManager: cache TF Card Info
09-20 07:20:57(545460855823) CMD_TASK INFO: [Cmd_GetPeerTfCardInf:830]reqid 94 send GetPeerTfCardInf msg {"METHOD":"344E","SEQID":"94","FROM":{"UserToken":"1600010140c3ad111p3g5jmo63upuvo5"},"TO":{"DID":"12000103c0537c93"}} to peer 12000103c0537c93, iret 0
09-20 07:20:57(545460855823) PID_SA INFO: [Java_com_chinatelecom_smarthome_viewer_business_impl_NativeCommand_getTFCardInfo:394]HM_GetSdCardInf ret = 0 puiReqId = 94
09-20 07:20:57(523986026793) TRAS_TASK INFO: [TrasP2PSlot_ProcUdpState:398]udpslot 0xb4000078648f9880 tutn testing to tested status
09-20 07:20:57(523986026793) TRAS_TASK INFO: [TrasP2PSlot_ProcUdpState:459]udpslot 0xb4000078648f9880 turn tested to proc status peer 192.168.1.192:7555
09-20 07:20:57(16681) TRAS_TASK INFO: [TrasPeer_SendP2PStatus:516]ogct 96 send msg {"METHOD":"3388","SEQID":"96","BODY":{"P2PStatus":"1","P2PType":"3","PeerNatType":"1","LocalNatType":"1","DID":"12000103c0537c93"}} to server 8
09-20 07:20:57(16681) PID_SA INFO: [FUN_DEVICEP2PRESULT_CB:2936]FUN_DEVICEP2PRESULT_CB did:12000103c0537c93, p2pFlag:1, localNatType:1, peerNatType:1
09-20 07:20:57(16681) TRAS_TASK INFO: [TrasPeer_ProcStatusCbFlag:673]device 12000103c0537c93 udpslot 0xb4000078648f9880 p2p status 1, local NatType:1, ConeType:3, NetType:2
09-20 07:20:57(16677) CMD_TASK INFO: [Cmd_ProcRecvNetMsg:5738]reqid 94 recv rsp content {"CODE":"0","METHOD":"344F","SEQID":"94","FROM":{"DID":"12000103c0537c93"},"TO":{"UserToken":"1600010140c3ad111p3g5jmo63upuvo5"},"BODY":{"StorageAbility":"1","TotalSize":"0","FreeSize":"0","CardStatus":"2"}}
09-20 07:20:57(16677) PID_SA INFO: [FUN_DEVICE_RSP_GET_TFCARD_INFO:2342]FUN_DEVICE_RSP_GET_TFCARD_INFO uiReqId:94, uiTotalSize:0, uiRemainSize:0, iErr:2
09-20 07:20:57(12970367459402982415) PID_SA INFO: [Java_com_chinatelecom_smarthome_viewer_business_impl_NativeClient_writeLogToFile:118]DeviceManager: deviceId = 12000103c0537c93   get sdcard info errorCode = 2
09-20 07:20:58(16325694678122834) PID_SA INFO: [Java_com_chinatelecom_smarthome_viewer_business_impl_NativeClient_writeLogToFile:118]I/CurlLogger: response:{"code":"1000","data":{"ext":{"buyed":"1","noThirdAd":0,"reg":"2024-04-09 16:36:37","useCache":0},"list":[]},"desc":"Success"}
09-20 07:20:58(8062480241177674066) PID_SA INFO: [Java_com_chinatelecom_smarthome_viewer_business_impl_NativeClient_writeLogToFile:118]AdList: AdvertisingResp(code=1000, data=DataBean(list=[]), desc=Success)
09-20 07:20:59(17028) PID_SA INFO: [Java_com_chinatelecom_smarthome_viewer_business_impl_NativeClient_writeLogToFile:118]I/CurlLogger: response:{"code":"1000","data":{"ext":{"buyed":"1","noThirdAd":0,"reg":"2024-04-09 16:36:37","useCache":1},"list":[{"ad_id":"B00378","ad_space_height":"","ad_space_size":1,"ad_space_width":"","adcode":"pro_Android_en_list_banner","adsource":"zzy","adsourcecode":"","adtype":2,"after_click_action":"{\"body\": {\"pkg_id\": \"\", \"group_id\": \"\", \"group_code\": \"\", \"is_user_no_pay\": \"\"}, \"type\": 1}","click":1,"click_url":"","id":"378","imglist":[{"height":375,"img_url":"https://hmstatic-1311597033.cos.ap-nanjing.myqcloud.com/media/ads/1733283688209760000/en banner.png","jumpType":"0","jump_url":"https://exwebsvr.smartcloudcon.com/careProcloud/#/packages-new","lang":1,"resolution":"1080x375","width":1080},{"height":375,"img_url":"https://hmstatic-1311597033.cos.ap-nanjing.myqcloud.com/media/ads/1750666446275539862/banner en.png","jumpType":"0","jump_url":"https://exwebsvr.smartcloudcon.com/careProcloud/#/intelligentAlarm","lang":1,"resolution":"1080x375","width":1080}],"name":"日常","no_display_ad_people
09-20 07:20:59(8176686642803786372) PID_SA INFO: [Java_com_chinatelecom_smarthome_viewer_business_impl_NativeClient_writeLogToFile:118]I/CurlLogger: ":0,"no_display_user_reg_days":0,"page_name":"","rate_times":"0-23","rate_week":"1,2,3,4,5,6,7","reg_gt_date":"","req_ad_timeout":5,"rule_conf":"{\"pop_type\": 1, \"pop_value\": \"\"}","rule_update_times":2609200,"show_time_end":"","show_time_length":5,"show_time_start":"2026-06-18","show_time_type":1,"skip":1,"skip_type":0,"strategy_type":0}]},"desc":"Success"}
09-20 07:20:59(17028) PID_SA INFO: [Java_com_chinatelecom_smarthome_viewer_business_impl_NativeClient_writeLogToFile:118]AdList: AdvertisingResp(code=1000, data=DataBean(list=[ListBean(adId=B00378,adtype=2, adsource='zzy', adsourcecode='', show_time_end='', show_time_type=1, skip=1, skip_type=0, click=1, imglist=[Imglist(adId=,img_url='https://hmstatic-1311597033.cos.ap-nanjing.myqcloud.com/media/ads/1733283688209760000/en banner.png', width=1080, lang=1, resolution='1080x375', height=375, jump_url='https://exwebsvr.smartcloudcon.com/careProcloud/#/packages-new', jumpType='0', isDownload=false), Imglist(adId=,img_url='https://hmstatic-1311597033.cos.ap-nanjing.myqcloud.com/media/ads/1750666446275539862/banner en.png', width=1080, lang=1, resolution='1080x375', height=375, jump_url='https://exwebsvr.smartcloudcon.com/careProcloud/#/intelligentAlarm', jumpType='0', isDownload=false)], show_time_start='2026-06-18', show_time_length=5, rate_times='0-23', name='日常', rate_week='1,2,3,4,5,6,7', adId='378', click_url='', jumpType='', adcode='pro_Android_en_list_banner', req_ad_timeout=5, strategy_type=0, rule_conf='{"pop_type": 1, "pop_value": ""}', after_click_action='{"body": {"pkg_id": "", "group_id": "", "group_code": "", "is_user_no_pay": ""}, "type": 1}', rule_update_times=2609200,page_name=)]), desc=Success)
09-20 07:20:59(523986027140) PID_SA INFO: [Java_com_chinatelecom_smarthome_viewer_business_impl_NativeClient_writeLogToFile:118]AdList: AdvertisingResp bean:ListBean(adId=B00378,adtype=2, adsource='zzy', adsourcecode='', show_time_end='', show_time_type=1, skip=1, skip_type=0, click=1, imglist=[Imglist(adId=,img_url='https://hmstatic-1311597033.cos.ap-nanjing.myqcloud.com/media/ads/1733283688209760000/en banner.png', width=1080, lang=1, resolution='1080x375', height=375, jump_url='https://exwebsvr.smartcloudcon.com/careProcloud/#/packages-new', jumpType='0', isDownload=false), Imglist(adId=,img_url='https://hmstatic-1311597033.cos.ap-nanjing.myqcloud.com/media/ads/1750666446275539862/banner en.png', width=1080, lang=1, resolution='1080x375', height=375, jump_url='https://exwebsvr.smartcloudcon.com/careProcloud/#/intelligentAlarm', jumpType='0', isDownload=false)], show_time_start='2026-06-18', show_time_length=5, rate_times='0-23', name='日常', rate_week='1,2,3,4,5,6,7', adId='378', click_url='', jumpType='', adcode='pro_Android_en_list_banner', req_ad_timeout=5, strategy_type=0, rule_conf='{"pop_type": 1, "pop_value": ""}', after_click_action='{"body": {"pkg_id": "", "group_id": "", "group_code": "", "is_user_no_pay": ""}, "type": 1}', rule_update_times=2609200,page_name=)
09-20 07:20:59(16325694678123177) PID_SA INFO: [Java_com_chinatelecom_smarthome_viewer_business_impl_NativeClient_writeLogToFile:118]I/CurlLogger: response:{"code":"1000","data":{"ext":{"buyed":"1","noThirdAd":0,"reg":"2024-04-09 16:36:37","useCache":0},"list":[]},"desc":"Success"}
09-20 07:20:59(17065) PID_SA INFO: [Java_com_chinatelecom_smarthome_viewer_business_impl_NativeClient_writeLogToFile:118]AdList: AdvertisingResp(code=1000, data=DataBean(list=[]), desc=Success)
09-20 07:21:00(12970367459402982415) PID_SA INFO: [Java_com_chinatelecom_smarthome_viewer_business_impl_NativeClient_writeLogToFile:118]BaseActivity: onPause==//activity is CareMainActivity
09-20 07:21:00(12970367459402982415) PID_SA INFO: [Java_com_chinatelecom_smarthome_viewer_business_impl_NativeClient_writeLogToFile:118]BaseActivity: onPause==mIsShowAd:false//activity is CareMainActivity
09-20 07:21:01(9231) PID_SA INFO: [Java_com_chinatelecom_smarthome_viewer_business_impl_NativeMedia_setStreamCnt:924]zj set stream cnt 1
09-20 07:21:01(9231) PID_SA INFO: [Java_com_chinatelecom_smarthome_viewer_business_impl_NativeDevice_getPeerAppSetting:2953]get peer appsetting deviceId: 12000103c0537c93
09-20 07:21:01(9231) PID_SA INFO: [Java_com_chinatelecom_smarthome_viewer_business_impl_NativeDevice_getPeerAppSetting:2986]get peer appsetting result: [1] [1296] [2304] [0] [43200] [1]
09-20 07:21:01(528280986639) PID_SA INFO: [Java_com_chinatelecom_smarthome_viewer_business_impl_NativeClient_writeLogToFile:118]I/DeviceBean: getDeviceName:GateCameras
09-20 07:21:01(4294976527) PID_SA INFO: [Java_com_chinatelecom_smarthome_viewer_business_impl_NativeClient_writeLogToFile:118]LiveVideoActivity: showLandPtztruesupportRd:false,supportIRLed:true,supportWhiteLamp:true,supportAttachPTZ:false,supportPtz:true,fishEyeCamerafalse
09-20 07:21:01(9231) PID_SA INFO: [Java_com_chinatelecom_smarthome_viewer_business_impl_NativeClient_writeLogToFile:118]E/LiveVideoActivity: ptzAbility :3
09-20 07:21:01(9231) PID_SA INFO: [Java_com_chinatelecom_smarthome_viewer_business_impl_NativeDevice_getPeerAppSetting:2953]get peer appsetting deviceId: 12000103c0537c93
09-20 07:21:01(9231) PID_SA INFO: [Java_com_chinatelecom_smarthome_viewer_business_impl_NativeDevice_getPeerAppSetting:2986]get peer appsetting result: [1] [1296] [2304] [0] [43200] [1]
09-20 07:21:01(9231) PID_SA INFO: [Java_com_chinatelecom_smarthome_viewer_business_impl_NativeDevice_getPeerAppSetting:2953]get peer appsetting deviceId: 12000103c0537c93
09-20 07:21:01(9231) PID_SA INFO: [Java_com_chinatelecom_smarthome_viewer_business_impl_NativeDevice_getPeerAppSetting:2986]get peer appsetting result: [1] [1296] [2304] [0] [43200] [1]
09-20 07:21:01(9231) PID_SA INFO: [Java_com_chinatelecom_smarthome_viewer_business_impl_NativeClient_writeLogToFile:118]MediaRenderViewImpl: getVideoEncType videoEncType:H264
09-20 07:21:01(536870921231) PID_SA INFO: [Java_com_chinatelecom_smarthome_viewer_business_impl_NativeClient_writeLogToFile:118]MediaRenderViewImpl:  initRenderView   videoEncType = H264  vrMode = None   glSurfaceView = null
09-20 07:21:01(9231) PID_SA INFO: [Java_com_chinatelecom_smarthome_viewer_business_impl_NativeClient_writeLogToFile:118]I/MediaRenderViewImpl: set camId deviceId:12000103c0537c93  camId:0
09-20 07:21:01(9231) PID_SA INFO: [Java_com_chinatelecom_smarthome_viewer_business_impl_NativeDevice_getPeerAppSetting:2953]get peer appsetting deviceId: 12000103c0537c93
09-20 07:21:01(9231) PID_SA INFO: [Java_com_chinatelecom_smarthome_viewer_business_impl_NativeDevice_getPeerAppSetting:2986]get peer appsetting result: [1] [1296] [2304] [0] [43200] [1]
09-20 07:21:01(9231) PID_SA INFO: [Java_com_chinatelecom_smarthome_viewer_business_impl_NativeClient_writeLogToFile:118]addSecondGLSurfaceView: deviceId:12000103c0537c93  camId:1
09-20 07:21:01(9231) PID_SA INFO: [Java_com_chinatelecom_smarthome_viewer_business_impl_NativeDevice_getPeerAppSetting:2953]get peer appsetting deviceId: 12000103c0537c93
09-20 07:21:01(9231) PID_SA INFO: [Java_com_chinatelecom_smarthome_viewer_business_impl_NativeDevice_getPeerAppSetting:2986]get peer appsetting result: [1] [1296] [2304] [0] [43200] [1]
09-20 07:21:01(545460855823) PID_SA INFO: [Java_com_chinatelecom_smarthome_viewer_business_impl_NativeClient_writeLogToFile:118]I/LowPowerHeart: deviceState = 5
09-20 07:21:01(9231) PID_SA INFO: [Java_com_chinatelecom_smarthome_viewer_business_impl_NativeClient_writeLogToFile:118]I/LowPowerHeart: 11lowPowerConsumption  startDeviceHeart duration:0//interval:5000//dId:12000103c0537c93
09-20 07:21:01(545460855823) CMD_TASK INFO: [Cmd_GetPeerCurNetInfo:993]reqid 97 send GetPeerCurNetInfo msg {"METHOD":"3472","SEQID":"97","FROM":{"UserToken":"1600010140c3ad111p3g5jmo63upuvo5"},"TO":{"DID":"12000103c0537c93"}} to peer 12000103c0537c93, iret 0
09-20 07:21:01(545460855823) PID_SA INFO: [Java_com_chinatelecom_smarthome_viewer_business_impl_NativeCommand_getCurNetworkInfo:543]HM_GetNetworkInfoEx ret = 0 puiReqId = 97
09-20 07:21:01(9231) PID_SA INFO: [Java_com_chinatelecom_smarthome_viewer_business_impl_NativeClient_writeLogToFile:118]I/LiveVideoActivity: startVideo isCameraOpenFlag:true
09-20 07:21:01(9231) PID_CBST_AUDIOCTL INFO: [Cbst_AudioCtl_Init:21]Init
09-20 07:21:01(9231) PID_CBST_AUDIOCTL INFO: [Cbst_AudioCtl_Init:50]CBST_AUDIOCTL Init OK 0xf7b30798
09-20 07:21:01(9231) TRAS_TASK INFO: [TrasStreamChannel_Create:368]Create channel[1] [0xb400007accc7c940] stream[0xb400007ab92eca80] media 1 stream type 1
09-20 07:21:01(9231) MD_TASK INFO: [Md_CreatAliveStreamEx:390]chanid 1 playid 98 creat AliveEx peerid 12000103c0537c93 ch[-1] cam [0 0] audioflag 1 BussType 1
09-20 07:21:01(9231) PID_SA INFO: [Java_com_chinatelecom_smarthome_viewer_business_impl_NativeClient_writeLogToFile:118]MediaRenderViewImpl:  initRenderView   videoEncType = H264  vrMode = None   glSurfaceView = android.opengl.GLSurfaceView{61d48fa V.E...... ......I. 0,0-0,0 alpha=1.0 viewInfo = }
09-20 07:21:01(9231) PID_SA INFO: [Java_com_chinatelecom_smarthome_viewer_business_impl_NativeClient_writeLogToFile:118]MediaRenderViewImpl: startRealTimeStream: mStreamId: 98
09-20 07:21:01(12970367459402982415) PID_SA INFO: [Java_com_chinatelecom_smarthome_viewer_business_impl_NativeClient_writeLogToFile:118]LiveVideoActivity: onCreate  isClickNotify = false
09-20 07:21:01(9231) PID_SA INFO: [Java_com_chinatelecom_smarthome_viewer_business_impl_NativeClient_writeLogToFile:118]I/HmAdManager: posCode:live_interstitial,activity:LiveVideoActivity
09-20 07:21:01(5066592530473999) PID_SA INFO: [Java_com_chinatelecom_smarthome_viewer_business_impl_NativeClient_writeLogToFile:118]I/HmAdManager: getCachedAdListData from memory, size=4
09-20 07:21:01(9231) PID_SA INFO: [Java_com_chinatelecom_smarthome_viewer_business_impl_NativeClient_writeLogToFile:118]I/HmAdManager: getAdDataByStrategy: adPositionKey=pro_Android_en_Live_Interstitial not found
09-20 07:21:01(9231) PID_SA INFO: [Java_com_chinatelecom_smarthome_viewer_business_impl_NativeClient_writeLogToFile:118]I/HmAdManager: loadInterstitialAd posCode:live_interstitial,adModel:ImageTitleBean{imageUrl='null', title='null', imageId=0, clickUrl='null', adsource='', adsourcecode='', skip=0, skip_type=0, click=0, show_time_length=0, adcode='', isDowload=false, jumpType='null', adtype=0, req_ad_timeout=0, strategy_type=-1, rule_conf=null, after_click_action=null, rule_update_times=0, showPrice='null', price='null', unit='null', currency_symbol='null', adId='null', page_name='null'}
09-20 07:21:01(545460855823) PID_SA INFO: [Java_com_chinatelecom_smarthome_viewer_business_impl_NativeUser_GetDomainAddr:1672]HM_GetDomainAddr ret = 0,  aucSvrDomain:, aucWebDomain:, aucLogDomain:, aucAlexaDomain:
09-20 07:21:01(9231) PID_SA INFO: [Java_com_chinatelecom_smarthome_viewer_business_impl_NativeClient_writeLogToFile:118]I/HmHostConfig: hostInfo:{svrHost:,webHost:,logHost:,alexaHost:}
09-20 07:21:01(17019) PID_SA INFO: [Java_com_chinatelecom_smarthome_viewer_business_impl_NativeClient_writeLogToFile:118]I/CurlLogger: cURL -X POST -H "Content-Type: application/json; charset=UTF-8"  -d '{"adcode":"pro_Android_en_live_mid_bar","appid":"1593592778513070","appver":"2.9.37","companyid":"0000213ed0cdb8bc","countryCode":"GB","height":"","lang":"2","platform":"1","Scene":1,"SceneParam":"{\"CompanyID\":\"0000213ed0cdb8bc\",\"DID\":\"12000103c0537c93\"}","uid":"1600010140c3ad11","width":""}' "https://exsvr.smartcloudcon.com/carewebin/store/getdeviceadv" -L
09-20 07:21:01(9231) PID_SA INFO: [Java_com_chinatelecom_smarthome_viewer_business_impl_NativeClient_writeLogToFile:118]LiveVideoActivity: onStart
09-20 07:21:01(9231) PID_SA INFO: [Java_com_chinatelecom_smarthome_viewer_business_impl_NativeDevice_getPeerAppSetting:2953]get peer appsetting deviceId: 12000103c0537c93
09-20 07:21:01(9231) PID_SA INFO: [Java_com_chinatelecom_smarthome_viewer_business_impl_NativeDevice_getPeerAppSetting:2986]get peer appsetting result: [1] [1296] [2304] [0] [43200] [1]
09-20 07:21:01(9231) PID_SA INFO: [Java_com_chinatelecom_smarthome_viewer_business_impl_NativeDevice_getPeerAppSetting:2953]get peer appsetting deviceId: 12000103c0537c93
09-20 07:21:01(9231) PID_SA INFO: [Java_com_chinatelecom_smarthome_viewer_business_impl_NativeDevice_getPeerAppSetting:2986]get peer appsetting result: [1] [1296] [2304] [0] [43200] [1]
09-20 07:21:01(523986026795) MD_CACHE INFO: [Md_VideoPlayCreatWriteHandle:106]creat video write handle 0xb400007a6e24b800 usrid 16 w 1920 h 1080
09-20 07:21:01(16683) MD_CACHE INFO: [Md_RgnPlayCreatWriteHandle:35]creat region write handle 0xb400007a6e24b900 peerid 12000103c0537c93 chanid 16
09-20 07:21:01(16683) MD_CACHE INFO: [Md_AudioPlayCreatWriteHandle:167]creat audio write handle 0xb400007abf81b240 usrid 1 
09-20 07:21:01(16683) MD_CACHE INFO: [Md_VideoPlayCreatReadHandle:319]creat video read handle 0xb400007ad5215400 uiUsrId 16
09-20 07:21:01(16683) MD_CACHE INFO: [Md_RgnPlayCreatReadHandle:123]region creat read handle 0xb400007a6e3fc420 peerid 12000103c0537c93 chanid 16
09-20 07:21:01(16683) MD_CACHE INFO: [Md_AudioPlayCreatReadHandle:343]creat read handle 0xb400007ad5215440 usrid 1 
09-20 07:21:01(523986026795) MD_TASK INFO: [Md_ProcCreatRspOperation:2303]playid 98 peer 12000103c0537c93  sessionid 1 creat video 0xb400007ad5215400 audio 0xb400007ad5215440 jsuttime 0
09-20 07:21:01(16683) PID_SA INFO: [FUN_MEDIA_STATE:1285]FUN_MEDIA_STATE hPlayHandle:98, uiOption:1, uiCode:0
09-20 07:21:01(523986026795) PID_SA INFO: [Java_com_chinatelecom_smarthome_viewer_business_impl_NativeClient_writeLogToFile:118]Internal: onMediaStreamState==mediaStreamId = 98 vodType = 1  errorCode = 0
09-20 07:21:01(16683) TRAS_TASK INFO: [TrasStreamChannel_ProcessLiveStreamRsp:1059]chanid 1 recv alive response video w:1920 h:1080 type 2 audio type 4 sample 8000 write handle[0xb400007a6e24b800]
09-20 07:21:01(12970367459402982415) PID_SA INFO: [Java_com_chinatelecom_smarthome_viewer_business_impl_NativeClient_writeLogToFile:118]PresetManager: end  presetList = [PresetBean{presetId=1762176769, name='right', picId='20251103213252100119c0537c937006'}, PresetBean{presetId=1762325434, name='good1', picId='20251105145036100119c0537c932912'}, PresetBean{presetId=1764592558, name='g2', picId='20251201203600100119c0537c933264'}]   daoList = []
09-20 07:21:01(9231) PID_SA INFO: [Java_com_chinatelecom_smarthome_viewer_business_impl_NativeClient_writeLogToFile:118]I/PackageViewModel: play ON_START code: -10000,payRetainType:0,isWeChatPaying:false
09-20 07:21:01(545460855823) PID_SA INFO: [Java_com_chinatelecom_smarthome_viewer_business_impl_NativeClient_writeLogToFile:118]I/BaseActivity: onResume==mIsShowAd:false//activity is LiveVideoActivity
09-20 07:21:01(12970367459402982415) PID_SA INFO: [Java_com_chinatelecom_smarthome_viewer_business_impl_NativeClient_writeLogToFile:118]LiveVideoActivity: onResume
09-20 07:21:01(9231) PID_SA INFO: [Java_com_chinatelecom_smarthome_viewer_business_impl_NativeClient_writeLogToFile:118]AdList: AdvertisingRequst(id=, adcode=Android_en_sale_window_realtime, width=1080, height=2400, appver=2.9.37, appid=1593592778513070, companyid=0000213ed0cdb8bc, countryCode=GB, platform=2, lang=2, uid=1600010140c3ad11)
09-20 07:21:01(28429402144522578) PID_SA INFO: [Java_com_chinatelecom_smarthome_viewer_business_impl_NativeClient_writeLogToFile:118]I/CurlLogger: cURL -X POST -H "Content-Type: application/json; charset=UTF-8"  -d '{"adcode":"Android_en_sale_window_realtime","appid":"1593592778513070","appver":"2.9.37","companyid":"0000213ed0cdb8bc","countryCode":"GB","height":"2400","id":"","lang":"2","platform":"2","uid":"1600010140c3ad11","width":"1080"}' "https://exsvr.smartcloudcon.com/carewebin/store/getadlist/v2" -L
09-20 07:21:01(545460855823) PID_SA INFO: [Java_com_chinatelecom_smarthome_viewer_business_impl_NativeDevice_getPeerAppSetting:2953]get peer appsetting deviceId: 12000103c0537c93
09-20 07:21:01(9231) PID_SA INFO: [Java_com_chinatelecom_smarthome_viewer_business_impl_NativeDevice_getPeerAppSetting:2986]get peer appsetting result: [1] [1296] [2304] [0] [43200] [1]
09-20 07:21:01(9231) PID_SA INFO: [Java_com_chinatelecom_smarthome_viewer_business_impl_NativeClient_writeLogToFile:118]I/PackageViewModel: play ON_RESUME code: -10000,payRetainType:0
09-20 07:21:01(9231) PID_SA INFO: [Java_com_chinatelecom_smarthome_viewer_business_impl_NativeClient_writeLogToFile:118]I/PaymentManager: payResultCode:-10000, orderInfo is null:true, isAlipaySubscriptionPaying:false
09-20 07:21:01(16677) CMD_TASK INFO: [Cmd_ProcRecvNetMsg:5738]reqid 97 recv rsp content {"CODE":"0","METHOD":"3473","SEQID":"97","FROM":{"DID":"12000103c0537c93"},"TO":{"UserToken":"1600010140c3ad111p3g5jmo63upuvo5"},"BODY":{"NetType":"2","Signal":"91","IPAddr":"192.168.1.192","MacAddr":"F0:A8:82:ED:40:9D","SSID":"ASUS_30_2G"}}
09-20 07:21:01(4192908676794695973) PID_SA INFO: [FUN_DEVICE_RSP_GET_NETWORK_INFO:2502]FUN_DEVICE_RSP_GET_NETWORK_INFO reqId:97, err:0, netType:2, signalType:0, sigStrength:91, ip:192.168.1.192, ssid:ASUS_30_2G
09-20 07:21:01(17438) PID_SA INFO: [Java_com_chinatelecom_smarthome_viewer_business_impl_NativeClient_writeLogToFile:118]onSurfaceChanged: SurfaceWidth = 1080 SurfaceHeight = 608 videoWidth = 0 videoHeight = 0
09-20 07:21:01(17440) PID_SA INFO: [Java_com_chinatelecom_smarthome_viewer_business_impl_NativeClient_writeLogToFile:118]BottomGLRenderer: 0onSurfaceChanged=play_pos_x:0//play_pos_y:0//display_w:0//display_h0
09-20 07:21:01(17440) PID_SA INFO: [Java_com_chinatelecom_smarthome_viewer_business_impl_NativeClient_writeLogToFile:118]BottomGLRenderer: splitScreenFlag:false//orientation:1//screenSplitBean.getHalfPercent():1.0
09-20 07:21:01(17440) PID_SA INFO: [Java_com_chinatelecom_smarthome_viewer_business_impl_NativeClient_writeLogToFile:118]BottomGLRenderer: fatherViewW:1080//fatherViewH:606
09-20 07:21:01(17440) PID_SA INFO: [Java_com_chinatelecom_smarthome_viewer_business_impl_NativeClient_writeLogToFile:118]BottomGLRenderer: display_w:0//display_h:0
09-20 07:21:01(545460855823) PID_SA INFO: [Java_com_chinatelecom_smarthome_viewer_business_impl_NativeClient_writeLogToFile:118]MediaRenderViewImpl: getVideoEncType videoEncType:H264
09-20 07:21:01(9231) PID_SA INFO: [Java_com_chinatelecom_smarthome_viewer_business_impl_NativeMedia_getStreamDesc:435]GetVideoDescribe width:1920, height:1080, encType:2, smartEnc:0, quality:0, bitrate:0, frameRate:17, frameInterval:0
09-20 07:21:01(9231) PID_SA INFO: [Java_com_chinatelecom_smarthome_viewer_business_impl_NativeMedia_getStreamDesc:463]GetAudioDescribe encType:4, sampleRate:8000, channel:1, depth:16
09-20 07:21:01(9231) PID_SA INFO: [Java_com_chinatelecom_smarthome_viewer_business_impl_NativeClient_writeLogToFile:118]ZJViewerStreamImpl: getStreamDesc streamId = 98 camId = 0
09-20 07:21:01(545460855823) PID_SA INFO: [Java_com_chinatelecom_smarthome_viewer_business_impl_NativeMedia_initVideoDecoder:1492]enter function(video_type:2)
09-20 07:21:01(523986019343) PID_CBST INFO: [Cbst_Dec_VDecoderAlloc:112]VD task[0xb4000077f566dba0] create ok, uiVideoType[10100]
09-20 07:21:01(9231) PID_SA INFO: [Java_com_chinatelecom_smarthome_viewer_business_impl_NativeMedia_initVideoDecoder:1501]return function, handle:12970367442045295520
09-20 07:21:01(4294976527) PID_SA INFO: [Java_com_chinatelecom_smarthome_viewer_business_impl_NativeMedia_initAudioDecoder:1508]enter function(audio_type:4, sampleRate:8000, channel:1, depth:16)
09-20 07:21:01(545460855823) PID_CBST INFO: [Cbst_Dec_ADecoderAlloc:528]AD task[0xb4000077f566f340] create ok, uiAudioType[40202]
09-20 07:21:01(9231) PID_SA INFO: [Java_com_chinatelecom_smarthome_viewer_business_impl_NativeMedia_initAudioDecoder:1537]return function, handle:12970367442045301568
09-20 07:21:01(9231) PID_SA INFO: [Java_com_chinatelecom_smarthome_viewer_business_impl_NativeClient_writeLogToFile:118]I/playback***-test: MediaRenderViewImplIMediaStreamStateCallback vodType = CREATE streamType = 0//currenStreamID:98//streamID:98//isRevStream:false
09-20 07:21:01(17438) PID_SA INFO: [Java_com_chinatelecom_smarthome_viewer_business_impl_NativeClient_writeLogToFile:118]onSurfaceChanged: SurfaceWidth = 1080 SurfaceHeight = 606 videoWidth = 1920 videoHeight = 1080
09-20 07:21:01(12970367459402990622) PID_SA INFO: [Java_com_chinatelecom_smarthome_viewer_business_impl_NativeClient_writeLogToFile:118]onSurfaceChanged: FIT_CENTER orientation = 1 display_w = 1077   display_h = 606 play_pos_x = 1 play_pos_y = 0
09-20 07:21:01(523986027550) PID_SA INFFILTER: [Java_com_chinatelecom_smarthome_viewer_business_impl_NativeMedia_getVideoDecodedFrame:513]enter function(mediaStreamId:98,decoderHandle:12970367442045295520)
09-20 07:21:01(523986027550) PID_SA ERRFILTER: [Java_com_chinatelecom_smarthome_viewer_business_impl_NativeMedia_getVideoDecodedFrame:525]HM_GetVideoFrame error
09-20 07:21:01(545460855823) PID_SA INFO: [Java_com_chinatelecom_smarthome_viewer_business_impl_NativeClient_writeLogToFile:118]LiveVideoActivity11: networkBean = NetworkBean{netType=2, signalType=0, signalStrength=91, ipAddress='192.168.1.192', macAddress='F0:A8:82:ED:40:9D', wifiSSID='ASUS_30_2G', simCard='', netMask='', gateWay=''}
09-20 07:21:01(9231) PID_SA INFO: [Java_com_chinatelecom_smarthome_viewer_business_impl_NativeClient_writeLogToFile:118]I/AppLovinAdManager: showAdBanner==onAdLoadFailed==code:-1000,meg:Failed to connect to ms.applvn.com/0.0.0.0:443
09-20 07:21:01(9231) PID_SA INFO: [Java_com_chinatelecom_smarthome_viewer_business_impl_NativeClient_writeLogToFile:118]BaseActivity: onSaveInstanceState==mIsShowAd:false//activity is CareMainActivity
09-20 07:21:02(9231) PID_SA INFO: [Java_com_chinatelecom_smarthome_viewer_business_impl_NativeClient_writeLogToFile:118]I/AppLovinAdManager: showAdBanner==onAdLoadFailed==code:-1000,meg:Failed to connect to ms.applvn.com/0.0.0.0:443
09-20 07:21:02(16325694678122834) PID_SA INFO: [Java_com_chinatelecom_smarthome_viewer_business_impl_NativeClient_writeLogToFile:118]I/CurlLogger: response:{"code":"1000","data":{"ext":{"buyed":"1","noThirdAd":0,"reg":"2024-04-09 16:36:37","useCache":0},"list":[]},"desc":"Success"}
09-20 07:21:02(16722) PID_SA INFO: [Java_com_chinatelecom_smarthome_viewer_business_impl_NativeClient_writeLogToFile:118]AdList: AdvertisingResp(code=1000, data=DataBean(list=[]), desc=Success)
09-20 07:21:02(12297829379609739602) PID_SA INFO: [Java_com_chinatelecom_smarthome_viewer_business_impl_NativeClient_writeLogToFile:118]E/requestMarketAd: empty marketing ads, page=P19 adCode=Android_en_sale_window_realtime
09-20 07:21:02(17019) PID_SA INFO: [Java_com_chinatelecom_smarthome_viewer_business_impl_NativeClient_writeLogToFile:118]I/CurlLogger: response:{"code":"1000","data":{"ext":{"buyed":"1","noThirdAd":0,"reg":"2024-04-09 16:36:37","useCache":1},"list":[{"ad_id":"H00385","ad_space_height":"","ad_space_size":1,"ad_space_width":"","adcode":"pro_Android_en_live_mid_bar","adsource":"zzy","adsourcecode":"","adtype":5,"after_click_action":"{\"body\": {\"pkg_id\": \"\", \"group_id\": \"\", \"group_code\": \"\", \"is_user_no_pay\": \"\"}, \"type\": 1}","click":1,"click_url":"","id":"385","imglist":[{"height":96,"img_url":"https://hmstatic-1311597033.cos.ap-nanjing.myqcloud.com/media/ads/1731566894454115736/english_proc.jpg","jumpType":"0","jump_url":"","lang":1,"resolution":"272x96","width":272},{"height":96,"img_url":"https://hmstatic-1311597033.cos.ap-nanjing.myqcloud.com/media/ads/1727147886093655511/3-2.png","jumpType":"0","jump_url":"https://exwebsvr.smartcloudcon.com/careProcloud/#/photo","lang":1,"resolution":"272x96","width":272},{"height":96,"img_url":"https://hmstatic-1311597033.cos.ap-nanjing.myqcloud.com/media/ads/1737618186234639783/shishis
09-20 07:21:02(2463506628675125883) PID_SA INFO: [Java_com_chinatelecom_smarthome_viewer_business_impl_NativeClient_writeLogToFile:118]I/CurlLogger: hiping_dff4b937-0ac0-4284-9ce9-af185e3bad4c.png","jumpType":"0","jump_url":"https://exwebsvr.smartcloudcon.com/careProcloud/#/intelligentAlarm","lang":1,"resolution":"272x96","width":272}],"name":"实时视频推荐位","no_display_ad_people":0,"no_display_user_reg_days":0,"page_name":"","rate_times":"0-23","rate_week":"1,2,3,4,5,6,7","reg_gt_date":"","req_ad_timeout":5,"rule_conf":"{\"pop_type\": 1, \"pop_value\": \"\"}","rule_update_times":2609200,"show_time_end":"","show_time_length":5,"show_time_start":"2025-12-22","show_time_type":1,"skip":1,"skip_type":0,"strategy_type":0}]},"desc":"Success"}
09-20 07:21:02(12970367459402982415) PID_SA INFO: [Java_com_chinatelecom_smarthome_viewer_business_impl_NativeClient_writeLogToFile:118]I/AdResourcesViewModel: requestGoodInfo:{"code":1000,"data":{"list":[{"id":"385","ad_id":"H00385","adcode":"pro_Android_en_live_mid_bar","adsource":"zzy","adsourcecode":"","adtype":5,"after_click_action":"{\"body\": {\"pkg_id\": \"\", \"group_id\": \"\", \"group_code\": \"\", \"is_user_no_pay\": \"\"}, \"type\": 1}","click":1,"click_url":"","imglist":[{"ad_id":"","adcode":"","height":96,"img_url":"https://hmstatic-1311597033.cos.ap-nanjing.myqcloud.com/media/ads/1731566894454115736/english_proc.jpg","isDownload":false,"jumpType":"0","jump_url":"","lang":1,"resolution":"272x96","width":272,"baseObjId":0},{"ad_id":"","adcode":"","height":96,"img_url":"https://hmstatic-1311597033.cos.ap-nanjing.myqcloud.com/media/ads/1727147886093655511/3-2.png","isDownload":false,"jumpType":"0","jump_url":"https://exwebsvr.smartcloudcon.com/careProcloud/#/photo","lang":1,"resolution":"272x96","width":272,"baseObjId":0},{"ad_id":"","adcode":"","height":96,"img_url":"https://hmstatic-1311597033.cos.ap-nanjing.myqcloud.com/media/ads/1737618186234639783/s
09-20 07:21:02(8101260402836382735) PID_SA INFO: [Java_com_chinatelecom_smarthome_viewer_business_impl_NativeClient_writeLogToFile:118]I/AdResourcesViewModel: hishishiping_dff4b937-0ac0-4284-9ce9-af185e3bad4c.png","isDownload":false,"jumpType":"0","jump_url":"https://exwebsvr.smartcloudcon.com/careProcloud/#/intelligentAlarm","lang":1,"resolution":"272x96","width":272,"baseObjId":0}],"jumpType":"","name":"实时视频推荐位","page_name":"","rate_times":"0-23","rate_week":"1,2,3,4,5,6,7","req_ad_timeout":5,"rule_conf":"{\"pop_type\": 1, \"pop_value\": \"\"}","rule_update_times":2609200,"show_time_end":"","show_time_length":5,"show_time_start":"2025-12-22","show_time_type":1,"skip":1,"skip_type":0,"strategy_type":0,"baseObjId":0}]},"desc":"Success"}
09-20 07:21:02(12970367459402982415) PID_SA INFO: [Java_com_chinatelecom_smarthome_viewer_business_impl_NativeClient_writeLogToFile:118]I/AdResourcesViewModel: requestGoodInfo:{"code":1000,"data":{"list":[{"id":"385","ad_id":"H00385","adcode":"pro_Android_en_live_mid_bar","adsource":"zzy","adsourcecode":"","adtype":5,"after_click_action":"{\"body\": {\"pkg_id\": \"\", \"group_id\": \"\", \"group_code\": \"\", \"is_user_no_pay\": \"\"}, \"type\": 1}","click":1,"click_url":"","imglist":[{"ad_id":"","adcode":"","height":96,"img_url":"https://hmstatic-1311597033.cos.ap-nanjing.myqcloud.com/media/ads/1731566894454115736/english_proc.jpg","isDownload":false,"jumpType":"0","jump_url":"","lang":1,"resolution":"272x96","width":272,"baseObjId":0},{"ad_id":"","adcode":"","height":96,"img_url":"https://hmstatic-1311597033.cos.ap-nanjing.myqcloud.com/media/ads/1727147886093655511/3-2.png","isDownload":false,"jumpType":"0","jump_url":"https://exwebsvr.smartcloudcon.com/careProcloud/#/photo","lang":1,"resolution":"272x96","width":272,"baseObjId":0},{"ad_id":"","adcode":"","height":96,"img_url":"https://hmstatic-1311597033.cos.ap-nanjing.myqcloud.com/media/ads/1737618186234639783/s
09-20 07:21:02(8101260402836382735) PID_SA INFO: [Java_com_chinatelecom_smarthome_viewer_business_impl_NativeClient_writeLogToFile:118]I/AdResourcesViewModel: hishishiping_dff4b937-0ac0-4284-9ce9-af185e3bad4c.png","isDownload":false,"jumpType":"0","jump_url":"https://exwebsvr.smartcloudcon.com/careProcloud/#/intelligentAlarm","lang":1,"resolution":"272x96","width":272,"baseObjId":0}],"jumpType":"","name":"实时视频推荐位","page_name":"","rate_times":"0-23","rate_week":"1,2,3,4,5,6,7","req_ad_timeout":5,"rule_conf":"{\"pop_type\": 1, \"pop_value\": \"\"}","rule_update_times":2609200,"show_time_end":"","show_time_length":5,"show_time_start":"2025-12-22","show_time_type":1,"skip":1,"skip_type":0,"strategy_type":0,"baseObjId":0}]},"desc":"Success"}
09-20 07:21:04(545460855823) PID_SA INFO: [Java_com_chinatelecom_smarthome_viewer_business_impl_NativeUser_GetDomainAddr:1672]HM_GetDomainAddr ret = 0,  aucSvrDomain:, aucWebDomain:, aucLogDomain:, aucAlexaDomain:
09-20 07:21:04(9231) PID_SA INFO: [Java_com_chinatelecom_smarthome_viewer_business_impl_NativeClient_writeLogToFile:118]I/HmHostConfig: hostInfo:{svrHost:,webHost:,logHost:,alexaHost:}
09-20 07:21:05(9570578704908932) PID_SA INFO: [Java_com_chinatelecom_smarthome_viewer_business_impl_NativeClient_writeLogToFile:118]I/CurlLogger: cURL -X POST -H "Content-Type: application/json; charset=UTF-8"  -d '{"appid":"1593592778513070","appver":"2.9.37","code":"Live_Cloud_Sale_En","companyid":"0000213ed0cdb8bc","devCfg":{},"did":"12000103c0537c93","language":"2","sdkver":"","trialFlag":"1","type":"EN","uid":"1600010140c3ad11","userGroup":[]}' "https://exsvr.smartcloudcon.com/carewebin/store/goodsinfos" -L
09-20 07:21:05(523986026795) MD_CACHE INFO: [Md_AudioPlaySetFrameInfo:222] handle 0xb400007abf81b240 usrid 1 first write data uiTimeStamp 281658155
09-20 07:21:05(16683) TRAS_TASK INFFILTER: [TrasStreamChannel_ProcessVodControl:2834]chanid 1 recv ttltime 900
09-20 07:21:06(17028) PID_SA INFO: [Java_com_chinatelecom_smarthome_viewer_business_impl_NativeClient_writeLogToFile:118]I/CurlLogger: response:{"code":"1000","data":{"commodityItem":[{"campOderNumber":0,"countdownTime":-1,"currency_symbol":"$","default":0,"deviceBuyCount":0,"deviceNum":1,"freepkg":0,"google_key":"com.huiyun.care.viewer.live.7day.yearly","imageUrl":"https://hmstatic-1311597033.cos.ap-nanjing.myqcloud.com/media/ads/1740558595370296256/CN-BD-CL1-QX.png","infolist":[],"ios_key":"","market":0,"marketDiscount":0.0,"marketDuration":0,"marketPrice":"0.00","marketUnit":"","name":"7 Days Event Recording （Yearly）","number":12,"order_type_id":1,"packageid":1,"pay":["4","3"],"poid":"63079","price":"36.99","promoteGroupId":"[]","promotePkg":[],"serviceCycleName":"","serviceid":300010,"showRelName":"","showServiceCycle":1,"showType":0,"show_price":"36.99","subscription":1,"subscription_info":"","tag":{"type2":"$49.99"},"templatesnapshot":"{\"id\": \"12\", \"type\": \"BASE\", \"sdkMax\": \"3999999\", \"sdkMin\": \"0\", \"typeId\": \"1\", \"patchId\": \"1\", \"serviceItem\": [{\"bussConfig\": {}, \"functionId\": \"1010\", \"abilityConfig\":
09-20 07:21:06(3631432339537543812) PID_SA INFO: [Java_com_chinatelecom_smarthome_viewer_business_impl_NativeClient_writeLogToFile:118]I/CurlLogger:  {\"Duration\": \"30\", \"StreamID\": \"1\", \"StorageList\": [{\"LoopDays\": \"7\", \"RecordType\": \"2\"}]}}, {\"bussConfig\": {}, \"functionId\": \"1011\", \"abilityConfig\": {\"GifFlag\": \"1\", \"PicType\": \"2\", \"LoopDays\": \"7\", \"RecordType\": \"1\", \"SnapJpgCnt\": \"5\", \"GifOpenFlag\": \"0\", \"StorageType\": \"0\"}}, {\"bussConfig\": {}, \"functionId\": \"1013\", \"abilityConfig\": {\"LoopDays\": \"7\"}}], \"templateName\": \"7天事件模板-12个月\", \"deviceSupport\": \"1 \u0026\u0026 1 \u0026\u0026 1\", \"effectiveUnit\": \"MONTH\", \"lowestPriceEn\": \"73.0\", \"orientationType\": \"DEVICE\", \"lowestPriceEnUsd\": \"10.0\", \"effectiveDuration\": \"12\", \"monthLowestPriceEn\": \"11.68\", \"monthLowestPriceEnUsd\": \"1.1\"}","trialCondition":1,"trialDay":0,"uniqueid":"5jHjUlaVuo","unit":"MONTH","updatetime":"2025-09-29T15:57:19","userBuyCount":0}],"pay":[]},"desc":"success","traceId":"51f0ae3d-8b0e-4174-b839-c3c5e024595d"}
09-20 07:21:06(9231) PID_SA INFO: [Java_com_chinatelecom_smarthome_viewer_business_impl_NativeClient_writeLogToFile:118]I/PackageViewModel: requestGoodInfo:{"code":"1000","data":{"code":0,"commodityItem":[{"campOderNumber":"0","canTrialBuy":0,"countdownTime":"-1","currency_symbol":"$","default":0,"DescLabel":[],"deviceBuyCount":0,"deviceNum":1,"freepkg":0,"IapGoogleKeyNonSub":"","google_key":"com.huiyun.care.viewer.live.7day.yearly","imageUrl":"https://hmstatic-1311597033.cos.ap-nanjing.myqcloud.com/media/ads/1740558595370296256/CN-BD-CL1-QX.png","infolist":[],"ios_key":"","MarketingPrice":"","name":"7 Days Event Recording （Yearly）","IsNoSubscription":0,"NoSubscriptionMarketingPrice":"0","NoSubscriptionPrice":"0","number":12,"order_type_id":1,"PackageLabel":[],"packageid":"1","pay":["4","3"],"poid":"63079","price":"36.99","serviceCycleName":"","showRelName":"","showServiceCycle":1,"showType":0,"show_price":"36.99","subscription":1,"SubscriptionLanguageDesc":"","tag":{"type2":"$49.99"},"TrialDay":0,"TrialPrice":"0","TrialType":"","unit":"MONTH","updatetime":"2025-09-29T15:57:19","userBuyCount":0}],"pay":[]}}
09-20 07:21:06(9231) PID_SA INFO: [Java_com_chinatelecom_smarthome_viewer_business_impl_NativeClient_writeLogToFile:118]I/PackageViewModel: requestGoodInfo:{"code":"1000","data":{"code":0,"commodityItem":[{"campOderNumber":"0","canTrialBuy":0,"countdownTime":"-1","currency_symbol":"$","default":0,"DescLabel":[],"deviceBuyCount":0,"deviceNum":1,"freepkg":0,"IapGoogleKeyNonSub":"","google_key":"com.huiyun.care.viewer.live.7day.yearly","imageUrl":"https://hmstatic-1311597033.cos.ap-nanjing.myqcloud.com/media/ads/1740558595370296256/CN-BD-CL1-QX.png","infolist":[],"ios_key":"","MarketingPrice":"","name":"7 Days Event Recording （Yearly）","IsNoSubscription":0,"NoSubscriptionMarketingPrice":"0","NoSubscriptionPrice":"0","number":12,"order_type_id":1,"PackageLabel":[],"packageid":"1","pay":["4","3"],"poid":"63079","price":"36.99","serviceCycleName":"","showRelName":"","showServiceCycle":1,"showType":0,"show_price":"36.99","subscription":1,"SubscriptionLanguageDesc":"","tag":{"type2":"$49.99"},"TrialDay":0,"TrialPrice":"0","TrialType":"","unit":"MONTH","updatetime":"2025-09-29T15:57:19","userBuyCount":0}],"pay":[]}}
09-20 07:21:06(9231) PID_SA INFO: [Java_com_chinatelecom_smarthome_viewer_business_impl_NativeClient_writeLogToFile:118]I/GooglePayManagerV2: startConnection billingClient.isReady=true retry=false funcId= hasCallback=true
09-20 07:21:06(9231) PID_SA INFO: [Java_com_chinatelecom_smarthome_viewer_business_impl_NativeClient_writeLogToFile:118]I/GooglePayManagerV2: queryProduct start productType=subs requestSize=1 cacheSize=0
09-20 07:21:06(9231) PID_SA INFO: [Java_com_chinatelecom_smarthome_viewer_business_impl_NativeClient_writeLogToFile:118]I/GooglePayManagerV2: productType = subs productId = com.huiyun.care.viewer.live.7day.yearly
09-20 07:21:06(4294976527) PID_SA INFO: [Java_com_chinatelecom_smarthome_viewer_business_impl_NativeClient_writeLogToFile:118]I/====///===: payInfo:1
09-20 07:21:06(17499) PID_SA INFO: [Java_com_chinatelecom_smarthome_viewer_business_impl_NativeClient_writeLogToFile:118]I/GooglePayManagerV2: queryProduct result fetched=1 unfetched=0 cacheSize=1 billingResult = message:,responseCode=0
09-20 07:21:06(17499) PID_SA INFO: [Java_com_chinatelecom_smarthome_viewer_business_impl_NativeClient_writeLogToFile:118]I/GooglePayManagerV2: priceCurrencyCode =   formattedPrice:null,//originPrice:null
09-20 07:21:06(17499) PID_SA INFO: [Java_com_chinatelecom_smarthome_viewer_business_impl_NativeClient_writeLogToFile:118]I/GooglePayManagerV2: priceCurrencyCode = INR  formattedPrice:₹3,850.00,//originPrice:3850000000
09-20 07:21:06(16683) MD_CACHE INFO: [Md_VideoPlaySetFrameInfo:223]ChanId[16] WRITE I-frame ts[281662310] len[101758] writeCnt[1] writePos[101770]
09-20 07:21:06(16683) MD_CACHE INFO: [Md_VideoPlaySetFrameInfo:230]ChanId[16] recv first video frame ts[281662310] len[101758] tickcnt[288028170]
09-20 07:21:06(528280994846) MD_CACHE INFO: [Md_VideoPlayReadFrame:407]read handle 0xb400007ad5215400 first read frame tickcnt 288028170
09-20 07:21:06(3472332908214109214) PID_CBST INFO: [Cbst_Dec_CreateVideoDec:133]VD task[0xb4000077f566dba0] create hVDHandle[0xb400007aabb93340] ok, uiVideoType[10100], uiStreamPixFmt[0]
09-20 07:21:06(12970367455108023326) PID_SA INFFILTER: [Java_com_chinatelecom_smarthome_viewer_business_impl_NativeMedia_getVideoDecodedFrame:538]Cbst_Dec_DecodeVideoFrameEx call,picture_w:1920,picture_h:1080
09-20 07:21:06(12970367455108023326) PID_SA INFFILTER: [Java_com_chinatelecom_smarthome_viewer_business_impl_NativeMedia_getVideoDecodedFrame:602]return function(puiTimeStamp:281662310)
09-20 07:21:06(17438) PID_SA INFO: [Java_com_chinatelecom_smarthome_viewer_business_impl_NativeClient_writeLogToFile:118]onSurfaceChanged: SurfaceWidth = 1080 SurfaceHeight = 606 videoWidth = 1920 videoHeight = 1080
09-20 07:21:06(18446744069414601758) PID_SA INFO: [Java_com_chinatelecom_smarthome_viewer_business_impl_NativeClient_writeLogToFile:118]onSurfaceChanged: FIT_CENTER orientation = 1 display_w = 1077   display_h = 606 play_pos_x = 1 play_pos_y = 0
09-20 07:21:06(523986026819) CMD_TASK INFO: [Cmd_GetPeerCurNetInfo:993]reqid 100 send GetPeerCurNetInfo msg {"METHOD":"3472","SEQID":"100","FROM":{"UserToken":"1600010140c3ad111p3g5jmo63upuvo5"},"TO":{"DID":"12000103c0537c93"}} to peer 12000103c0537c93, iret 0
09-20 07:21:06(523986026819) PID_SA INFO: [Java_com_chinatelecom_smarthome_viewer_business_impl_NativeCommand_getCurNetworkInfo:543]HM_GetNetworkInfoEx ret = 0 puiReqId = 100
09-20 07:21:06(545460855823) PID_SA INFO: [Java_com_chinatelecom_smarthome_viewer_business_impl_NativeClient_writeLogToFile:118]AudioDevice: init audio record state = AudioRecord.STATE_INITIALIZED
09-20 07:21:06(545460855823) PID_SA INFO: [Java_com_chinatelecom_smarthome_viewer_business_impl_NativeClient_writeLogToFile:118]AudioDevice: createTracker getMinBufferSize: 696
09-20 07:21:06(4294976527) PID_SA INFO: [Java_com_chinatelecom_smarthome_viewer_business_impl_NativeMedia_setPushAudioParam:839]ZJ_SetPushAudioParam channel = 1, depth = 16 sampleRate = 8000 audioType = 4
09-20 07:21:06(4294976527) PID_CBST_AUDIOCTL INFO: [Cbst_AudioCtl_Start:92]Start
09-20 07:21:06(9231) PID_CBST_AUDIOCTL INFO: [Cbst_AudioCtl_PlayStart:27]CBST_AUDIOCTL Play Start  
09-20 07:21:06(9231) PID_CBST_AUDIOCTL INFO: [Cbst_AudioCtl_PlayStart:56]CBST_AUDIOCTL Play Start OK AEC:0xb400007b2c8cf240 pBuf:0xb4000078053bf800
09-20 07:21:06(9231) PID_CBST_AUDIOCTL INFO: [Cbst_AudioCtl_Start:154]CBST_AUDIOCTL Start OK 0xf7b30798 AEC:0xb400007b2c8cf240 NS:0x0 VAD:0xb400007bded6b800
09-20 07:21:06(528280994917) cos INFO: [Cos_ThreadProc:174]thread[Cbst_AudioCtl_PlayTask]:0x53f8620 , threadid:17509 start ok
09-20 07:21:06(528280994917) PID_CBST_AUDIOCTL INFO: [Cbst_AudioCtl_PlayTask:81]Task Start
09-20 07:21:06(528280994918) cos INFO: [Cos_ThreadProc:174]thread[Cbst_AudioCtl_CapTask]:0x53f8680 , threadid:17510 start ok
09-20 07:21:06(17510) PID_CBST_AUDIOCTL INFO: [Cbst_AudioCtl_CapTask:118]CBST_AUDIOCTL Cap Start OK AEC:0xb400007b2c8cf240 NS:0x0 [0xb400007abe677140:0xb400007abe678180]
09-20 07:21:06(17065) PID_SA INFO: [Java_com_chinatelecom_smarthome_viewer_business_impl_NativeClient_writeLogToFile:118]GLRenderer555551: yuv_w = 1920  yuv_h = 1080
09-20 07:21:06(7104176641194083431) MD_CACHE INFO: [Md_AudioPlayReadFrame:423] handle 0xb400007abf81b240 usrid 1 first read data
09-20 07:21:06(17065) PID_SA INFO: [Java_com_chinatelecom_smarthome_viewer_business_impl_NativeDevice_getPeerAppSetting:2953]get peer appsetting deviceId: 12000103c0537c93
09-20 07:21:06(17065) PID_SA INFO: [Java_com_chinatelecom_smarthome_viewer_business_impl_NativeDevice_getPeerAppSetting:2986]get peer appsetting result: [1] [1296] [2304] [0] [43200] [1]
09-20 07:21:06(16683) TRAS_TASK INFFILTER: [TrasStreamChannel_WriteAliveData:4019]chanid 1 next seqid 312 recv seqid 84
09-20 07:21:06(16677) CMD_TASK INFO: [Cmd_ProcRecvNetMsg:5738]reqid 100 recv rsp content {"CODE":"0","METHOD":"3473","SEQID":"100","FROM":{"DID":"12000103c0537c93"},"TO":{"UserToken":"1600010140c3ad111p3g5jmo63upuvo5"},"BODY":{"NetType":"2","Signal":"91","IPAddr":"192.168.1.192","MacAddr":"F0:A8:82:ED:40:9D","SSID":"ASUS_30_2G"}}
09-20 07:21:06(3763395501764919589) PID_SA INFO: [FUN_DEVICE_RSP_GET_NETWORK_INFO:2502]FUN_DEVICE_RSP_GET_NETWORK_INFO reqId:100, err:0, netType:2, signalType:0, sigStrength:91, ip:192.168.1.192, ssid:ASUS_30_2G
09-20 07:21:11(545460855823) PID_SA INFO: [Java_com_chinatelecom_smarthome_viewer_business_impl_NativeClient_writeLogToFile:118]LiveVideoActivity: onPause
09-20 07:21:11(12970367459402982415) PID_SA INFO: [Java_com_chinatelecom_smarthome_viewer_business_impl_NativeClient_writeLogToFile:118]BaseActivity: onPause==mIsShowAd:false//activity is LiveVideoActivity
09-20 07:21:11(545460855823) PID_SA INFO: [Java_com_chinatelecom_smarthome_viewer_business_impl_NativeClient_writeLogToFile:118]I/CloudChargeCardInfo: deviceId:12000103c0537c93,//chargeType:2,//chargeFlag:0
09-20 07:21:11(9231) PID_SA INFO: [Java_com_chinatelecom_smarthome_viewer_business_impl_NativeClient_writeLogToFile:118]I/CloudChargeCardInfo: deviceId:12000103c0537c93,//chargeType:1,//chargeFlag:0
09-20 07:21:11(12970367459402982415) PID_SA INFO: [Java_com_chinatelecom_smarthome_viewer_business_impl_NativeClient_writeLogToFile:118]I/DeviceBean: getDeviceName:GateCameras
09-20 07:21:11(9231) PID_SA INFO: [Java_com_chinatelecom_smarthome_viewer_business_impl_NativeClient_writeLogToFile:118]I/DetectEntity: initSwitch motionProp:com.chinatelecom.smarthome.viewer.bean.prop.MotionProp@707fff2
09-20 07:21:11(545460855823) PID_SA INFO: [Java_com_chinatelecom_smarthome_viewer_business_impl_NativeClient_writeLogToFile:118]I/DetectEntity: initSwitch motionPropStr:AlarmMotionProp{Motion={"Trace":"0","Sensitive":"50","Status":"0","Interval":"35"}, Human={"Trace":"0","Sensitive":"50","Status":"0","Interval":"50"}, Face={"Trace":"0","DiscernFlag":"0","Sensitive":"25","Status":"0","Interval":"30"}, EBike=null, Fence=null, motionNBean=null, motionTraceBean=null, humanNBean=null, humanTraceBean=null, faceNBean=null, faceTraceBean=null, eBikeNBean=null, fenceBean=null, isMotionTrace=false, isHumanTrace=false, isFaceTrace=false}
09-20 07:21:11(9231) PID_SA INFO: [Java_com_chinatelecom_smarthome_viewer_business_impl_NativeClient_writeLogToFile:118]getInIoTProp: innerIoTBeanProp = {"PushFlag":"7","SMSFlag":"1","EmailFlag":"1","Interval":"300","EmailAddr":"","StartTime":"0","EndTime":"86400","SpanFlag":"0","Week":"127"}
09-20 07:21:11(9231) ZJ_TASK INFO: [ZJ_UsrGetDevPackages:2678]ogct 101 get owner charge package iRet 0
09-20 07:21:11(12970367459402982415) PID_SA INFO: [Java_com_chinatelecom_smarthome_viewer_business_impl_NativeClient_writeLogToFile:118]getInIoTProp: innerIoTBeanProp = {"PushFlag":"7","SMSFlag":"1","EmailFlag":"1","Interval":"300","EmailAddr":"","StartTime":"0","EndTime":"86400","SpanFlag":"0","Week":"127"}
09-20 07:21:11(9231) PID_SA INFO: [Java_com_chinatelecom_smarthome_viewer_business_impl_NativeClient_writeLogToFile:118]getInIoTProp: innerIoTBeanProp = {"PushFlag":"7","SMSFlag":"1","EmailFlag":"1","Interval":"300","EmailAddr":"","StartTime":"0","EndTime":"86400","SpanFlag":"0","Week":"127"}
09-20 07:21:11(9231) PID_SA INFO: [Java_com_chinatelecom_smarthome_viewer_business_impl_NativeClient_writeLogToFile:118]I/BaseActivity: onResume==mIsShowAd:false//activity is NewDeviceSettingActivity
09-20 07:21:11(9231) PID_SA INFO: [Java_com_chinatelecom_smarthome_viewer_business_impl_NativeClient_writeLogToFile:118]I/CloudChargeCardInfo: deviceId:12000103c0537c93,//chargeType:2,//chargeFlag:0
09-20 07:21:11(9231) PID_SA INFO: [Java_com_chinatelecom_smarthome_viewer_business_impl_NativeClient_writeLogToFile:118]I/CloudChargeCardInfo: deviceId:12000103c0537c93,//chargeType:1,//chargeFlag:0
09-20 07:21:11(9231) PID_SA INFO: [Java_com_chinatelecom_smarthome_viewer_business_impl_NativeClient_writeLogToFile:118]I/LowPowerHeart: deviceState = 5
09-20 07:21:11(9231) PID_SA INFO: [Java_com_chinatelecom_smarthome_viewer_business_impl_NativeClient_writeLogToFile:118]I/LowPowerHeart: 44lowPowerConsumption  startDeviceHeart //dId:12000103c0537c93//heartbeatStatus.isActive():false
09-20 07:21:11(9231) PID_SA INFO: [Java_com_chinatelecom_smarthome_viewer_business_impl_NativeClient_writeLogToFile:118]I/LowPowerHeart: 22lowPowerConsumption  startDeviceHeart //dId:12000103c0537c93//heartbeatStatus.isActive():false
09-20 07:21:11(545460855823) CMD_TASK INFO: [Cmd_CheckPeerDevVersion:4123]reqid 102 send msg {"METHOD":"3414","SEQID":"102","FROM":{"UserToken":"1600010140c3ad111p3g5jmo63upuvo5"},"TO":{"DID":"12000103c0537c93"}} to peer 12000103c0537c93, iret 0
09-20 07:21:11(8062480241177674027) MD_CACHE INFO: [Md_VideoPlaySetFrameInfo:223]ChanId[16] WRITE I-frame ts[281668312] len[101881] writeCnt[101] writePos[318557]
09-20 07:21:11(523986026793) PID_SA INFO: [FUN_USERCHARGEPACKAGE_CB:2738]FUN_USERCHARGEPACKAGE_CB reqId:101, error:0
09-20 07:21:11(523986026793) PID_SA INFO: [FUN_USERCHARGEPACKAGE_CB:2740]list size: 0
09-20 07:21:11(16681) ZJ_TASK INFO: [ZJ_ProcUsrGetDevPackages:2660]ogct 101 recv rsp code 0
09-20 07:21:11(545460855823) PID_SA INFO: [Java_com_chinatelecom_smarthome_viewer_business_impl_NativeClient_writeLogToFile:118]I/queryDeviceChargePackages: deviceID = 12000103c0537c93 poids =   requestCount = 1
09-20 07:21:11(9231) PID_SA INFO: [Java_com_chinatelecom_smarthome_viewer_business_impl_NativeClient_writeLogToFile:118]LiveVideoActivity: onStop
09-20 07:21:11(9231) MD_TASK INFO: [Md_StopStream:2112]stop sessionid 1 playid 98
09-20 07:21:11(9231) MD_CACHE INFO: [Md_AudioPlayDestroyReadHandle:491]destroy audio read handle 0xb400007ad5215440 
09-20 07:21:11(545460855823) MD_CACHE INFO: [Md_VideoPlayDestroyReadHandle:599]destroy video read handle 0xb400007ad5215400 
09-20 07:21:11(545460855823) TRAS_TASK INFO: [Tras_StopPlay:462]chanid 1 send close requst
09-20 07:21:11(9231) PID_SA INFO: [Java_com_chinatelecom_smarthome_viewer_business_impl_NativeMedia_destroyVideoDecoder:1545]enter function(handle:12970367442045295520)
09-20 07:21:11(9231) PID_CBST INFO: [Cbst_Dec_VDecoderFree:492]VD task[0xb4000077f566dba0] free
09-20 07:21:11(16682) TRAS_TASK INFO: [TrasStreamChannel_CloseChan:307]chanid 1 will be close
09-20 07:21:11(523986026795) TRAS_TASK ERRFILTER: [TrasStreamChannel_ParseLiveMediaData:3088]chanid 1 can not find so close it
09-20 07:21:11(9231) PID_SA INFO: [Java_com_chinatelecom_smarthome_viewer_business_impl_NativeMedia_destroyAudioDecoder:1554]enter function(handle:12970367442045301568)
09-20 07:21:12(9231) PID_SA INFO: [Java_com_chinatelecom_smarthome_viewer_business_impl_NativeClient_writeLogToFile:118]E/LowPowerHeart: Heartbeat startDeviceHeart duration:25000,interval:3000,dId:12000103c0537c93
09-20 07:21:12(523986026790) MD_CACHE INFO: [Md_RgnPlayReadDestroy:182]region read handle 0xb400007a6e3fc420 detroyed ok
09-20 07:21:12(16678) MD_TASK INFO: [Md_ProcBussTaskStopStatus:2820]playid 98 sessionid 0 close ok
09-20 07:21:12(523986026818) CMD_TASK INFO: [Cmd_GetPeerCurNetInfo:993]reqid 109 send GetPeerCurNetInfo msg {"METHOD":"3472","SEQID":"109","FROM":{"UserToken":"1600010140c3ad111p3g5jmo63upuvo5"},"TO":{"DID":"12000103c0537c93"}} to peer 12000103c0537c93, iret 0
09-20 07:21:12(523986026818) PID_SA INFO: [Java_com_chinatelecom_smarthome_viewer_business_impl_NativeCommand_getCurNetworkInfo:543]HM_GetNetworkInfoEx ret = 0 puiReqId = 109
09-20 07:21:12(9231) PID_SA INFO: [Java_com_chinatelecom_smarthome_viewer_business_impl_NativeClient_writeLogToFile:118]BaseActivity: onSaveInstanceState==mIsShowAd:false//activity is LiveVideoActivity
09-20 07:21:12(9231) PID_CBST_AUDIOCTL INFO: [Cbst_AudioCtl_Stop:169] Stop  0xf7b30798
09-20 07:21:12(528280994917) PID_CBST_AUDIOCTL INFO: [Cbst_AudioCtl_PlayTask:119]Task Quit
09-20 07:21:12(17509) cos INFO: [Cos_ThreadProc:185]thread[Cbst_AudioCtl_PlayTask]:0x53f8620, threadid:17509 proc complete
09-20 07:21:12(9231) cos INFO: [Cos_ThreadDelete:128]thread[Cbst_AudioCtl_PlayTask]:0x53f8620 delete ok
09-20 07:21:12(545460855823) PID_CBST_AUDIOCTL INFO: [Cbst_AudioCtl_PlayStop:71] Stop ok
09-20 07:21:12(17510) PID_CBST_AUDIOCTL INFO: [Cbst_AudioCtl_CapTask:182]Cap Quit 
09-20 07:21:12(17510) cos INFO: [Cos_ThreadProc:185]thread[Cbst_AudioCtl_CapTask]:0x53f8680, threadid:17510 proc complete
09-20 07:21:12(9231) cos INFO: [Cos_ThreadDelete:128]thread[Cbst_AudioCtl_CapTask]:0x53f8680 delete ok
09-20 07:21:12(532575953935) PID_CBST_AUDIOCTL INFO: [Cbst_AudioCtl_Stop:185]CBST_AUDIOCTL Stop OK 0xf7b30798
09-20 07:21:12(16677) CMD_TASK INFO: [Cmd_ProcRecvNetMsg:5738]reqid 109 recv rsp content {"CODE":"0","METHOD":"3473","SEQID":"109","FROM":{"DID":"12000103c0537c93"},"TO":{"UserToken":"1600010140c3ad111p3g5jmo63upuvo5"},"BODY":{"NetType":"2","Signal":"88","IPAddr":"192.168.1.192","MacAddr":"F0:A8:82:ED:40:9D","SSID":"ASUS_30_2G"}}
09-20 07:21:12(3763395501764919589) PID_SA INFO: [FUN_DEVICE_RSP_GET_NETWORK_INFO:2502]FUN_DEVICE_RSP_GET_NETWORK_INFO reqId:109, err:0, netType:2, signalType:0, sigStrength:88, ip:192.168.1.192, ssid:ASUS_30_2G
09-20 07:21:13(16682) TRAS_TASK INFO: [TrasStreamChannel_CloseChan:313]chanid 1 close ok
09-20 07:21:13(16682) MD_CACHE INFO: [Md_VideoPlayDestroyWriteHandle:269]destroy video write handle 0xb400007a6e24b800 usrid 16
09-20 07:21:13(12970367455108022570) MD_CACHE INFO: [Md_RgnPlayWriteDestroy:83]region write handle 0xb400007a6e24b900 detroyed ok
09-20 07:21:13(16677) CMD_TASK INFO: [Cmd_ProcRecvNetMsg:5738]reqid 102 recv rsp content {"CODE":"0","METHOD":"3415","SEQID":"102","FROM":{"DID":"12000103c0537c93"},"TO":{"UserToken":"1600010140c3ad111p3g5jmo63upuvo5"},"BODY":{"Version":"","UpdateFlag":"0"}}
09-20 07:21:13(16677) PID_SA INFO: [FUN_CHECKVERSION_RSP:2162]FUN_CHECKVERSION_RSP reqId:102, error:0, status:0, version:, descUrl:
09-20 07:21:13(9231) PID_SA INFO: [Java_com_chinatelecom_smarthome_viewer_business_impl_NativeClient_writeLogToFile:118]I/NewDeviceSettingActivity: isNewDevice:true,updateModeEnum:0,isShowUpdate:true
09-20 07:21:15(523986026818) CMD_TASK INFO: [Cmd_GetPeerCurNetInfo:993]reqid 110 send GetPeerCurNetInfo msg {"METHOD":"3472","SEQID":"110","FROM":{"UserToken":"1600010140c3ad111p3g5jmo63upuvo5"},"TO":{"DID":"12000103c0537c93"}} to peer 12000103c0537c93, iret 0
09-20 07:21:15(523986026818) PID_SA INFO: [Java_com_chinatelecom_smarthome_viewer_business_impl_NativeCommand_getCurNetworkInfo:543]HM_GetNetworkInfoEx ret = 0 puiReqId = 110
09-20 07:21:15(16677) CMD_TASK INFO: [Cmd_ProcRecvNetMsg:5738]reqid 110 recv rsp content {"CODE":"0","METHOD":"3473","SEQID":"110","FROM":{"DID":"12000103c0537c93"},"TO":{"UserToken":"1600010140c3ad111p3g5jmo63upuvo5"},"BODY":{"NetType":"2","Signal":"88","IPAddr":"192.168.1.192","MacAddr":"F0:A8:82:ED:40:9D","SSID":"ASUS_30_2G"}}
09-20 07:21:15(3763395501764919589) PID_SA INFO: [FUN_DEVICE_RSP_GET_NETWORK_INFO:2502]FUN_DEVICE_RSP_GET_NETWORK_INFO reqId:110, err:0, netType:2, signalType:0, sigStrength:88, ip:192.168.1.192, ssid:ASUS_30_2G
09-20 07:21:16(12970367459402982415) PID_SA INFO: [Java_com_chinatelecom_smarthome_viewer_business_impl_NativeClient_writeLogToFile:118]BaseActivity: onPause==//activity is NewDeviceSettingActivity
09-20 07:21:16(12970367459402982415) PID_SA INFO: [Java_com_chinatelecom_smarthome_viewer_business_impl_NativeClient_writeLogToFile:118]BaseActivity: onPause==mIsShowAd:false//activity is NewDeviceSettingActivity
09-20 07:21:16(545460855823) PID_SA INFO: [Java_com_chinatelecom_smarthome_viewer_business_impl_NativeDevice_getPeerAppSetting:2953]get peer appsetting deviceId: 12000103c0537c93
09-20 07:21:16(9231) PID_SA INFO: [Java_com_chinatelecom_smarthome_viewer_business_impl_NativeDevice_getPeerAppSetting:2986]get peer appsetting result: [1] [1296] [2304] [0] [43200] [1]
09-20 07:21:16(4294976527) PID_SA INFO: [Java_com_chinatelecom_smarthome_viewer_business_impl_NativeDevice_getPeerAppSetting:2953]get peer appsetting deviceId: 12000103c0537c93
09-20 07:21:16(9231) PID_SA INFO: [Java_com_chinatelecom_smarthome_viewer_business_impl_NativeDevice_getPeerAppSetting:2986]get peer appsetting result: [1] [1296] [2304] [0] [43200] [1]
09-20 07:21:16(9231) PID_SA INFO: [Java_com_chinatelecom_smarthome_viewer_business_impl_NativeClient_writeLogToFile:118]I/DeviceAbilityTools: getRecordPropInfo prop:{"RecordLoop":"1","RecordFull":"0","StreamID":"0","Duration":"0"}
09-20 07:21:16(12970367459402982415) PID_SA INFO: [Java_com_chinatelecom_smarthome_viewer_business_impl_NativeClient_writeLogToFile:118]I/DeviceAbilityTools: getRecordPropInfo prop:true
09-20 07:21:16(9231) PID_SA INFO: [Java_com_chinatelecom_smarthome_viewer_business_impl_NativeClient_writeLogToFile:118]I/BaseActivity: onResume==mIsShowAd:false//activity is DeviceConfigSettingActivity
09-20 07:21:16(9231) PID_SA INFO: [Java_com_chinatelecom_smarthome_viewer_business_impl_NativeClient_writeLogToFile:118]BaseActivity: onSaveInstanceState==mIsShowAd:false//activity is NewDeviceSettingActivity
09-20 07:21:18(523986026819) CMD_TASK INFO: [Cmd_GetPeerCurNetInfo:993]reqid 111 send GetPeerCurNetInfo msg {"METHOD":"3472","SEQID":"111","FROM":{"UserToken":"1600010140c3ad111p3g5jmo63upuvo5"},"TO":{"DID":"12000103c0537c93"}} to peer 12000103c0537c93, iret 0
09-20 07:21:18(523986026819) PID_SA INFO: [Java_com_chinatelecom_smarthome_viewer_business_impl_NativeCommand_getCurNetworkInfo:543]HM_GetNetworkInfoEx ret = 0 puiReqId = 111
09-20 07:21:18(16677) CMD_TASK INFO: [Cmd_ProcRecvNetMsg:5738]reqid 111 recv rsp content {"CODE":"0","METHOD":"3473","SEQID":"111","FROM":{"DID":"12000103c0537c93"},"TO":{"UserToken":"1600010140c3ad111p3g5jmo63upuvo5"},"BODY":{"NetType":"2","Signal":"91","IPAddr":"192.168.1.192","MacAddr":"F0:A8:82:ED:40:9D","SSID":"ASUS_30_2G"}}
09-20 07:21:18(3763395501764919589) PID_SA INFO: [FUN_DEVICE_RSP_GET_NETWORK_INFO:2502]FUN_DEVICE_RSP_GET_NETWORK_INFO reqId:111, err:0, netType:2, signalType:0, sigStrength:91, ip:192.168.1.192, ssid:ASUS_30_2G
09-20 07:21:21(523986026819) CMD_TASK INFO: [Cmd_GetPeerCurNetInfo:993]reqid 112 send GetPeerCurNetInfo msg {"METHOD":"3472","SEQID":"112","FROM":{"UserToken":"1600010140c3ad111p3g5jmo63upuvo5"},"TO":{"DID":"12000103c0537c93"}} to peer 12000103c0537c93, iret 0
09-20 07:21:21(523986026819) PID_SA INFO: [Java_com_chinatelecom_smarthome_viewer_business_impl_NativeCommand_getCurNetworkInfo:543]HM_GetNetworkInfoEx ret = 0 puiReqId = 112
09-20 07:21:21(16677) CMD_TASK INFO: [Cmd_ProcRecvNetMsg:5738]reqid 112 recv rsp content {"CODE":"0","METHOD":"3473","SEQID":"112","FROM":{"DID":"12000103c0537c93"},"TO":{"UserToken":"1600010140c3ad111p3g5jmo63upuvo5"},"BODY":{"NetType":"2","Signal":"91","IPAddr":"192.168.1.192","MacAddr":"F0:A8:82:ED:40:9D","SSID":"ASUS_30_2G"}}
09-20 07:21:21(3763395501764919589) PID_SA INFO: [FUN_DEVICE_RSP_GET_NETWORK_INFO:2502]FUN_DEVICE_RSP_GET_NETWORK_INFO reqId:112, err:0, netType:2, signalType:0, sigStrength:91, ip:192.168.1.192, ssid:ASUS_30_2G
09-20 07:21:22(9231) PID_SA INFO: [Java_com_chinatelecom_smarthome_viewer_business_impl_NativeClient_writeLogToFile:118]I/BasicActivity: onKeyDown BasicActivity className:com.huiyun.care.viewer.setting.DeviceConfigSettingActivity
09-20 07:21:22(12970367459402982415) PID_SA INFO: [Java_com_chinatelecom_smarthome_viewer_business_impl_NativeClient_writeLogToFile:118]BaseActivity: onPause==//activity is DeviceConfigSettingActivity
09-20 07:21:22(12970367459402982415) PID_SA INFO: [Java_com_chinatelecom_smarthome_viewer_business_impl_NativeClient_writeLogToFile:118]BaseActivity: onPause==mIsShowAd:false//activity is DeviceConfigSettingActivity
09-20 07:21:22(12970367459402982415) PID_SA INFO: [Java_com_chinatelecom_smarthome_viewer_business_impl_NativeClient_writeLogToFile:118]BaseActivity: onRestart==mIsShowAd:false//activity is NewDeviceSettingActivity
09-20 07:21:22(12970367459402982415) PID_SA INFO: [Java_com_chinatelecom_smarthome_viewer_business_impl_NativeClient_writeLogToFile:118]getInIoTProp: innerIoTBeanProp = {"PushFlag":"7","SMSFlag":"1","EmailFlag":"1","Interval":"300","EmailAddr":"","StartTime":"0","EndTime":"86400","SpanFlag":"0","Week":"127"}
09-20 07:21:22(545460855823) PID_SA INFO: [Java_com_chinatelecom_smarthome_viewer_business_impl_NativeClient_writeLogToFile:118]I/BaseActivity: onResume==mIsShowAd:false//activity is NewDeviceSettingActivity
09-20 07:21:22(9231) PID_SA INFO: [Java_com_chinatelecom_smarthome_viewer_business_impl_NativeClient_writeLogToFile:118]I/CloudChargeCardInfo: deviceId:12000103c0537c93,//chargeType:2,//chargeFlag:0
09-20 07:21:22(9231) PID_SA INFO: [Java_com_chinatelecom_smarthome_viewer_business_impl_NativeClient_writeLogToFile:118]I/CloudChargeCardInfo: deviceId:12000103c0537c93,//chargeType:1,//chargeFlag:0
09-20 07:21:22(9231) PID_SA INFO: [Java_com_chinatelecom_smarthome_viewer_business_impl_NativeClient_writeLogToFile:118]I/LowPowerHeart: deviceState = 5
09-20 07:21:22(9231) PID_SA INFO: [Java_com_chinatelecom_smarthome_viewer_business_impl_NativeClient_writeLogToFile:118]I/LowPowerHeart: 44lowPowerConsumption  startDeviceHeart //dId:12000103c0537c93//heartbeatStatus.isActive():true
09-20 07:21:22(545460855823) CMD_TASK INFO: [Cmd_CheckPeerDevVersion:4123]reqid 113 send msg {"METHOD":"3414","SEQID":"113","FROM":{"UserToken":"1600010140c3ad111p3g5jmo63upuvo5"},"TO":{"DID":"12000103c0537c93"}} to peer 12000103c0537c93, iret 0
09-20 07:21:22(523986019343) PID_SA INFO: [Java_com_chinatelecom_smarthome_viewer_business_impl_NativeClient_writeLogToFile:118]BaseActivity: onDestroy==mIsShowAd:false//activity is DeviceConfigSettingActivity
09-20 07:21:22(16677) CMD_TASK INFO: [Cmd_ProcRecvNetMsg:5738]reqid 113 recv rsp content {"CODE":"0","METHOD":"3415","SEQID":"113","FROM":{"DID":"12000103c0537c93"},"TO":{"UserToken":"1600010140c3ad111p3g5jmo63upuvo5"},"BODY":{"Version":"","UpdateFlag":"0"}}
09-20 07:21:22(16677) PID_SA INFO: [FUN_CHECKVERSION_RSP:2162]FUN_CHECKVERSION_RSP reqId:113, error:0, status:0, version:, descUrl:
09-20 07:21:22(9231) PID_SA INFO: [Java_com_chinatelecom_smarthome_viewer_business_impl_NativeClient_writeLogToFile:118]I/DeviceConfigSettingActivity: isNewDevice:true,updateModeEnum:0,isShowUpdate:true
09-20 07:21:24(528280994011) CMD_TASK INFO: [Cmd_GetPeerCurNetInfo:993]reqid 114 send GetPeerCurNetInfo msg {"METHOD":"3472","SEQID":"114","FROM":{"UserToken":"1600010140c3ad111p3g5jmo63upuvo5"},"TO":{"DID":"12000103c0537c93"}} to peer 12000103c0537c93, iret 0
09-20 07:21:24(528280994011) PID_SA INFO: [Java_com_chinatelecom_smarthome_viewer_business_impl_NativeCommand_getCurNetworkInfo:543]HM_GetNetworkInfoEx ret = 0 puiReqId = 114
09-20 07:21:24(16677) CMD_TASK INFO: [Cmd_ProcRecvNetMsg:5738]reqid 114 recv rsp content {"CODE":"0","METHOD":"3473","SEQID":"114","FROM":{"DID":"12000103c0537c93"},"TO":{"UserToken":"1600010140c3ad111p3g5jmo63upuvo5"},"BODY":{"NetType":"2","Signal":"91","IPAddr":"192.168.1.192","MacAddr":"F0:A8:82:ED:40:9D","SSID":"ASUS_30_2G"}}
09-20 07:21:24(3763395501764919589) PID_SA INFO: [FUN_DEVICE_RSP_GET_NETWORK_INFO:2502]FUN_DEVICE_RSP_GET_NETWORK_INFO reqId:114, err:0, netType:2, signalType:0, sigStrength:91, ip:192.168.1.192, ssid:ASUS_30_2G
09-20 07:21:25(12970367459402982415) PID_SA INFO: [Java_com_chinatelecom_smarthome_viewer_business_impl_NativeClient_writeLogToFile:118]BaseActivity: onPause==//activity is NewDeviceSettingActivity
09-20 07:21:25(12970367459402982415) PID_SA INFO: [Java_com_chinatelecom_smarthome_viewer_business_impl_NativeClient_writeLogToFile:118]BaseActivity: onPause==mIsShowAd:false//activity is NewDeviceSettingActivity
09-20 07:21:25(545460855823) PID_SA INFO: [Java_com_chinatelecom_smarthome_viewer_business_impl_NativeClient_writeLogToFile:118]I/BaseActivity: onResume==mIsShowAd:false//activity is RecordVideoSettingActivity
09-20 07:21:25(9231) PID_SA INFO: [Java_com_chinatelecom_smarthome_viewer_business_impl_NativeClient_writeLogToFile:118]I/CloudChargeCardInfo: deviceId:12000103c0537c93,//chargeType:1,//chargeFlag:0
09-20 07:21:25(12970367459402982415) PID_SA INFO: [Java_com_chinatelecom_smarthome_viewer_business_impl_NativeClient_writeLogToFile:118]I/CloudChargeCardInfo: deviceId:12000103c0537c93,//chargeType:2,//chargeFlag:0
09-20 07:21:25(144592857158657039) PID_SA INFO: [Java_com_chinatelecom_smarthome_viewer_business_impl_NativeClient_writeLogToFile:118]AdList: AdvertisingRequst(id=, adcode=pro_Android_en_Recording, width=1080, height=2400, appver=2.9.37, appid=1593592778513070, companyid=0000213ed0cdb8bc, countryCode=GB, platform=2, lang=2, uid=1600010140c3ad11)
09-20 07:21:25(9231) PID_SA INFO: [Java_com_chinatelecom_smarthome_viewer_business_impl_NativeClient_writeLogToFile:118]I/PaymentManager: payResultCode:-10000, orderInfo is null:true, isAlipaySubscriptionPaying:false
09-20 07:21:25(528280994011) PID_SA INFO: [Java_com_chinatelecom_smarthome_viewer_business_impl_NativeUser_GetDomainAddr:1672]HM_GetDomainAddr ret = 0,  aucSvrDomain:, aucWebDomain:, aucLogDomain:, aucAlexaDomain:
09-20 07:21:25(16603) PID_SA INFO: [Java_com_chinatelecom_smarthome_viewer_business_impl_NativeClient_writeLogToFile:118]I/HmHostConfig: hostInfo:{svrHost:,webHost:,logHost:,alexaHost:}
09-20 07:21:25(28429402144522578) PID_SA INFO: [Java_com_chinatelecom_smarthome_viewer_business_impl_NativeClient_writeLogToFile:118]I/CurlLogger: cURL -X POST -H "Content-Type: application/json; charset=UTF-8"  -d '{"adcode":"pro_Android_en_Recording","appid":"1593592778513070","appver":"2.9.37","companyid":"0000213ed0cdb8bc","countryCode":"GB","height":"2400","id":"","lang":"2","platform":"2","uid":"1600010140c3ad11","width":"1080"}' "https://exsvr.smartcloudcon.com/carewebin/store/getadlist/v2" -L
09-20 07:21:25(9570578704908507) PID_SA INFO: [Java_com_chinatelecom_smarthome_viewer_business_impl_NativeClient_writeLogToFile:118]I/CurlLogger: cURL -X POST -H "Content-Type: application/json; charset=UTF-8"  -d '{"appid":"1593592778513070","appver":"2.9.37","code":"Recording_EN","companyid":"0000213ed0cdb8bc","devCfg":{},"did":"12000103c0537c93","language":"2","sdkver":"3051580","type":"EN","uid":"1600010140c3ad11","userGroup":[]}' "https://exsvr.smartcloudcon.com/carewebin/store/recordingPkginfos" -L
09-20 07:21:25(9231) PID_SA INFO: [Java_com_chinatelecom_smarthome_viewer_business_impl_NativeClient_writeLogToFile:118]BaseActivity: onSaveInstanceState==mIsShowAd:false//activity is NewDeviceSettingActivity
09-20 07:21:25(16603) PID_SA INFO: [Java_com_chinatelecom_smarthome_viewer_business_impl_NativeClient_writeLogToFile:118]I/CurlLogger: response:{"code":"1000","data":{"dayPkg":{"currency_symbol":"$","default":0,"deviceBuyCount":0,"deviceNum":1,"freepkg":0,"google_key":"com.huiyun.recording24h7d.monthly","infolist":[],"ios_key":"","market":0,"marketDiscount":0.0,"marketDuration":0,"marketPrice":"0.00","marketUnit":"","name":"7 Days Continuous Recording","number":1,"packageid":5,"pay":["3","4"],"poid":"63044","price":"8.99","promotePkg":[],"serviceCycleName":"","serviceid":300011,"showRelName":"","showServiceCycle":1,"showType":0,"show_price":"8.99","subscription":1,"subscription_info":"","tag":{},"templatesnapshot":"{\"id\": \"32\", \"type\": \"BASE\", \"sdkMax\": \"9999999\", \"sdkMin\": \"1010107\", \"typeId\": \"2\", \"patchId\": \"5\", \"serviceItem\": [{\"bussConfig\": {}, \"functionId\": \"1010\", \"abilityConfig\": {\"Duration\": \"30\", \"StreamID\": \"1\", \"StorageList\": [{\"LoopDays\": \"7\", \"RecordType\": \"1\"}], \"ForceStreamID\": \"-1\", \"StorageAbility\": \"0\"}}, {\"bussConfig\": {}, \"functionId\": \"1011\", \"abilityCon
09-20 07:21:25(528280994011) PID_SA INFO: [Java_com_chinatelecom_smarthome_viewer_business_impl_NativeClient_writeLogToFile:118]I/CurlLogger: fig\": {\"GifFlag\": \"1\", \"PicType\": \"2\", \"LoopDays\": \"7\", \"RecordType\": \"1\", \"SnapJpgCnt\": \"5\", \"GifOpenFlag\": \"0\", \"StorageType\": \"0\"}}, {\"bussConfig\": {}, \"functionId\": \"1013\", \"abilityConfig\": {\"LoopDays\": \"7\"}}], \"templateName\": \"7天全天模板-一个月\", \"deviceSupport\": \"1 \u0026\u0026 1 \u0026\u0026 IFNULL(!JSON_OVERLAPS(JSON_EXTRACT({deviceConfig},'$**.AwakeAbility'),'[\\\"1\\\",\\\"2\\\",\\\"3\\\"]'),1)\", \"effectiveUnit\": \"MONTH\", \"orientationType\": \"DEVICE\", \"lowestPriceEnUsd\": \"3\", \"effectiveDuration\": \"1\", \"monthLowestPriceEnUsd\": \"0\"}","trialCondition":1,"trialDay":0,"uniqueid":"rRjTkKqYMx","unit":"MONTH","updatetime":"2026-03-23T14:30:17","userBuyCount":0},"eventPkg":{"currency_symbol":"$","default":0,"deviceBuyCount":0,"deviceNum":1,"freepkg":0,"google_key":"com.huiyun.recording.7d.monthly","infolist":[],"ios_key":"","market":0,"marketDiscount":0.0,"marketDuration":0,"marketPrice":"0.00","marketUnit":"","name":"7 Days Event Recording","numbe
09-20 07:21:25(7306002067875709147) PID_SA INFO: [Java_com_chinatelecom_smarthome_viewer_business_impl_NativeClient_writeLogToFile:118]I/CurlLogger: r":1,"packageid":1,"pay":["3","4"],"poid":"63043","price":"4.99","promotePkg":[],"serviceCycleName":"","serviceid":300010,"showRelName":"","showServiceCycle":1,"showType":0,"show_price":"4.99","subscription":1,"subscription_info":"","tag":{},"templatesnapshot":"{\"id\": \"8\", \"type\": \"BASE\", \"sdkMax\": \"3999999\", \"sdkMin\": \"0\", \"typeId\": \"1\", \"patchId\": \"1\", \"serviceItem\": [{\"bussConfig\": {}, \"functionId\": \"1010\", \"abilityConfig\": {\"Duration\": \"30\", \"StreamID\": \"1\", \"StorageList\": [{\"LoopDays\": \"7\", \"RecordType\": \"2\"}]}}, {\"bussConfig\": {}, \"functionId\": \"1011\", \"abilityConfig\": {\"GifFlag\": \"1\", \"PicType\": \"2\", \"LoopDays\": \"7\", \"RecordType\": \"1\", \"SnapJpgCnt\": \"5\", \"GifOpenFlag\": \"0\", \"StorageType\": \"0\"}}, {\"bussConfig\": {}, \"functionId\": \"1013\", \"abilityConfig\": {\"LoopDays\": \"7\"}}], \"templateName\": \"7天事件模板-一个月\", \"deviceSupport\": \"1 \u0026\u0026 1 \u0026\u0026 1\", \"effectiveUnit\": \"MONTH\", \"lowestPrice
09-20 07:21:25(8031135441002447067) PID_SA INFO: [Java_com_chinatelecom_smarthome_viewer_business_impl_NativeClient_writeLogToFile:118]I/CurlLogger: En\": \"7.3\", \"orientationType\": \"DEVICE\", \"lowestPriceEnUsd\": \"1.0\", \"effectiveDuration\": \"1\", \"monthLowestPriceEn\": \"11.68\", \"monthLowestPriceEnUsd\": \"1.1\"}","trialCondition":1,"trialDay":0,"uniqueid":"HVdTxurrlN","unit":"MONTH","updatetime":"2025-09-19T00:24:59","userBuyCount":0}},"desc":"Success"}
09-20 07:21:25(9231) PID_SA INFO: [Java_com_chinatelecom_smarthome_viewer_business_impl_NativeClient_writeLogToFile:118]I/GooglePayManagerV2: startConnection billingClient.isReady=true retry=false funcId= hasCallback=true
09-20 07:21:25(9231) PID_SA INFO: [Java_com_chinatelecom_smarthome_viewer_business_impl_NativeClient_writeLogToFile:118]I/GooglePayManagerV2: queryProduct start productType=subs requestSize=2 cacheSize=1
09-20 07:21:25(9231) PID_SA INFO: [Java_com_chinatelecom_smarthome_viewer_business_impl_NativeClient_writeLogToFile:118]I/GooglePayManagerV2: productType = subs productId = com.huiyun.recording24h7d.monthly
09-20 07:21:25(9231) PID_SA INFO: [Java_com_chinatelecom_smarthome_viewer_business_impl_NativeClient_writeLogToFile:118]I/GooglePayManagerV2: productType = subs productId = com.huiyun.recording.7d.monthly
09-20 07:21:25(17636) PID_SA INFO: [Java_com_chinatelecom_smarthome_viewer_business_impl_NativeClient_writeLogToFile:118]I/GooglePayManagerV2: queryProduct result fetched=2 unfetched=0 cacheSize=3 billingResult = message:,responseCode=0
09-20 07:21:25(17636) PID_SA INFO: [Java_com_chinatelecom_smarthome_viewer_business_impl_NativeClient_writeLogToFile:118]I/GooglePayManagerV2: priceCurrencyCode =   formattedPrice:null,//originPrice:null
09-20 07:21:25(17636) PID_SA INFO: [Java_com_chinatelecom_smarthome_viewer_business_impl_NativeClient_writeLogToFile:118]I/GooglePayManagerV2: priceCurrencyCode = INR  formattedPrice:₹520.00,//originPrice:520000000
09-20 07:21:25(17636) PID_SA INFO: [Java_com_chinatelecom_smarthome_viewer_business_impl_NativeClient_writeLogToFile:118]I/GooglePayManagerV2: priceCurrencyCode =   formattedPrice:null,//originPrice:null
09-20 07:21:25(17636) PID_SA INFO: [Java_com_chinatelecom_smarthome_viewer_business_impl_NativeClient_writeLogToFile:118]I/GooglePayManagerV2: priceCurrencyCode = INR  formattedPrice:₹920.00,//originPrice:920000000
09-20 07:21:27(4294983977) TRAS_TASK INFFILTER: [TrasLink_Ping:257]Link send heatbeart requst ret 8
09-20 07:21:27(16681) TRAS_TASK INFO: [TrasP2PSlot_ProcTcpState:310]tcpslot 0xb4000078648f9580 turn to close for not inuse
09-20 07:21:27(523986026793) cos INFO: [Cos_SocketClose:390]socket<497> closed
09-20 07:21:27(16681) TRAS_TASK INFO: [TrasP2PSlot_ProcTcpState:352]tcpslot 0xb4000078648f9580 closed ok reset bestslot 0
09-20 07:21:27(9231) PID_SA INFO: [Java_com_chinatelecom_smarthome_viewer_business_impl_NativeClient_writeLogToFile:118]I/LowPowerHeart: deviceState = 5
09-20 07:21:27(12970367459402982415) PID_SA INFO: [Java_com_chinatelecom_smarthome_viewer_business_impl_NativeClient_writeLogToFile:118]I/LowPowerHeart: 44lowPowerConsumption  startDeviceHeart //dId:12000103c0537c93//heartbeatStatus.isActive():true
09-20 07:21:27(545460855823) CMD_TASK INFO: [Cmd_GetPeerTfCardInf:830]reqid 115 send GetPeerTfCardInf msg {"METHOD":"344E","SEQID":"115","FROM":{"UserToken":"1600010140c3ad111p3g5jmo63upuvo5"},"TO":{"DID":"12000103c0537c93"}} to peer 12000103c0537c93, iret 0
09-20 07:21:27(545460855823) PID_SA INFO: [Java_com_chinatelecom_smarthome_viewer_business_impl_NativeCommand_getTFCardInfo:394]HM_GetSdCardInf ret = 0 puiReqId = 115
09-20 07:21:27(523986026819) CMD_TASK INFO: [Cmd_GetPeerCurNetInfo:993]reqid 116 send GetPeerCurNetInfo msg {"METHOD":"3472","SEQID":"116","FROM":{"UserToken":"1600010140c3ad111p3g5jmo63upuvo5"},"TO":{"DID":"12000103c0537c93"}} to peer 12000103c0537c93, iret 0
09-20 07:21:27(523986026819) PID_SA INFO: [Java_com_chinatelecom_smarthome_viewer_business_impl_NativeCommand_getCurNetworkInfo:543]HM_GetNetworkInfoEx ret = 0 puiReqId = 116
09-20 07:21:27(523986026793) TRAS_TASK INFO: [TrasP2PSlot_Close:61]close the Slot 0xb4000078648f9580  flag 0 ok .
09-20 07:21:27(16722) PID_SA INFO: [Java_com_chinatelecom_smarthome_viewer_business_impl_NativeClient_writeLogToFile:118]I/CurlLogger: response:{"code":"1000","data":{"ext":{"buyed":"1","noThirdAd":0,"reg":"2024-04-09 16:36:37","useCache":1},"list":[{"ad_id":"B00401","ad_space_height":"","ad_space_size":1,"ad_space_width":"","adcode":"pro_Android_en_Recording","adsource":"zzy","adsourcecode":"","adtype":2,"after_click_action":"","click":1,"click_url":"","id":"401","imglist":[{"height":970,"img_url":"https://hmstatic-1311597033.cos.ap-nanjing.myqcloud.com/media/ads/1733466781205899161/english.png","jumpType":"","jump_url":"","lang":1,"resolution":"638x970","width":638}],"name":"录像设置页面","no_display_ad_people":0,"no_display_user_reg_days":0,"page_name":"","rate_times":"0-23","rate_week":"1,2,3,4,5,6,7","reg_gt_date":"","req_ad_timeout":5,"rule_conf":"","rule_update_times":2609200,"show_time_end":"","show_time_length":5,"show_time_start":"2024-12-20","show_time_type":1,"skip":1,"skip_type":0,"strategy_type":0}]},"desc":"Success"}
09-20 07:21:27(12970367459402989906) PID_SA INFO: [Java_com_chinatelecom_smarthome_viewer_business_impl_NativeClient_writeLogToFile:118]AdList: AdvertisingResp(code=1000, data=DataBean(list=[ListBean(adId=B00401,adtype=2, adsource='zzy', adsourcecode='', show_time_end='', show_time_type=1, skip=1, skip_type=0, click=1, imglist=[Imglist(adId=,img_url='https://hmstatic-1311597033.cos.ap-nanjing.myqcloud.com/media/ads/1733466781205899161/english.png', width=638, lang=1, resolution='638x970', height=970, jump_url='', jumpType='', isDownload=false)], show_time_start='2024-12-20', show_time_length=5, rate_times='0-23', name='录像设置页面', rate_week='1,2,3,4,5,6,7', adId='401', click_url='', jumpType='', adcode='pro_Android_en_Recording', req_ad_timeout=5, strategy_type=0, rule_conf='', after_click_action='', rule_update_times=2609200,page_name=)]), desc=Success)
09-20 07:21:27(523986026834) PID_SA INFO: [Java_com_chinatelecom_smarthome_viewer_business_impl_NativeClient_writeLogToFile:118]AdList: AdvertisingResp bean:ListBean(adId=B00401,adtype=2, adsource='zzy', adsourcecode='', show_time_end='', show_time_type=1, skip=1, skip_type=0, click=1, imglist=[Imglist(adId=,img_url='https://hmstatic-1311597033.cos.ap-nanjing.myqcloud.com/media/ads/1733466781205899161/english.png', width=638, lang=1, resolution='638x970', height=970, jump_url='', jumpType='', isDownload=false)], show_time_start='2024-12-20', show_time_length=5, rate_times='0-23', name='录像设置页面', rate_week='1,2,3,4,5,6,7', adId='401', click_url='', jumpType='', adcode='pro_Android_en_Recording', req_ad_timeout=5, strategy_type=0, rule_conf='', after_click_action='', rule_update_times=2609200,page_name=)
09-20 07:21:27(16677) CMD_TASK INFO: [Cmd_ProcRecvNetMsg:5738]reqid 115 recv rsp content {"CODE":"0","METHOD":"344F","SEQID":"115","FROM":{"DID":"12000103c0537c93"},"TO":{"UserToken":"1600010140c3ad111p3g5jmo63upuvo5"},"BODY":{"StorageAbility":"1","TotalSize":"0","FreeSize":"0","CardStatus":"2"}}
09-20 07:21:27(16677) PID_SA INFO: [FUN_DEVICE_RSP_GET_TFCARD_INFO:2342]FUN_DEVICE_RSP_GET_TFCARD_INFO uiReqId:115, uiTotalSize:0, uiRemainSize:0, iErr:2
09-20 07:21:27(16677) CMD_TASK INFO: [Cmd_ProcRecvNetMsg:5738]reqid 116 recv rsp content {"CODE":"0","METHOD":"3473","SEQID":"116","FROM":{"DID":"12000103c0537c93"},"TO":{"UserToken":"1600010140c3ad111p3g5jmo63upuvo5"},"BODY":{"NetType":"2","Signal":"91","IPAddr":"192.168.1.192","MacAddr":"F0:A8:82:ED:40:9D","SSID":"ASUS_30_2G"}}
09-20 07:21:27(3763395501764919589) PID_SA INFO: [FUN_DEVICE_RSP_GET_NETWORK_INFO:2502]FUN_DEVICE_RSP_GET_NETWORK_INFO reqId:116, err:0, netType:2, signalType:0, sigStrength:91, ip:192.168.1.192, ssid:ASUS_30_2G
09-20 07:21:29(9231) PID_SA INFO: [Java_com_chinatelecom_smarthome_viewer_business_impl_NativeClient_writeLogToFile:118]I/LowPowerHeart: deviceState = 5
09-20 07:21:29(12970367459402982415) PID_SA INFO: [Java_com_chinatelecom_smarthome_viewer_business_impl_NativeClient_writeLogToFile:118]I/LowPowerHeart: 44lowPowerConsumption  startDeviceHeart //dId:12000103c0537c93//heartbeatStatus.isActive():true
09-20 07:21:29(545460855823) CMD_TASK INFO: [Cmd_GetPeerTfCardInf:830]reqid 117 send GetPeerTfCardInf msg {"METHOD":"344E","SEQID":"117","FROM":{"UserToken":"1600010140c3ad111p3g5jmo63upuvo5"},"TO":{"DID":"12000103c0537c93"}} to peer 12000103c0537c93, iret 0
09-20 07:21:29(545460855823) PID_SA INFO: [Java_com_chinatelecom_smarthome_viewer_business_impl_NativeCommand_getTFCardInfo:394]HM_GetSdCardInf ret = 0 puiReqId = 117
09-20 07:21:29(16677) CMD_TASK INFO: [Cmd_ProcRecvNetMsg:5738]reqid 117 recv rsp content {"CODE":"0","METHOD":"344F","SEQID":"117","FROM":{"DID":"12000103c0537c93"},"TO":{"UserToken":"1600010140c3ad111p3g5jmo63upuvo5"},"BODY":{"StorageAbility":"1","TotalSize":"0","FreeSize":"0","CardStatus":"2"}}
09-20 07:21:29(16677) PID_SA INFO: [FUN_DEVICE_RSP_GET_TFCARD_INFO:2342]FUN_DEVICE_RSP_GET_TFCARD_INFO uiReqId:117, uiTotalSize:0, uiRemainSize:0, iErr:2
09-20 07:21:30(528280994011) CMD_TASK INFO: [Cmd_GetPeerCurNetInfo:993]reqid 118 send GetPeerCurNetInfo msg {"METHOD":"3472","SEQID":"118","FROM":{"UserToken":"1600010140c3ad111p3g5jmo63upuvo5"},"TO":{"DID":"12000103c0537c93"}} to peer 12000103c0537c93, iret 0
09-20 07:21:30(528280994011) PID_SA INFO: [Java_com_chinatelecom_smarthome_viewer_business_impl_NativeCommand_getCurNetworkInfo:543]HM_GetNetworkInfoEx ret = 0 puiReqId = 118
09-20 07:21:30(16677) CMD_TASK INFO: [Cmd_ProcRecvNetMsg:5738]reqid 118 recv rsp content {"CODE":"0","METHOD":"3473","SEQID":"118","FROM":{"DID":"12000103c0537c93"},"TO":{"UserToken":"1600010140c3ad111p3g5jmo63upuvo5"},"BODY":{"NetType":"2","Signal":"91","IPAddr":"192.168.1.192","MacAddr":"F0:A8:82:ED:40:9D","SSID":"ASUS_30_2G"}}
09-20 07:21:30(3763395501764919589) PID_SA INFO: [FUN_DEVICE_RSP_GET_NETWORK_INFO:2502]FUN_DEVICE_RSP_GET_NETWORK_INFO reqId:118, err:0, netType:2, signalType:0, sigStrength:91, ip:192.168.1.192, ssid:ASUS_30_2G
09-20 07:21:31(9231) PID_SA INFO: [Java_com_chinatelecom_smarthome_viewer_business_impl_NativeClient_writeLogToFile:118]I/BasicActivity: onKeyDown BasicActivity className:com.huiyun.care.viewer.setting.record.RecordVideoSettingActivity
09-20 07:21:31(12970367459402982415) PID_SA INFO: [Java_com_chinatelecom_smarthome_viewer_business_impl_NativeClient_writeLogToFile:118]BaseActivity: onPause==//activity is RecordVideoSettingActivity
09-20 07:21:31(12970367459402982415) PID_SA INFO: [Java_com_chinatelecom_smarthome_viewer_business_impl_NativeClient_writeLogToFile:118]BaseActivity: onPause==mIsShowAd:false//activity is RecordVideoSettingActivity
09-20 07:21:31(9231) PID_SA INFO: [Java_com_chinatelecom_smarthome_viewer_business_impl_NativeClient_writeLogToFile:118]BaseActivity: onRestart==mIsShowAd:false//activity is NewDeviceSettingActivity
09-20 07:21:31(9231) PID_SA INFO: [Java_com_chinatelecom_smarthome_viewer_business_impl_NativeClient_writeLogToFile:118]getInIoTProp: innerIoTBeanProp = {"PushFlag":"7","SMSFlag":"1","EmailFlag":"1","Interval":"300","EmailAddr":"","StartTime":"0","EndTime":"86400","SpanFlag":"0","Week":"127"}
09-20 07:21:31(9231) PID_SA INFO: [Java_com_chinatelecom_smarthome_viewer_business_impl_NativeClient_writeLogToFile:118]I/BaseActivity: onResume==mIsShowAd:false//activity is NewDeviceSettingActivity
09-20 07:21:31(9231) PID_SA INFO: [Java_com_chinatelecom_smarthome_viewer_business_impl_NativeClient_writeLogToFile:118]I/CloudChargeCardInfo: deviceId:12000103c0537c93,//chargeType:2,//chargeFlag:0
09-20 07:21:31(9231) PID_SA INFO: [Java_com_chinatelecom_smarthome_viewer_business_impl_NativeClient_writeLogToFile:118]I/CloudChargeCardInfo: deviceId:12000103c0537c93,//chargeType:1,//chargeFlag:0
09-20 07:21:31(9231) PID_SA INFO: [Java_com_chinatelecom_smarthome_viewer_business_impl_NativeClient_writeLogToFile:118]I/LowPowerHeart: deviceState = 5
09-20 07:21:31(545460855823) PID_SA INFO: [Java_com_chinatelecom_smarthome_viewer_business_impl_NativeClient_writeLogToFile:118]I/LowPowerHeart: 44lowPowerConsumption  startDeviceHeart //dId:12000103c0537c93//heartbeatStatus.isActive():true
09-20 07:21:31(545460855823) CMD_TASK INFO: [Cmd_CheckPeerDevVersion:4123]reqid 119 send msg {"METHOD":"3414","SEQID":"119","FROM":{"UserToken":"1600010140c3ad111p3g5jmo63upuvo5"},"TO":{"DID":"12000103c0537c93"}} to peer 12000103c0537c93, iret 0
09-20 07:21:31(523986019343) PID_SA INFO: [Java_com_chinatelecom_smarthome_viewer_business_impl_NativeClient_writeLogToFile:118]BaseActivity: onDestroy==mIsShowAd:false//activity is RecordVideoSettingActivity
09-20 07:21:31(16677) CMD_TASK INFO: [Cmd_ProcRecvNetMsg:5738]reqid 119 recv rsp content {"CODE":"0","METHOD":"3415","SEQID":"119","FROM":{"DID":"12000103c0537c93"},"TO":{"UserToken":"1600010140c3ad111p3g5jmo63upuvo5"},"BODY":{"Version":"","UpdateFlag":"0"}}
09-20 07:21:31(16677) PID_SA INFO: [FUN_CHECKVERSION_RSP:2162]FUN_CHECKVERSION_RSP reqId:119, error:0, status:0, version:, descUrl:
09-20 07:21:31(9231) PID_SA INFO: [Java_com_chinatelecom_smarthome_viewer_business_impl_NativeClient_writeLogToFile:118]I/RecordVideoSettingActivity: isNewDevice:true,updateModeEnum:0,isShowUpdate:true
09-20 07:21:33(528280994011) CMD_TASK INFO: [Cmd_GetPeerCurNetInfo:993]reqid 120 send GetPeerCurNetInfo msg {"METHOD":"3472","SEQID":"120","FROM":{"UserToken":"1600010140c3ad111p3g5jmo63upuvo5"},"TO":{"DID":"12000103c0537c93"}} to peer 12000103c0537c93, iret 0
09-20 07:21:33(528280994011) PID_SA INFO: [Java_com_chinatelecom_smarthome_viewer_business_impl_NativeCommand_getCurNetworkInfo:543]HM_GetNetworkInfoEx ret = 0 puiReqId = 120
09-20 07:21:33(16677) CMD_TASK INFO: [Cmd_ProcRecvNetMsg:5738]reqid 120 recv rsp content {"CODE":"0","METHOD":"3473","SEQID":"120","FROM":{"DID":"12000103c0537c93"},"TO":{"UserToken":"1600010140c3ad111p3g5jmo63upuvo5"},"BODY":{"NetType":"2","Signal":"91","IPAddr":"192.168.1.192","MacAddr":"F0:A8:82:ED:40:9D","SSID":"ASUS_30_2G"}}
09-20 07:21:33(3763395501764919589) PID_SA INFO: [FUN_DEVICE_RSP_GET_NETWORK_INFO:2502]FUN_DEVICE_RSP_GET_NETWORK_INFO reqId:120, err:0, netType:2, signalType:0, sigStrength:91, ip:192.168.1.192, ssid:ASUS_30_2G
09-20 07:21:36(528280994011) CMD_TASK INFO: [Cmd_GetPeerCurNetInfo:993]reqid 121 send GetPeerCurNetInfo msg {"METHOD":"3472","SEQID":"121","FROM":{"UserToken":"1600010140c3ad111p3g5jmo63upuvo5"},"TO":{"DID":"12000103c0537c93"}} to peer 12000103c0537c93, iret 0
09-20 07:21:36(528280994011) PID_SA INFO: [Java_com_chinatelecom_smarthome_viewer_business_impl_NativeCommand_getCurNetworkInfo:543]HM_GetNetworkInfoEx ret = 0 puiReqId = 121
09-20 07:21:36(16677) CMD_TASK INFO: [Cmd_ProcRecvNetMsg:5738]reqid 121 recv rsp content {"CODE":"0","METHOD":"3473","SEQID":"121","FROM":{"DID":"12000103c0537c93"},"TO":{"UserToken":"1600010140c3ad111p3g5jmo63upuvo5"},"BODY":{"NetType":"2","Signal":"91","IPAddr":"192.168.1.192","MacAddr":"F0:A8:82:ED:40:9D","SSID":"ASUS_30_2G"}}
09-20 07:21:36(3763395501764919589) PID_SA INFO: [FUN_DEVICE_RSP_GET_NETWORK_INFO:2502]FUN_DEVICE_RSP_GET_NETWORK_INFO reqId:121, err:0, netType:2, signalType:0, sigStrength:91, ip:192.168.1.192, ssid:ASUS_30_2G
09-20 07:21:36(9231) PID_SA INFO: [Java_com_chinatelecom_smarthome_viewer_business_impl_NativeClient_writeLogToFile:118]I/AppLovinAdManager: showAdBanner==onAdLoadFailed==code:-1000,meg:Failed to connect to ms.applvn.com/0.0.0.0:443
09-20 07:21:37(9231) PID_SA INFO: [Java_com_chinatelecom_smarthome_viewer_business_impl_NativeClient_writeLogToFile:118]I/AppLovinAdManager: showAdBanner==onAdLoadFailed==code:-1000,meg:Failed to connect to ms.applvn.com/0.0.0.0:443
09-20 07:21:38(12970367459402982415) PID_SA INFO: [Java_com_chinatelecom_smarthome_viewer_business_impl_NativeClient_writeLogToFile:118]BaseActivity: onPause==//activity is NewDeviceSettingActivity
09-20 07:21:38(12970367459402982415) PID_SA INFO: [Java_com_chinatelecom_smarthome_viewer_business_impl_NativeClient_writeLogToFile:118]BaseActivity: onPause==mIsShowAd:false//activity is NewDeviceSettingActivity
09-20 07:21:38(536870921231) PID_SA INFO: [Java_com_chinatelecom_smarthome_viewer_business_impl_NativeClient_writeLogToFile:118]BaseActivity: onRestart==mIsShowAd:false//activity is LiveVideoActivity
09-20 07:21:38(9231) PID_SA INFO: [Java_com_chinatelecom_smarthome_viewer_business_impl_NativeClient_writeLogToFile:118]LiveVideoActivity: onStart
09-20 07:21:38(9231) PID_SA INFO: [Java_com_chinatelecom_smarthome_viewer_business_impl_NativeClient_writeLogToFile:118]I/PackageViewModel: play ON_START code: -10000,payRetainType:0,isWeChatPaying:false
09-20 07:21:38(9231) PID_SA INFO: [Java_com_chinatelecom_smarthome_viewer_business_impl_NativeClient_writeLogToFile:118]I/DeviceBean: getDeviceName:GateCameras
09-20 07:21:38(9231) PID_SA INFO: [Java_com_chinatelecom_smarthome_viewer_business_impl_NativeClient_writeLogToFile:118]I/DeviceBean: getDeviceName:GateCameras
09-20 07:21:38(9231) PID_SA INFO: [Java_com_chinatelecom_smarthome_viewer_business_impl_NativeDevice_getPeerAppSetting:2953]get peer appsetting deviceId: 12000103c0537c93
09-20 07:21:38(9231) PID_SA INFO: [Java_com_chinatelecom_smarthome_viewer_business_impl_NativeDevice_getPeerAppSetting:2986]get peer appsetting result: [1] [1296] [2304] [0] [43200] [1]
09-20 07:21:38(545460855823) PID_SA INFO: [Java_com_chinatelecom_smarthome_viewer_business_impl_NativeClient_writeLogToFile:118]I/BaseActivity: onResume==mIsShowAd:false//activity is LiveVideoActivity
09-20 07:21:38(12970367459402982415) PID_SA INFO: [Java_com_chinatelecom_smarthome_viewer_business_impl_NativeClient_writeLogToFile:118]LiveVideoActivity: onResume
09-20 07:21:38(8062480241177666575) PID_SA INFO: [Java_com_chinatelecom_smarthome_viewer_business_impl_NativeClient_writeLogToFile:118]AdList: AdvertisingRequst(id=, adcode=Android_en_sale_window_realtime, width=1080, height=2400, appver=2.9.37, appid=1593592778513070, companyid=0000213ed0cdb8bc, countryCode=GB, platform=2, lang=2, uid=1600010140c3ad11)
09-20 07:21:38(9231) PID_SA INFO: [Java_com_chinatelecom_smarthome_viewer_business_impl_NativeClient_writeLogToFile:118]I/LowPowerHeart: deviceState = 5
09-20 07:21:38(9231) PID_SA INFO: [Java_com_chinatelecom_smarthome_viewer_business_impl_NativeClient_writeLogToFile:118]I/LowPowerHeart: 11lowPowerConsumption  startDeviceHeart duration:0//interval:5000//dId:12000103c0537c93
09-20 07:21:38(545460855823) CMD_TASK INFO: [Cmd_GetPeerCurNetInfo:993]reqid 122 send GetPeerCurNetInfo msg {"METHOD":"3472","SEQID":"122","FROM":{"UserToken":"1600010140c3ad111p3g5jmo63upuvo5"},"TO":{"DID":"12000103c0537c93"}} to peer 12000103c0537c93, iret 0
09-20 07:21:38(545460855823) PID_SA INFO: [Java_com_chinatelecom_smarthome_viewer_business_impl_NativeCommand_getCurNetworkInfo:543]HM_GetNetworkInfoEx ret = 0 puiReqId = 122
09-20 07:21:38(545460855823) PID_SA INFO: [Java_com_chinatelecom_smarthome_viewer_business_impl_NativeClient_writeLogToFile:118]I/LiveVideoActivity: startVideo isCameraOpenFlag:true
09-20 07:21:38(545460855823) TRAS_TASK INFO: [TrasStreamChannel_Create:368]Create channel[2] [0xb400007accc7c940] stream[0xb400007ac0d1c400] media 1 stream type 1
09-20 07:21:38(9231) MD_TASK INFO: [Md_CreatAliveStreamEx:390]chanid 2 playid 123 creat AliveEx peerid 12000103c0537c93 ch[-1] cam [0 0] audioflag 1 BussType 1
09-20 07:21:38(9231) PID_SA INFO: [Java_com_chinatelecom_smarthome_viewer_business_impl_NativeClient_writeLogToFile:118]MediaRenderViewImpl:  initRenderView   videoEncType = H264  vrMode = None   glSurfaceView = android.opengl.GLSurfaceView{61d48fa V.E...... ........ 0,0-1080,606 alpha=1.0 viewInfo = }
09-20 07:21:38(9231) PID_SA INFO: [Java_com_chinatelecom_smarthome_viewer_business_impl_NativeClient_writeLogToFile:118]MediaRenderViewImpl: startRealTimeStream: mStreamId: 123
09-20 07:21:38(9231) PID_SA INFO: [Java_com_chinatelecom_smarthome_viewer_business_impl_NativeClient_writeLogToFile:118]I/PackageViewModel: play ON_RESUME code: -10000,payRetainType:0
09-20 07:21:38(9231) PID_SA INFO: [Java_com_chinatelecom_smarthome_viewer_business_impl_NativeClient_writeLogToFile:118]I/PaymentManager: payResultCode:-10000, orderInfo is null:true, isAlipaySubscriptionPaying:false
09-20 07:21:38(28429402144522875) PID_SA INFO: [Java_com_chinatelecom_smarthome_viewer_business_impl_NativeClient_writeLogToFile:118]I/CurlLogger: cURL -X POST -H "Content-Type: application/json; charset=UTF-8"  -d '{"adcode":"Android_en_sale_window_realtime","appid":"1593592778513070","appver":"2.9.37","companyid":"0000213ed0cdb8bc","countryCode":"GB","height":"2400","id":"","lang":"2","platform":"2","uid":"1600010140c3ad11","width":"1080"}' "https://exsvr.smartcloudcon.com/carewebin/store/getadlist/v2" -L
09-20 07:21:38(17438) PID_SA INFO: [Java_com_chinatelecom_smarthome_viewer_business_impl_NativeClient_writeLogToFile:118]onSurfaceChanged: SurfaceWidth = 1080 SurfaceHeight = 606 videoWidth = 1920 videoHeight = 1080
09-20 07:21:38(12970367459402990622) PID_SA INFO: [Java_com_chinatelecom_smarthome_viewer_business_impl_NativeClient_writeLogToFile:118]onSurfaceChanged: FIT_CENTER orientation = 1 display_w = 1077   display_h = 606 play_pos_x = 1 play_pos_y = 0
09-20 07:21:38(17438) PID_SA INFO: [Java_com_chinatelecom_smarthome_viewer_business_impl_NativeClient_writeLogToFile:118]onSurfaceChanged: SurfaceWidth = 1080 SurfaceHeight = 606 videoWidth = 1920 videoHeight = 1080
09-20 07:21:38(18446744069414601758) PID_SA INFO: [Java_com_chinatelecom_smarthome_viewer_business_impl_NativeClient_writeLogToFile:118]onSurfaceChanged: FIT_CENTER orientation = 1 display_w = 1077   display_h = 606 play_pos_x = 1 play_pos_y = 0
09-20 07:21:39(16683) MD_CACHE INFO: [Md_VideoPlayCreatWriteHandle:106]creat video write handle 0xb400007a6e24b800 usrid 32 w 1920 h 1080
09-20 07:21:39(16683) MD_CACHE INFO: [Md_RgnPlayCreatWriteHandle:35]creat region write handle 0xb400007a6e24b900 peerid 12000103c0537c93 chanid 32
09-20 07:21:39(16683) MD_CACHE INFO: [Md_AudioPlayCreatWriteHandle:167]creat audio write handle 0xb400007abf81b240 usrid 2 
09-20 07:21:39(16683) MD_CACHE INFO: [Md_VideoPlayCreatReadHandle:319]creat video read handle 0xb400007ad5215400 uiUsrId 32
09-20 07:21:39(16683) MD_CACHE INFO: [Md_RgnPlayCreatReadHandle:123]region creat read handle 0xb400007a6e3fc420 peerid 12000103c0537c93 chanid 32
09-20 07:21:39(16683) MD_CACHE INFO: [Md_AudioPlayCreatReadHandle:343]creat read handle 0xb400007ad5215440 usrid 2 
09-20 07:21:39(523986026795) MD_TASK INFO: [Md_ProcCreatRspOperation:2303]playid 123 peer 12000103c0537c93  sessionid 2 creat video 0xb400007ad5215400 audio 0xb400007ad5215440 jsuttime 0
09-20 07:21:39(16683) PID_SA INFO: [FUN_MEDIA_STATE:1285]FUN_MEDIA_STATE hPlayHandle:123, uiOption:1, uiCode:0
09-20 07:21:39(523986026795) PID_SA INFO: [Java_com_chinatelecom_smarthome_viewer_business_impl_NativeClient_writeLogToFile:118]Internal: onMediaStreamState==mediaStreamId = 123 vodType = 1  errorCode = 0
09-20 07:21:39(16683) TRAS_TASK INFO: [TrasStreamChannel_ProcessLiveStreamRsp:1059]chanid 2 recv alive response video w:1920 h:1080 type 2 audio type 4 sample 8000 write handle[0xb400007a6e24b800]
09-20 07:21:39(9231) PID_SA INFO: [Java_com_chinatelecom_smarthome_viewer_business_impl_NativeClient_writeLogToFile:118]MediaRenderViewImpl: getVideoEncType videoEncType:H264
09-20 07:21:39(9231) PID_SA INFO: [Java_com_chinatelecom_smarthome_viewer_business_impl_NativeMedia_getStreamDesc:435]GetVideoDescribe width:1920, height:1080, encType:2, smartEnc:0, quality:0, bitrate:0, frameRate:17, frameInterval:0
09-20 07:21:39(9231) PID_SA INFO: [Java_com_chinatelecom_smarthome_viewer_business_impl_NativeMedia_getStreamDesc:463]GetAudioDescribe encType:4, sampleRate:8000, channel:1, depth:16
09-20 07:21:39(9231) PID_SA INFO: [Java_com_chinatelecom_smarthome_viewer_business_impl_NativeClient_writeLogToFile:118]ZJViewerStreamImpl: getStreamDesc streamId = 123 camId = 0
09-20 07:21:39(8062480241177666575) PID_SA INFO: [Java_com_chinatelecom_smarthome_viewer_business_impl_NativeMedia_initVideoDecoder:1492]enter function(video_type:2)
09-20 07:21:39(545460855823) PID_CBST INFO: [Cbst_Dec_VDecoderAlloc:112]VD task[0xb400007ad54729e0] create ok, uiVideoType[10100]
09-20 07:21:39(9231) PID_SA INFO: [Java_com_chinatelecom_smarthome_viewer_business_impl_NativeMedia_initVideoDecoder:1501]return function, handle:12970367454391249376
09-20 07:21:39(9231) PID_SA INFO: [Java_com_chinatelecom_smarthome_viewer_business_impl_NativeMedia_initAudioDecoder:1508]enter function(audio_type:4, sampleRate:8000, channel:1, depth:16)
09-20 07:21:39(545460855823) PID_CBST INFO: [Cbst_Dec_ADecoderAlloc:528]AD task[0xb400007ad5472a40] create ok, uiAudioType[40202]
09-20 07:21:39(9231) PID_SA INFO: [Java_com_chinatelecom_smarthome_viewer_business_impl_NativeMedia_initAudioDecoder:1537]return function, handle:12970367454391249472
09-20 07:21:39(9231) PID_SA INFO: [Java_com_chinatelecom_smarthome_viewer_business_impl_NativeClient_writeLogToFile:118]I/playback***-test: MediaRenderViewImplIMediaStreamStateCallback vodType = CREATE streamType = 0//currenStreamID:123//streamID:123//isRevStream:false
09-20 07:21:39(16677) CMD_TASK INFO: [Cmd_ProcRecvNetMsg:5738]reqid 122 recv rsp content {"CODE":"0","METHOD":"3473","SEQID":"122","FROM":{"DID":"12000103c0537c93"},"TO":{"UserToken":"1600010140c3ad111p3g5jmo63upuvo5"},"BODY":{"NetType":"2","Signal":"91","IPAddr":"192.168.1.192","MacAddr":"F0:A8:82:ED:40:9D","SSID":"ASUS_30_2G"}}
09-20 07:21:39(3763395501764919589) PID_SA INFO: [FUN_DEVICE_RSP_GET_NETWORK_INFO:2502]FUN_DEVICE_RSP_GET_NETWORK_INFO reqId:122, err:0, netType:2, signalType:0, sigStrength:91, ip:192.168.1.192, ssid:ASUS_30_2G
09-20 07:21:39(545460855823) PID_SA INFO: [Java_com_chinatelecom_smarthome_viewer_business_impl_NativeClient_writeLogToFile:118]LiveVideoActivity11: networkBean = NetworkBean{netType=2, signalType=0, signalStrength=91, ipAddress='192.168.1.192', macAddress='F0:A8:82:ED:40:9D', wifiSSID='ASUS_30_2G', simCard='', netMask='', gateWay=''}
09-20 07:21:39(523986019343) PID_SA INFO: [Java_com_chinatelecom_smarthome_viewer_business_impl_NativeClient_writeLogToFile:118]BaseActivity: onDestroy==mIsShowAd:false//activity is NewDeviceSettingActivity
09-20 07:21:41(523986026795) MD_CACHE INFO: [Md_AudioPlaySetFrameInfo:222] handle 0xb400007abf81b240 usrid 2 first write data uiTimeStamp 281695795
09-20 07:21:41(16325694678123131) PID_SA INFO: [Java_com_chinatelecom_smarthome_viewer_business_impl_NativeClient_writeLogToFile:118]I/CurlLogger: response:{"code":"1000","data":{"ext":{"buyed":"1","noThirdAd":0,"reg":"2024-04-09 16:36:37","useCache":0},"list":[]},"desc":"Success"}
09-20 07:21:41(17019) PID_SA INFO: [Java_com_chinatelecom_smarthome_viewer_business_impl_NativeClient_writeLogToFile:118]AdList: AdvertisingResp(code=1000, data=DataBean(list=[]), desc=Success)
09-20 07:21:41(12297829379609739899) PID_SA INFO: [Java_com_chinatelecom_smarthome_viewer_business_impl_NativeClient_writeLogToFile:118]E/requestMarketAd: empty marketing ads, page=P19 adCode=Android_en_sale_window_realtime
09-20 07:21:41(16683) MD_CACHE INFO: [Md_VideoPlaySetFrameInfo:223]ChanId[32] WRITE I-frame ts[281698324] len[101863] writeCnt[1] writePos[101875]
09-20 07:21:41(16683) MD_CACHE INFO: [Md_VideoPlaySetFrameInfo:230]ChanId[32] recv first video frame ts[281698324] len[101863] tickcnt[288063932]
09-20 07:21:42(4294984734) MD_CACHE INFO: [Md_VideoPlayReadFrame:407]read handle 0xb400007ad5215400 first read frame tickcnt 288063956
09-20 07:21:42(3472332908214109214) PID_CBST INFO: [Cbst_Dec_CreateVideoDec:133]VD task[0xb400007ad54729e0] create hVDHandle[0xb400007ac0cd5ac0] ok, uiVideoType[10100], uiStreamPixFmt[0]
09-20 07:21:42(523986026817) CMD_TASK INFO: [Cmd_GetPeerCurNetInfo:993]reqid 125 send GetPeerCurNetInfo msg {"METHOD":"3472","SEQID":"125","FROM":{"UserToken":"1600010140c3ad111p3g5jmo63upuvo5"},"TO":{"DID":"12000103c0537c93"}} to peer 12000103c0537c93, iret 0
09-20 07:21:42(523986026817) PID_SA INFO: [Java_com_chinatelecom_smarthome_viewer_business_impl_NativeCommand_getCurNetworkInfo:543]HM_GetNetworkInfoEx ret = 0 puiReqId = 125
09-20 07:21:42(545460855823) PID_SA INFO: [Java_com_chinatelecom_smarthome_viewer_business_impl_NativeClient_writeLogToFile:118]AudioDevice: init audio record state = AudioRecord.STATE_INITIALIZED
09-20 07:21:42(545460855823) PID_SA INFO: [Java_com_chinatelecom_smarthome_viewer_business_impl_NativeClient_writeLogToFile:118]AudioDevice: createTracker getMinBufferSize: 696
09-20 07:21:42(545460855823) PID_SA INFO: [Java_com_chinatelecom_smarthome_viewer_business_impl_NativeMedia_setPushAudioParam:839]ZJ_SetPushAudioParam channel = 1, depth = 16 sampleRate = 8000 audioType = 4
09-20 07:21:42(545460855823) PID_CBST_AUDIOCTL INFO: [Cbst_AudioCtl_Start:92]Start
09-20 07:21:42(9231) PID_CBST_AUDIOCTL INFO: [Cbst_AudioCtl_PlayStart:27]CBST_AUDIOCTL Play Start  
09-20 07:21:42(9231) PID_CBST_AUDIOCTL INFO: [Cbst_AudioCtl_PlayStart:56]CBST_AUDIOCTL Play Start OK AEC:0xb400007b2c8d0c80 pBuf:0xb400007ad5415000
09-20 07:21:42(17779) cos INFO: [Cos_ThreadProc:174]thread[Cbst_AudioCtl_PlayTask]:0xd5471fc0 , threadid:17779 start ok
09-20 07:21:42(536870921231) PID_CBST_AUDIOCTL INFO: [Cbst_AudioCtl_Start:154]CBST_AUDIOCTL Start OK 0xf7b30798 AEC:0xb400007b2c8d0c80 NS:0x0 VAD:0xb400007bdecf0d00
09-20 07:21:42(528280995187) PID_CBST_AUDIOCTL INFO: [Cbst_AudioCtl_PlayTask:81]Task Start
09-20 07:21:42(528280995188) cos INFO: [Cos_ThreadProc:174]thread[Cbst_AudioCtl_CapTask]:0xd54720e0 , threadid:17780 start ok
09-20 07:21:42(17780) PID_CBST_AUDIOCTL INFO: [Cbst_AudioCtl_CapTask:118]CBST_AUDIOCTL Cap Start OK AEC:0xb400007b2c8d0c80 NS:0x0 [0xb400007ab937b440:0xb400007ab937b8a0]
09-20 07:21:42(7312272887631594869) MD_CACHE INFO: [Md_AudioPlayReadFrame:423] handle 0xb400007abf81b240 usrid 2 first read data
09-20 07:21:42(523986027140) PID_SA INFO: [Java_com_chinatelecom_smarthome_viewer_business_impl_NativeClient_writeLogToFile:118]GLRenderer555551: yuv_w = 1920  yuv_h = 1080
09-20 07:21:42(17028) PID_SA INFO: [Java_com_chinatelecom_smarthome_viewer_business_impl_NativeDevice_getPeerAppSetting:2953]get peer appsetting deviceId: 12000103c0537c93
09-20 07:21:42(17028) PID_SA INFO: [Java_com_chinatelecom_smarthome_viewer_business_impl_NativeDevice_getPeerAppSetting:2986]get peer appsetting result: [1] [1296] [2304] [0] [43200] [1]
09-20 07:21:42(16677) CMD_TASK INFO: [Cmd_ProcRecvNetMsg:5738]reqid 125 recv rsp content {"CODE":"0","METHOD":"3473","SEQID":"125","FROM":{"DID":"12000103c0537c93"},"TO":{"UserToken":"1600010140c3ad111p3g5jmo63upuvo5"},"BODY":{"NetType":"2","Signal":"91","IPAddr":"192.168.1.192","MacAddr":"F0:A8:82:ED:40:9D","SSID":"ASUS_30_2G"}}
09-20 07:21:42(3763395501764919589) PID_SA INFO: [FUN_DEVICE_RSP_GET_NETWORK_INFO:2502]FUN_DEVICE_RSP_GET_NETWORK_INFO reqId:125, err:0, netType:2, signalType:0, sigStrength:91, ip:192.168.1.192, ssid:ASUS_30_2G
09-20 07:21:43(12970367459402982415) PID_SA INFO: [Java_com_chinatelecom_smarthome_viewer_business_impl_NativeClient_writeLogToFile:118]Dialog: flag:25165826
09-20 07:21:47(8062480241177674027) MD_CACHE INFO: [Md_VideoPlaySetFrameInfo:223]ChanId[32] WRITE I-frame ts[281704326] len[101825] writeCnt[101] writePos[318686]
09-20 07:21:53(8062480241177674027) MD_CACHE INFO: [Md_VideoPlaySetFrameInfo:223]ChanId[32] WRITE I-frame ts[281710329] len[101952] writeCnt[201] writePos[532398]
09-20 07:21:59(8062480241177674027) MD_CACHE INFO: [Md_VideoPlaySetFrameInfo:223]ChanId[32] WRITE I-frame ts[281716331] len[101769] writeCnt[301] writePos[747860]
09-20 07:22:00(545460855823) PID_SA INFO: [Java_com_chinatelecom_smarthome_viewer_business_impl_NativeClient_writeLogToFile:118]LiveVideoActivity: onPause
09-20 07:22:00(12970367459402982415) PID_SA INFO: [Java_com_chinatelecom_smarthome_viewer_business_impl_NativeClient_writeLogToFile:118]BaseActivity: onPause==mIsShowAd:false//activity is LiveVideoActivity
09-20 07:22:00(9231) PID_SA INFO: [Java_com_chinatelecom_smarthome_viewer_business_impl_NativeClient_writeLogToFile:118]LiveVideoActivity: onStop
09-20 07:22:00(532575953935) MD_TASK INFO: [Md_StopStream:2112]stop sessionid 2 playid 123
09-20 07:22:00(9231) MD_CACHE INFO: [Md_AudioPlayDestroyReadHandle:491]destroy audio read handle 0xb400007ad5215440 
09-20 07:22:00(9231) MD_CACHE INFO: [Md_VideoPlayDestroyReadHandle:599]destroy video read handle 0xb400007ad5215400 
09-20 07:22:00(545460855823) TRAS_TASK INFO: [Tras_StopPlay:462]chanid 2 send close requst
09-20 07:22:00(545460855823) PID_SA INFO: [Java_com_chinatelecom_smarthome_viewer_business_impl_NativeMedia_destroyVideoDecoder:1545]enter function(handle:12970367454391249376)
09-20 07:22:00(9231) PID_CBST INFO: [Cbst_Dec_VDecoderFree:492]VD task[0xb400007ad54729e0] free
09-20 07:22:00(523986026794) TRAS_TASK INFO: [TrasStreamChannel_CloseChan:307]chanid 2 will be close
09-20 07:22:00(545460855823) PID_SA INFO: [Java_com_chinatelecom_smarthome_viewer_business_impl_NativeMedia_destroyAudioDecoder:1554]enter function(handle:12970367454391249472)
09-20 07:22:00(9231) PID_SA INFO: [Java_com_chinatelecom_smarthome_viewer_business_impl_NativeClient_writeLogToFile:118]E/LowPowerHeart: Heartbeat startDeviceHeart duration:25000,interval:3000,dId:12000103c0537c93
09-20 07:22:00(523986026819) CMD_TASK INFO: [Cmd_GetPeerCurNetInfo:993]reqid 127 send GetPeerCurNetInfo msg {"METHOD":"3472","SEQID":"127","FROM":{"UserToken":"1600010140c3ad111p3g5jmo63upuvo5"},"TO":{"DID":"12000103c0537c93"}} to peer 12000103c0537c93, iret 0
09-20 07:22:00(523986026819) PID_SA INFO: [Java_com_chinatelecom_smarthome_viewer_business_impl_NativeCommand_getCurNetworkInfo:543]HM_GetNetworkInfoEx ret = 0 puiReqId = 127
09-20 07:22:00(523986026790) MD_CACHE INFO: [Md_RgnPlayReadDestroy:182]region read handle 0xb400007a6e3fc420 detroyed ok
09-20 07:22:00(16678) MD_TASK INFO: [Md_ProcBussTaskStopStatus:2820]playid 123 sessionid 0 close ok
09-20 07:22:01(9231) PID_SA INFO: [Java_com_chinatelecom_smarthome_viewer_business_impl_NativeClient_writeLogToFile:118]BaseActivity: onSaveInstanceState==mIsShowAd:false//activity is LiveVideoActivity
09-20 07:22:01(545460855823) PID_CBST_AUDIOCTL INFO: [Cbst_AudioCtl_Stop:169] Stop  0xf7b30798
09-20 07:22:01(528280995187) PID_CBST_AUDIOCTL INFO: [Cbst_AudioCtl_PlayTask:119]Task Quit
09-20 07:22:01(17779) cos INFO: [Cos_ThreadProc:185]thread[Cbst_AudioCtl_PlayTask]:0xd5471fc0, threadid:17779 proc complete
09-20 07:22:01(9231) cos INFO: [Cos_ThreadDelete:128]thread[Cbst_AudioCtl_PlayTask]:0xd5471fc0 delete ok
09-20 07:22:01(536870921231) PID_CBST_AUDIOCTL INFO: [Cbst_AudioCtl_PlayStop:71] Stop ok
09-20 07:22:01(17780) PID_CBST_AUDIOCTL INFO: [Cbst_AudioCtl_CapTask:182]Cap Quit 
09-20 07:22:01(17780) cos INFO: [Cos_ThreadProc:185]thread[Cbst_AudioCtl_CapTask]:0xd54720e0, threadid:17780 proc complete
09-20 07:22:01(16677) CMD_TASK INFO: [Cmd_ProcRecvNetMsg:5738]reqid 127 recv rsp content {"CODE":"0","METHOD":"3473","SEQID":"127","FROM":{"DID":"12000103c0537c93"},"TO":{"UserToken":"1600010140c3ad111p3g5jmo63upuvo5"},"BODY":{"NetType":"2","Signal":"88","IPAddr":"192.168.1.192","MacAddr":"F0:A8:82:ED:40:9D","SSID":"ASUS_30_2G"}}
09-20 07:22:01(3763395501764919589) PID_SA INFO: [FUN_DEVICE_RSP_GET_NETWORK_INFO:2502]FUN_DEVICE_RSP_GET_NETWORK_INFO reqId:127, err:0, netType:2, signalType:0, sigStrength:88, ip:192.168.1.192, ssid:ASUS_30_2G
09-20 07:22:01(9231) cos INFO: [Cos_ThreadDelete:128]thread[Cbst_AudioCtl_CapTask]:0xd54720e0 delete ok
09-20 07:22:01(532575953935) PID_CBST_AUDIOCTL INFO: [Cbst_AudioCtl_Stop:185]CBST_AUDIOCTL Stop OK 0xf7b30798
09-20 07:22:01(528280986639) PID_SA INFO: [Java_com_chinatelecom_smarthome_viewer_business_impl_NativeClient_setBackgroundToFront:88]setBackgroundToFront 0
09-20 07:22:01(9231) PID_SA INFO: [Java_com_chinatelecom_smarthome_viewer_business_impl_NativeClient_writeLogToFile:118]I/HmLaunch: ========== 应用切换到后台 ==========
09-20 07:22:01(545460855823) PID_SA INFO: [Java_com_chinatelecom_smarthome_viewer_business_impl_NativeClient_writeLogToFile:118]I/HmLaunch: HmLifecycleObserver onStop:activity:class androidx.lifecycle.LifecycleRegistry,version:2009370
09-20 07:22:01(9231) PID_SA INFO: [Java_com_chinatelecom_smarthome_viewer_business_impl_NativeClient_writeLogToFile:118]I/HmLaunch: ========== 应用切换到后台 ==========
09-20 07:22:01(4294983977) cos INFO: [Cos_SocketClose:390]socket<491> closed
09-20 07:22:01(4294983977) PID_SA INFO: [FUN_SERVER_STATUS:2600]FUN_SERVER_STATUS enServerStatus:0, iErr:0
09-20 07:22:01(515396084751) PID_SA INFO: [Java_com_chinatelecom_smarthome_viewer_business_impl_NativeClient_writeLogToFile:118]I/Internal: onServerStatusChange/////uToken:1600010140c3ad111p3g5jmo63upuvo5//serverStatus:0//errorCode:0
09-20 07:22:01(9231) PID_SA INFO: [Java_com_chinatelecom_smarthome_viewer_business_impl_NativeClient_writeLogToFile:118]I/y0: onSelfAuthStateChange serverStatus:0,hmError:0
09-20 07:22:02(523986026794) TRAS_TASK INFO: [TrasStreamChannel_CloseChan:313]chanid 2 close ok
09-20 07:22:02(16682) MD_CACHE INFO: [Md_VideoPlayDestroyWriteHandle:269]destroy video write handle 0xb400007a6e24b800 usrid 32
09-20 07:22:02(12970367455108022570) MD_CACHE INFO: [Md_RgnPlayWriteDestroy:83]region write handle 0xb400007a6e24b900 detroyed ok
09-20 07:22:04(523986026793) PID_SA INFO: [FUN_SERVER_STATUS:2600]FUN_SERVER_STATUS enServerStatus:1, iErr:0
09-20 07:22:04(515396084751) PID_SA INFO: [Java_com_chinatelecom_smarthome_viewer_business_impl_NativeClient_writeLogToFile:118]I/Internal: onServerStatusChange/////uToken:1600010140c3ad111p3g5jmo63upuvo5//serverStatus:1//errorCode:0
09-20 07:22:04(9231) PID_SA INFO: [Java_com_chinatelecom_smarthome_viewer_business_impl_NativeClient_writeLogToFile:118]I/y0: onSelfAuthStateChange serverStatus:1,hmError:0
09-20 07:22:04(523986026793) cos INFO: [Cos_SocketOpen:377]socket<188> open ok
09-20 07:22:04(12970367455108022569) TRAS_TASK INFO: [TrasLink_Connect:245]Link Connect Addr:43.133.96.204:19336,ConnFlag:1
09-20 07:22:04(16681) TRAS_TASK INFO: [TrasBase_ProcBaseSock:670]Link Connect Addr:43.133.96.204:19336,ConnectFlag is: 2
09-20 07:22:04(4294983977) PID_SA INFO: [FUN_SERVER_STATUS:2600]FUN_SERVER_STATUS enServerStatus:2, iErr:0
09-20 07:22:04(515396084751) PID_SA INFO: [Java_com_chinatelecom_smarthome_viewer_business_impl_NativeClient_writeLogToFile:118]I/Internal: onServerStatusChange/////uToken:1600010140c3ad111p3g5jmo63upuvo5//serverStatus:2//errorCode:0
09-20 07:22:04(9231) PID_SA INFO: [Java_com_chinatelecom_smarthome_viewer_business_impl_NativeClient_writeLogToFile:118]I/y0: onSelfAuthStateChange serverStatus:2,hmError:0
09-20 07:22:04(16681) TRAS_TASK INFO: [TrasLink_AuthUserToken:188]ogct 128 send login requst body {"METHOD":"4116","SEQID":"128","BODY":{"UserToken":"1600010140c3ad111p3g5jmo63upuvo5","SDKVersion":"51713056","WebDomainAbilty":"1","TestFlag":"1"}} iRet 0 
09-20 07:22:04(16681) PID_SA INFO: [FUN_SERVER_STATUS:2600]FUN_SERVER_STATUS enServerStatus:4, iErr:0
09-20 07:22:04(523986026793) TRAS_TASK INFO: [TrasLink_ProcAuthTokenRsp:292]ogct 128 recv auth rsp code 0 
09-20 07:22:04(515396084751) PID_SA INFO: [Java_com_chinatelecom_smarthome_viewer_business_impl_NativeClient_writeLogToFile:118]I/Internal: onServerStatusChange/////uToken:1600010140c3ad111p3g5jmo63upuvo5//serverStatus:4//errorCode:0
09-20 07:22:04(9231) PID_SA INFO: [Java_com_chinatelecom_smarthome_viewer_business_impl_NativeClient_writeLogToFile:118]I/y0: onSelfAuthStateChange serverStatus:4,hmError:0
09-20 07:22:04(9231) ZJ_TASK INFO: [ZJ_GetPaasPlatAccessToken:3766]ogct 129 get paasplat token iRet 0
09-20 07:22:04(536870921231) PID_SA INFO: [Java_com_chinatelecom_smarthome_viewer_business_impl_NativeClient_writeLogToFile:118]I/DeviceBean: getDeviceName:GateCameras
09-20 07:22:04(536870921231) PID_SA INFO: [Java_com_chinatelecom_smarthome_viewer_business_impl_NativeClient_writeLogToFile:118]onInitPushSuccess: regid = eTaw3UHwT7yXDsUUjIDjw_:APA91bGOPrHHfPX6BI8lyu8Xuh2S_tcCJ1X6J2fTnbEulnllK4sV-ag66RoIN9ctFMucYPCZ7nWJDLxUD71DTrCmEUFuwrP9Ejga3KAQWdqdxzB2QJfr-f8
09-20 07:22:04(9231) ZJ_TASK INFO: [ZJ_SetPushToken:1024]ogct 130 set pushtoken eTaw3UHwT7yXDsUUjIDjw_:APA91bGOPrHHfPX6BI8lyu8Xuh2S_tcCJ1X6J2fTnbEulnllK4sV-ag66RoIN9ctFMucYPCZ7nWJDLxUD71DTrCmEUFuwrP9Ejga3KAQWdqdxzB2QJfr-f8 iRet 0
09-20 07:22:04(12970367459402989865) ZJ_TASK INFO: [ZJ_RecvGetPaasTokenRsp:3750]ogct 129 recv rsp code 0
09-20 07:22:04(489626280975) PID_SA INFO: [Java_com_chinatelecom_smarthome_viewer_business_impl_NativeClient_writeLogToFile:118]I/Internal: onGetPaasPlatToken accessTokenut6AAF3C44-00000003-00G001-z4rmz/expireSeconds:86399//strPaasAddr:https://gm-ap.smartcloudcon.com
09-20 07:22:04(9231) PID_SA INFO: [Java_com_chinatelecom_smarthome_viewer_business_impl_NativeClient_writeLogToFile:118]I/HmSdkHelper: onServerStatusChange onTokenReturn accessToken:ut6AAF3C44-00000003-00G001-z4rmz
09-20 07:22:04(12970367459402982415) PID_SA INFO: [Java_com_chinatelecom_smarthome_viewer_business_impl_NativeClient_writeLogToFile:118]I/HmSdkHelper: onServerStatusChange onTokenReturn pTokenJson:{"accessToken":"ut6AAF3C44-00000003-00G001-z4rmz","createTime":1789869124456,"expireSeconds":86399,"passAddress":"https://gm-ap.smartcloudcon.com"}
09-20 07:22:04(16681) PID_SA INFO: [FUN_DEVICE_COMMON_RSP:1216]FUN_DEVICE_COMMON_RSP uiReqId:130, iErr:0
09-20 07:22:04(523986026793) ZJ_TASK INFO: [ZJ_UserProcSetPushTokenRsp:1001]ogct 130 recv rsp code 0 
09-20 07:22:05(16681) TRAS_TASK ERR: [TrasLink_ProcRecv:331]rcv data err 103  buff len 4096
09-20 07:22:05(523986026795) TRAS_TASK INFO: [TrasP2PSlot_Recv:996]rcv data err 103  buff len 4096
09-20 07:22:05(523986026793) cos INFO: [Cos_SocketClose:390]socket<188> closed
09-20 07:22:05(523986026795) cos INFO: [Cos_SocketClose:390]socket<316> closed
09-20 07:22:05(16683) TRAS_TASK INFO: [TrasP2PSlot_Recv:996]rcv data err 103  buff len 4096
09-20 07:22:05(523986026795) cos INFO: [Cos_SocketClose:390]socket<245> closed
09-20 07:22:05(523986026793) PID_SA INFO: [FUN_SERVER_STATUS:2600]FUN_SERVER_STATUS enServerStatus:0, iErr:0
09-20 07:22:05(12970367459402989865) TRAS_TASK INFO: [TrasP2PSlot_ProcTcpState:352]tcpslot 0xb4000078648f9a00 closed ok reset bestslot 0
09-20 07:22:05(12970367459402989865) TRAS_TASK INFO: [TrasP2PSlot_ProcTcpState:352]tcpslot 0xb4000078648f9280 closed ok reset bestslot 1
09-20 07:22:05(515396084751) PID_SA INFO: [Java_com_chinatelecom_smarthome_viewer_business_impl_NativeClient_writeLogToFile:118]I/Internal: onServerStatusChange/////uToken:1600010140c3ad111p3g5jmo63upuvo5//serverStatus:0//errorCode:0
09-20 07:22:05(9231) PID_SA INFO: [Java_com_chinatelecom_smarthome_viewer_business_impl_NativeClient_writeLogToFile:118]I/y0: onSelfAuthStateChange serverStatus:0,hmError:0
09-20 07:22:05(523986026793) PID_SA INFO: [FUN_SERVER_STATUS:2600]FUN_SERVER_STATUS enServerStatus:1, iErr:0
09-20 07:22:05(12970367459402989865) cos INFO: [Cos_SocketOpen:377]socket<188> open ok
09-20 07:22:05(536870921231) PID_SA INFO: [Java_com_chinatelecom_smarthome_viewer_business_impl_NativeClient_writeLogToFile:118]I/Internal: onServerStatusChange/////uToken:1600010140c3ad111p3g5jmo63upuvo5//serverStatus:1//errorCode:0
09-20 07:22:05(9231) PID_SA INFO: [Java_com_chinatelecom_smarthome_viewer_business_impl_NativeClient_writeLogToFile:118]I/y0: onSelfAuthStateChange serverStatus:1,hmError:0
09-20 07:22:05(12970367455108022569) TRAS_TASK INFO: [TrasLink_Connect:245]Link Connect Addr:43.133.96.204:19336,ConnFlag:1
09-20 07:22:05(16681) CFG_TASK INFO: [Cfg_SetPeerDevCanUseStatus:645]set device 12000103c0537c93 oldflag 0 group 22000101413a31a9 can use status 0
09-20 07:22:05(16681) nvr_cfg WARN: [cfg_OnPeerDeviceStatusChange:454]Ignonre 12000103c0537c93 status changed
09-20 07:22:05(523986026793) PID_SA INFO: [FUN_DEVICE_STATUS:1267]FUN_DEVICE_STATUS deviceId:12000103c0537c93, status:1
09-20 07:22:05(16681) TRAS_TASK INFO: [TrasPeer_ProcStatusCbFlag:630]device 12000103c0537c93 online status 1
09-20 07:22:05(536870921231) PID_SA INFO: [Java_com_chinatelecom_smarthome_viewer_business_impl_NativeClient_writeLogToFile:118]I/LowPowerHeart: onDeviceStateChange awakeDevice groupId:22000101413a31a9//deviceId:12000103c0537c93//status:1//StatusEnum:1//statusName:ONLINE
09-20 07:22:05(523986026793) cos INFO: [Cos_SocketOpen:377]socket<190> open ok
09-20 07:22:05(523986026793) TRAS_TASK INFO: [TrasP2PSlot_NewTcp:26]p2pslot creat tcp slot 0xb4000078648f9700 peer addr: 192.168.1.192:port:16668
09-20 07:22:05(523986026793) TRAS_TASK INFO: [TrasPeer_ProcSlotCreateLocalTCP:625]tcpSlot 0xb4000078648f9700 creat localslot ok peerid 12000103c0537c93,socket type 0
09-20 07:22:05(545460855823) PID_SA INFO: [Java_com_chinatelecom_smarthome_viewer_business_impl_NativeClient_writeLogToFile:118]I/y0: onDeviceStateChange groupId:22000101413a31a9,deviceId:12000103c0537c93,devicePresenceState:1   deviceType = CAMERA  awakeAbility:NOT_SUPPORT
09-20 07:22:05(16681) cos INFO: [Cos_SocketOpen:377]socket<191> open ok
09-20 07:22:05(16681) TRAS_TASK INFO: [Tras_Malloc_SockBuf:26]malloc socket buff cnt 24 
09-20 07:22:05(16681) TRAS_TASK INFO: [TrasP2PSlot_NewTcp:26]p2pslot creat tcp slot 0xb4000078648f9580 peer addr: 10.116.167.132:port:16668
09-20 07:22:05(523986026793) TRAS_TASK INFO: [TrasPeer_ProcSlotCreateP2PTCP:685]tcpSlot 0xb4000078648f9580 creat p2pslot ok peerid 12000103c0537c93
09-20 07:22:05(16681) cos ERR: [Cand_SocketSend:794]send err <1>
09-20 07:22:05(536870928707) PID_SA INFO: [Java_com_chinatelecom_smarthome_viewer_business_impl_NativeClient_writeLogToFile:118]I/DeviceBean: getDeviceName:GateCameras
09-20 07:22:05(523986026793) TRAS_TASK INFO: [TrasP2PSlot_Close:61]close the Slot 0xb4000078648f9a00  flag 0 ok .
09-20 07:22:05(523986026793) TRAS_TASK INFO: [TrasP2PSlot_Close:61]close the Slot 0xb4000078648f9280  flag 0 ok .
09-20 07:22:07(16681) cos ERR: [Cand_SocketSend:794]send err <1>
09-20 07:22:09(16681) cos ERR: [Cand_SocketSend:794]send err <1>
09-20 07:22:26(16681) cos ERR: [Cand_SocketSend:794]send err <1>
09-20 07:22:26(16681) TRAS_TASK INFO: [TrasP2PSlot_ProcTcpState:197]tcpslot 0xb4000078648f9700 start connect peer timeout
09-20 07:22:26(16681) TRAS_TASK INFO: [TrasP2PSlot_ProcTcpState:197]tcpslot 0xb4000078648f9580 start connect peer timeout
09-20 07:22:26(16683) cos INFO: [Cos_SocketClose:390]socket<190> closed
09-20 07:22:26(523986026795) TRAS_TASK INFO: [TrasBase_ProcSlotRecv:876]tcpslot 0xb4000078648f9700 connect failled
09-20 07:22:26(16683) cos INFO: [Cos_SocketClose:390]socket<191> closed
09-20 07:22:26(523986026795) TRAS_TASK INFO: [TrasBase_ProcSlotRecv:876]tcpslot 0xb4000078648f9580 connect failled
09-20 07:22:26(523986026793) cos INFO: [Cos_SocketClose:390]socket<188> closed
09-20 07:22:26(16681) TRAS_TASK INFO: [TrasP2PSlot_ProcTcpState:352]tcpslot 0xb4000078648f9700 closed ok reset bestslot 0
09-20 07:22:26(16681) TRAS_TASK INFO: [TrasP2PSlot_ProcTcpState:352]tcpslot 0xb4000078648f9580 closed ok reset bestslot 0
09-20 07:22:26(523986026793) TRAS_TASK INFO: [TrasP2PSlot_Close:61]close the Slot 0xb4000078648f9700  flag 0 ok .
09-20 07:22:26(523986026793) TRAS_TASK INFO: [TrasP2PSlot_Close:61]close the Slot 0xb4000078648f9580  flag 0 ok .
09-20 07:22:28(16681) TRAS_TASK ERR: [TrasP2PSlot_ProcUdpState:499]udpslot 0xb4000078648f9880 slotType:0,Socket 296 turn timeout to close
09-20 07:22:28(16681) TRAS_TASK INFO: [TrasPeer_SendP2PStatus:516]ogct 131 send msg {"METHOD":"3388","SEQID":"131","BODY":{"P2PStatus":"1","P2PType":"2","PeerNatType":"1","LocalNatType":"1","DID":"12000103c0537c93"}} to server -1
09-20 07:22:28(16681) PID_SA INFO: [FUN_DEVICEP2PRESULT_CB:2936]FUN_DEVICEP2PRESULT_CB did:12000103c0537c93, p2pFlag:1, localNatType:1, peerNatType:1
09-20 07:22:28(523986026793) cos INFO: [Cos_SocketClose:390]socket<296> closed
09-20 07:22:28(16681) TRAS_TASK INFO: [TrasP2PSlot_ProcUdpState:529]peerId 12000103c0537c93, udpslot 0xb4000078648f9880 closed ok now udp can useflag 0
09-20 07:22:28(4294983977) TRAS_TASK INFO: [TrasPeer_ProcStatusCbFlag:673]device 12000103c0537c93 udpslot 0x0 p2p status 0, local NatType:1, ConeType:3, NetType:2
09-20 07:22:28(523986026793) TRAS_TASK INFO: [TrasP2PSlot_Close:61]close the Slot 0xb4000078648f9880  flag 0 ok .
09-20 07:22:29(523986026793) PID_SA INFO: [FUN_SERVER_STATUS:2600]FUN_SERVER_STATUS enServerStatus:1, iErr:0
09-20 07:22:29(515396084751) PID_SA INFO: [Java_com_chinatelecom_smarthome_viewer_business_impl_NativeClient_writeLogToFile:118]I/Internal: onServerStatusChange/////uToken:1600010140c3ad111p3g5jmo63upuvo5//serverStatus:1//errorCode:0
09-20 07:22:29(9231) PID_SA INFO: [Java_com_chinatelecom_smarthome_viewer_business_impl_NativeClient_writeLogToFile:118]I/y0: onSelfAuthStateChange serverStatus:1,hmError:0
09-20 07:22:29(12970367459402989865) cos INFO: [Cos_SocketOpen:377]socket<188> open ok
09-20 07:22:29(12970367455108022569) TRAS_TASK INFO: [TrasLink_Connect:245]Link Connect Addr:43.133.96.204:19336,ConnFlag:1
09-20 07:22:38(523986026793) cos INFO: [Cos_SocketClose:390]socket<188> closed
09-20 07:23:01(523986026793) PID_SA INFO: [FUN_SERVER_STATUS:2600]FUN_SERVER_STATUS enServerStatus:1, iErr:0
09-20 07:23:01(12970367459402989865) cos INFO: [Cos_SocketOpen:377]socket<188> open ok
09-20 07:23:01(515396084751) PID_SA INFO: [Java_com_chinatelecom_smarthome_viewer_business_impl_NativeClient_writeLogToFile:118]I/Internal: onServerStatusChange/////uToken:1600010140c3ad111p3g5jmo63upuvo5//serverStatus:1//errorCode:0
09-20 07:23:01(9231) PID_SA INFO: [Java_com_chinatelecom_smarthome_viewer_business_impl_NativeClient_writeLogToFile:118]I/y0: onSelfAuthStateChange serverStatus:1,hmError:0
09-20 07:23:01(12970367455108022569) TRAS_TASK INFO: [TrasLink_Connect:245]Link Connect Addr:43.133.96.204:19336,ConnFlag:1
09-20 07:23:01(16681) TRAS_TASK INFO: [TrasBase_ProcBaseSock:670]Link Connect Addr:43.133.96.204:19336,ConnectFlag is: 2
09-20 07:23:01(4294983977) PID_SA INFO: [FUN_SERVER_STATUS:2600]FUN_SERVER_STATUS enServerStatus:2, iErr:0
09-20 07:23:01(515396084751) PID_SA INFO: [Java_com_chinatelecom_smarthome_viewer_business_impl_NativeClient_writeLogToFile:118]I/Internal: onServerStatusChange/////uToken:1600010140c3ad111p3g5jmo63upuvo5//serverStatus:2//errorCode:0
09-20 07:23:01(9231) PID_SA INFO: [Java_com_chinatelecom_smarthome_viewer_business_impl_NativeClient_writeLogToFile:118]I/y0: onSelfAuthStateChange serverStatus:2,hmError:0
09-20 07:23:01(12970367450813055273) TRAS_TASK INFO: [TrasLink_AuthUserToken:188]ogct 132 send login requst body {"METHOD":"4116","SEQID":"132","BODY":{"UserToken":"1600010140c3ad111p3g5jmo63upuvo5","SDKVersion":"51713056","WebDomainAbilty":"1","TestFlag":"1"}} iRet 0 
09-20 07:23:01(16681) PID_SA INFO: [FUN_SERVER_STATUS:2600]FUN_SERVER_STATUS enServerStatus:4, iErr:0
09-20 07:23:01(523986026793) TRAS_TASK INFO: [TrasLink_ProcAuthTokenRsp:292]ogct 132 recv auth rsp code 0 
09-20 07:23:01(515396084751) PID_SA INFO: [Java_com_chinatelecom_smarthome_viewer_business_impl_NativeClient_writeLogToFile:118]I/Internal: onServerStatusChange/////uToken:1600010140c3ad111p3g5jmo63upuvo5//serverStatus:4//errorCode:0
09-20 07:23:01(9231) PID_SA INFO: [Java_com_chinatelecom_smarthome_viewer_business_impl_NativeClient_writeLogToFile:118]I/y0: onSelfAuthStateChange serverStatus:4,hmError:0
09-20 07:23:01(9231) ZJ_TASK INFO: [ZJ_GetPaasPlatAccessToken:3766]ogct 134 get paasplat token iRet 0
09-20 07:23:01(523986026793) TRAS_TASK INFO: [TrasPeer_GetProxySvr:892]ogct 133 start get proxy for peerid 12000103c0537c93 Relay mode 0 gid 22000101413a31a9 iret 0
09-20 07:23:01(536870921231) PID_SA INFO: [Java_com_chinatelecom_smarthome_viewer_business_impl_NativeClient_writeLogToFile:118]I/DeviceBean: getDeviceName:GateCameras
09-20 07:23:01(536870921231) PID_SA INFO: [Java_com_chinatelecom_smarthome_viewer_business_impl_NativeClient_writeLogToFile:118]onInitPushSuccess: regid = eTaw3UHwT7yXDsUUjIDjw_:APA91bGOPrHHfPX6BI8lyu8Xuh2S_tcCJ1X6J2fTnbEulnllK4sV-ag66RoIN9ctFMucYPCZ7nWJDLxUD71DTrCmEUFuwrP9Ejga3KAQWdqdxzB2QJfr-f8
09-20 07:23:01(9231) ZJ_TASK INFO: [ZJ_SetPushToken:1024]ogct 135 set pushtoken eTaw3UHwT7yXDsUUjIDjw_:APA91bGOPrHHfPX6BI8lyu8Xuh2S_tcCJ1X6J2fTnbEulnllK4sV-ag66RoIN9ctFMucYPCZ7nWJDLxUD71DTrCmEUFuwrP9Ejga3KAQWdqdxzB2QJfr-f8 iRet 0
09-20 07:23:01(16681) cos INFO: [Cos_SocketOpen:377]socket<190> open ok
09-20 07:23:01(523986026793) TRAS_TASK INFO: [TrasP2PSlot_NewTcp:26]p2pslot creat tcp slot 0xb4000078648f9a00 peer addr: 43.163.94.82:port:25006
09-20 07:23:01(523986026793) TRAS_TASK INFO: [TrasPeer_ParseGetProxySvrRsp:1228]ogct 133 recv rsp code 0 prxoy 43.163.94.82:25006 enctype 49
09-20 07:23:01(12970367459402989865) ZJ_TASK INFO: [ZJ_RecvGetPaasTokenRsp:3750]ogct 134 recv rsp code 0
09-20 07:23:01(16681) PID_SA INFO: [FUN_DEVICE_COMMON_RSP:1216]FUN_DEVICE_COMMON_RSP uiReqId:135, iErr:0
09-20 07:23:01(523986026793) ZJ_TASK INFO: [ZJ_UserProcSetPushTokenRsp:1001]ogct 135 recv rsp code 0 
09-20 07:23:01(489626280975) PID_SA INFO: [Java_com_chinatelecom_smarthome_viewer_business_impl_NativeClient_writeLogToFile:118]I/Internal: onGetPaasPlatToken accessTokenut6AAF3C7D-00000003-00G001-eses3/expireSeconds:86399//strPaasAddr:https://gm-ap.smartcloudcon.com
09-20 07:23:01(545460855823) PID_SA INFO: [Java_com_chinatelecom_smarthome_viewer_business_impl_NativeClient_writeLogToFile:118]I/HmSdkHelper: onServerStatusChange onTokenReturn accessToken:ut6AAF3C7D-00000003-00G001-eses3
09-20 07:23:01(12970367459402982415) PID_SA INFO: [Java_com_chinatelecom_smarthome_viewer_business_impl_NativeClient_writeLogToFile:118]I/HmSdkHelper: onServerStatusChange onTokenReturn pTokenJson:{"accessToken":"ut6AAF3C7D-00000003-00G001-eses3","createTime":1789869181810,"expireSeconds":86399,"passAddress":"https://gm-ap.smartcloudcon.com"}
09-20 07:23:01(523986026793) TRAS_TASK INFO: [TrasP2PSlot_ProcTcpState:210]tcpslot 0xb4000078648f9a00 send match req;turn to matching status
09-20 07:23:02(523986026795) TRAS_TASK INFO: [Tras_ParseP2PSlot_ProxyMatchRsp:353]peer 12000103c0537c93 Slot 0xb4000078648f9a00 recv proxy match rsp
09-20 07:23:02(523986026793) TRAS_TASK INFO: [TrasP2PSlot_ProcTcpState:243]tcpslot 0xb4000078648f9a00 send test req and turn to testing status
09-20 07:23:02(16681) TRAS_TASK INFO: [TrasP2PSlot_SetToUser:1052]tcpslot 0xb4000078648f9a00 set bestest to peer 12000103c0537c93,old 0x0 udpflag 0 
09-20 07:23:02(523986026793) TRAS_TASK INFO: [TrasP2PSlot_ProcTcpState:282]tcpslot 0xb4000078648f9a00 tested ok tickcnt 288125281
09-20 07:23:02(16681) cos INFO: [Cos_SocketOpen:377]socket<149> open ok
09-20 07:23:02(12970367455108022569) TRAS_TASK INFO: [TrasNat_CreatNatHole:622]creat new nat hole get local udp port 8180 socket type 0
09-20 07:23:02(16681) TRAS_TASK INFO: [TrasNat_CheckNat:226]send udp msg to server 129.227.231.210:30194 iret 72
09-20 07:23:02(70368744194345) TRAS_TASK INFO: [TrasPeer_ProcGetNetInfo:482]peer 12000103c0537c93 get natinf status 2
09-20 07:23:02(12970367455108022569) CFG_TASK INFO: [Cfg_SetPeerDevCanUseStatus:645]set device 12000103c0537c93 oldflag 0 group 22000101413a31a9 can use status 1
09-20 07:23:02(12970367455108022569) PID_SA INFO: [FUN_DEVICE_STATUS:1267]FUN_DEVICE_STATUS deviceId:12000103c0537c93, status:5
09-20 07:23:02(523986026793) nvr_cfg WARN: [cfg_OnPeerDeviceStatusChange:454]Ignonre 12000103c0537c93 status changed
09-20 07:23:02(12970367455108022569) TRAS_TASK INFO: [TrasPeer_ProcStatusCbFlag:618]device 12000103c0537c93 slot can use
09-20 07:23:02(515396084751) PID_SA INFO: [Java_com_chinatelecom_smarthome_viewer_business_impl_NativeClient_writeLogToFile:118]I/LowPowerHeart: onDeviceStateChange awakeDevice groupId:22000101413a31a9//deviceId:12000103c0537c93//status:5//StatusEnum:5//statusName:CANUSE
09-20 07:23:02(545460855823) PID_SA INFO: [Java_com_chinatelecom_smarthome_viewer_business_impl_NativeClient_writeLogToFile:118]I/y0: onDeviceStateChange groupId:22000101413a31a9,deviceId:12000103c0537c93,devicePresenceState:5   deviceType = CAMERA  awakeAbility:NOT_SUPPORT
09-20 07:23:02(545460855823) CMD_TASK INFO: [Cmd_GetPeerCurNetInfo:993]reqid 139 send GetPeerCurNetInfo msg {"METHOD":"3472","SEQID":"139","FROM":{"UserToken":"1600010140c3ad111p3g5jmo63upuvo5"},"TO":{"DID":"12000103c0537c93"}} to peer 12000103c0537c93, iret 0
09-20 07:23:02(545460855823) PID_SA INFO: [Java_com_chinatelecom_smarthome_viewer_business_impl_NativeCommand_getCurNetworkInfo:543]HM_GetNetworkInfoEx ret = 0 puiReqId = 139
09-20 07:23:02(536870928706) PID_SA INFO: [Java_com_chinatelecom_smarthome_viewer_business_impl_NativeClient_writeLogToFile:118]I/DeviceBean: getDeviceName:GateCameras
09-20 07:23:03(523986026793) TRAS_TASK INFO: [TrasBase_OnPortHoleUDPRecv:983]recv msg 32,27
09-20 07:23:03(16681) TRAS_TASK INFO: [Tras_ParseNatTestRsp:215]Recv Nat test rsp: {"METHOD":"201B","SEQID":"138","CODE":"0","BODY":{"NatIP":"183.83.229.60","Port":"11196"}}
09-20 07:23:03(16681) TRAS_TASK INFO: [TrasPeer_GetNetInfo:936]start  get peer 12000103c0537c93 nat inf req body {"METHOD":"201E","SEQID":"140","BODY":{"UPNPFlag":"1","UPNPIP":"10.116.167.132","UPNPPort":"15668","LocalIP":"192.168.1.50","LocalTCPPort":"15668","LocalUDPPort":"8180","NatType":"1","NatIP":"183.83.229.60","NatPort":"11196"}}
09-20 07:23:03(523986026793) TRAS_TASK INFO: [TrasPeer_ProcGetNetInfo:492]peer 12000103c0537c93 get natinf status 3
09-20 07:23:03(536870928677) CMD_TASK INFO: [Cmd_ProcRecvNetMsg:5738]reqid 139 recv rsp content {"CODE":"0","METHOD":"3473","SEQID":"139","FROM":{"DID":"12000103c0537c93"},"TO":{"UserToken":"1600010140c3ad111p3g5jmo63upuvo5"},"BODY":{"NetType":"2","Signal":"91","IPAddr":"192.168.1.192","MacAddr":"F0:A8:82:ED:40:9D","SSID":"ASUS_30_2G"}}
09-20 07:23:03(4195174770259542309) PID_SA INFO: [FUN_DEVICE_RSP_GET_NETWORK_INFO:2502]FUN_DEVICE_RSP_GET_NETWORK_INFO reqId:139, err:0, netType:2, signalType:0, sigStrength:91, ip:192.168.1.192, ssid:ASUS_30_2G
09-20 07:23:03(545460855823) PID_SA INFO: [Java_com_chinatelecom_smarthome_viewer_business_impl_NativeClient_writeLogToFile:118]LiveVideoActivity11: networkBean = NetworkBean{netType=2, signalType=0, signalStrength=91, ipAddress='192.168.1.192', macAddress='F0:A8:82:ED:40:9D', wifiSSID='ASUS_30_2G', simCard='', netMask='', gateWay=''}
09-20 07:23:03(523986026788) CFG_TASK INFO: [Cfg_ProcPeerDeviceCfg:3978]peer 12000103c0537c93 sync cfg by p2p
09-20 07:23:03(523986026793) cos INFO: [Cos_SocketAccept:455]socket<192> accepted
09-20 07:23:03(523986026793) TRAS_TASK INFO: [TrasP2PSlot_NewTcp:26]p2pslot creat tcp slot 0xb4000078648f9280 peer addr: 192.168.1.1:port:53098
09-20 07:23:03(523986026793) TRAS_TASK INFO: [TrasLocalLan_TCPAccept:433]tcpslot 0xb4000078648f9280 turn to connected for accept peer port 53098
09-20 07:23:03(523986026793) TRAS_TASK INFO: [TrasP2PSlot_ProcTcpState:230]tcpslot 0xb4000078648f9280 have peerid 0; slottype 0 send tcp req turn to testing status
09-20 07:23:03(523986026793) cos INFO: [Cos_SocketAccept:455]socket<195> accepted
09-20 07:23:03(523986026793) TRAS_TASK INFO: [TrasP2PSlot_NewTcp:26]p2pslot creat tcp slot 0xb4000078648f9700 peer addr: 192.168.1.192:port:43648
09-20 07:23:03(523986026793) TRAS_TASK INFO: [TrasLocalLan_TCPAccept:433]tcpslot 0xb4000078648f9700 turn to connected for accept peer port 43648
09-20 07:23:03(523986026793) TRAS_TASK INFO: [TrasP2PSlot_ProcTcpState:230]tcpslot 0xb4000078648f9700 have peerid 0; slottype 0 send tcp req turn to testing status
09-20 07:23:03(523986026795) TRAS_TASK INFO: [TrasP2PSlot_TCPSendLocalTCPRsp:711]send local rsp rsp {"METHOD":"3115","SEQID":"162","CODE":"0","BODY":{"OsType":"3"}} to peer 12000103c0537c93
09-20 07:23:03(16681) TRAS_TASK INFO: [TrasP2PSlot_SetToUser:1052]tcpslot 0xb4000078648f9280 set bestest to peer 12000103c0537c93,old 0xb4000078648f9a00 udpflag 0 
09-20 07:23:03(523986026793) TRAS_TASK INFO: [TrasP2PSlot_ProcTcpState:282]tcpslot 0xb4000078648f9280 tested ok tickcnt 288125785
09-20 07:23:03(16681) TRAS_TASK INFO: [TrasP2PSlot_SetToUser:1041]tcpslot 0xb4000078648f9280 set not in use 
09-20 07:23:03(16681) TRAS_TASK INFO: [TrasP2PSlot_SetToUser:1052]tcpslot 0xb4000078648f9700 set bestest to peer 12000103c0537c93,old 0xb4000078648f9280 udpflag 0 
09-20 07:23:03(523986026793) TRAS_TASK INFO: [TrasP2PSlot_ProcTcpState:282]tcpslot 0xb4000078648f9700 tested ok tickcnt 288125785
09-20 07:23:24(16681) TRAS_TASK ERR: [TrasLink_ProcRecv:331]rcv data err 103  buff len 4096
09-20 07:23:24(523986026793) cos INFO: [Cos_SocketClose:390]socket<188> closed
09-20 07:23:24(3756123469297762601) TRAS_TASK INFO: [TrasPeer_ProcGetNetInfo:507]peer 12000103c0537c93 get natinf time out turn to status 0
09-20 07:23:24(8387196141170606377) CFG_TASK INFO: [Cfg_SetPeerDevCanUseStatus:645]set device 12000103c0537c93 oldflag 0 group 22000101413a31a9 can use status 1
09-20 07:23:24(8387196141170606377) PID_SA INFO: [FUN_DEVICE_STATUS:1267]FUN_DEVICE_STATUS deviceId:12000103c0537c93, status:5
09-20 07:23:24(523986026793) nvr_cfg WARN: [cfg_OnPeerDeviceStatusChange:454]Ignonre 12000103c0537c93 status changed
09-20 07:23:24(12970367455108022569) TRAS_TASK INFO: [TrasPeer_ProcStatusCbFlag:618]device 12000103c0537c93 slot can use
09-20 07:23:24(12970367455108022569) TRAS_TASK INFO: [TrasPeer_ProcStatusCbFlag:673]device 12000103c0537c93 udpslot 0x0 p2p status 1, local NatType:1, ConeType:3, NetType:2
09-20 07:23:24(523986026794) cos ERR: [Cand_SocketSend:794]send err <103>
09-20 07:23:24(523986026794) cos INFO: [Cos_SocketClose:390]socket<190> closed
09-20 07:23:24(16682) cos ERR: [Cand_SocketSend:794]send err <103>
09-20 07:23:24(523986026794) cos INFO: [Cos_SocketClose:390]socket<192> closed
09-20 07:23:24(16682) cos ERR: [Cand_SocketSend:794]send err <103>
09-20 07:23:24(523986026794) cos INFO: [Cos_SocketClose:390]socket<195> closed
09-20 07:23:24(4294983977) PID_SA INFO: [FUN_SERVER_STATUS:2600]FUN_SERVER_STATUS enServerStatus:0, iErr:0
09-20 07:23:24(12970367459402989865) TRAS_TASK INFO: [TrasP2PSlot_ProcTcpState:352]tcpslot 0xb4000078648f9a00 closed ok reset bestslot 0
09-20 07:23:24(12970367459402989865) TRAS_TASK INFO: [TrasP2PSlot_ProcTcpState:352]tcpslot 0xb4000078648f9280 closed ok reset bestslot 0
09-20 07:23:24(12970367459402989865) TRAS_TASK INFO: [TrasP2PSlot_ProcTcpState:352]tcpslot 0xb4000078648f9700 closed ok reset bestslot 1
09-20 07:23:24(4294983977) PID_SA INFO: [FUN_SERVER_STATUS:2600]FUN_SERVER_STATUS enServerStatus:1, iErr:0
09-20 07:23:24(12970367459402989865) cos INFO: [Cos_SocketOpen:377]socket<190> open ok
09-20 07:23:24(12970367455108022569) TRAS_TASK INFO: [TrasLink_Connect:245]Link Connect Addr:43.133.96.204:19336,ConnFlag:1
09-20 07:23:24(16681) CFG_TASK INFO: [Cfg_SetPeerDevCanUseStatus:645]set device 12000103c0537c93 oldflag 0 group 22000101413a31a9 can use status 0
09-20 07:23:24(16681) nvr_cfg WARN: [cfg_OnPeerDeviceStatusChange:454]Ignonre 12000103c0537c93 status changed
09-20 07:23:24(523986026793) PID_SA INFO: [FUN_DEVICE_STATUS:1267]FUN_DEVICE_STATUS deviceId:12000103c0537c93, status:1
09-20 07:23:24(16681) TRAS_TASK INFO: [TrasPeer_ProcStatusCbFlag:630]device 12000103c0537c93 online status 1
09-20 07:23:24(16681) TRAS_TASK INFO: [TrasP2PSlot_Close:61]close the Slot 0xb4000078648f9a00  flag 0 ok .
09-20 07:23:24(16681) TRAS_TASK INFO: [TrasP2PSlot_Close:61]close the Slot 0xb4000078648f9280  flag 0 ok .
09-20 07:23:24(16681) TRAS_TASK INFO: [TrasP2PSlot_Close:61]close the Slot 0xb4000078648f9700  flag 0 ok .
09-20 07:23:24(515396084751) PID_SA INFO: [Java_com_chinatelecom_smarthome_viewer_business_impl_NativeClient_writeLogToFile:118]I/LowPowerHeart: onDeviceStateChange awakeDevice groupId:22000101413a31a9//deviceId:12000103c0537c93//status:5//StatusEnum:5//statusName:CANUSE
09-20 07:23:24(545460855823) PID_SA INFO: [Java_com_chinatelecom_smarthome_viewer_business_impl_NativeClient_writeLogToFile:118]I/y0: onDeviceStateChange groupId:22000101413a31a9,deviceId:12000103c0537c93,devicePresenceState:5   deviceType = CAMERA  awakeAbility:NOT_SUPPORT
09-20 07:23:24(9231) CMD_TASK INFO: [Cmd_GetPeerCurNetInfo:993]reqid 163 send GetPeerCurNetInfo msg {"METHOD":"3472","SEQID":"163","FROM":{"UserToken":"1600010140c3ad111p3g5jmo63upuvo5"},"TO":{"DID":"12000103c0537c93"}} to peer 12000103c0537c93, iret -1
09-20 07:23:24(545460855823) PID_SA INFO: [Java_com_chinatelecom_smarthome_viewer_business_impl_NativeCommand_getCurNetworkInfo:543]HM_GetNetworkInfoEx ret = -1 puiReqId = 163
09-20 07:23:24(9231) PID_SA INFO: [Java_com_chinatelecom_smarthome_viewer_business_impl_NativeClient_writeLogToFile:118]LiveVideoActivity11: errorCode = -1
09-20 07:23:24(536870928707) PID_SA INFO: [Java_com_chinatelecom_smarthome_viewer_business_impl_NativeClient_writeLogToFile:118]I/DeviceBean: getDeviceName:GateCameras
09-20 07:23:24(515396084751) PID_SA INFO: [Java_com_chinatelecom_smarthome_viewer_business_impl_NativeClient_writeLogToFile:118]I/Internal: onServerStatusChange/////uToken:1600010140c3ad111p3g5jmo63upuvo5//serverStatus:0//errorCode:0
09-20 07:23:24(9231) PID_SA INFO: [Java_com_chinatelecom_smarthome_viewer_business_impl_NativeClient_writeLogToFile:118]I/y0: onSelfAuthStateChange serverStatus:0,hmError:0
09-20 07:23:24(515396084751) PID_SA INFO: [Java_com_chinatelecom_smarthome_viewer_business_impl_NativeClient_writeLogToFile:118]I/Internal: onServerStatusChange/////uToken:1600010140c3ad111p3g5jmo63upuvo5//serverStatus:1//errorCode:0
09-20 07:23:24(9231) PID_SA INFO: [Java_com_chinatelecom_smarthome_viewer_business_impl_NativeClient_writeLogToFile:118]I/y0: onSelfAuthStateChange serverStatus:1,hmError:0
09-20 07:23:24(515396084751) PID_SA INFO: [Java_com_chinatelecom_smarthome_viewer_business_impl_NativeClient_writeLogToFile:118]I/LowPowerHeart: onDeviceStateChange awakeDevice groupId:22000101413a31a9//deviceId:12000103c0537c93//status:1//StatusEnum:1//statusName:ONLINE
09-20 07:23:24(545460855823) PID_SA INFO: [Java_com_chinatelecom_smarthome_viewer_business_impl_NativeClient_writeLogToFile:118]I/y0: onDeviceStateChange groupId:22000101413a31a9,deviceId:12000103c0537c93,devicePresenceState:1   deviceType = CAMERA  awakeAbility:NOT_SUPPORT
09-20 07:23:24(536870928706) PID_SA INFO: [Java_com_chinatelecom_smarthome_viewer_business_impl_NativeClient_writeLogToFile:118]I/DeviceBean: getDeviceName:GateCameras
09-20 07:23:25(16681) TRAS_TASK INFO: [TrasBase_ProcBaseSock:670]Link Connect Addr:43.133.96.204:19336,ConnectFlag is: 2
09-20 07:23:25(4294983977) PID_SA INFO: [FUN_SERVER_STATUS:2600]FUN_SERVER_STATUS enServerStatus:2, iErr:0
09-20 07:23:25(515396084751) PID_SA INFO: [Java_com_chinatelecom_smarthome_viewer_business_impl_NativeClient_writeLogToFile:118]I/Internal: onServerStatusChange/////uToken:1600010140c3ad111p3g5jmo63upuvo5//serverStatus:2//errorCode:0
09-20 07:23:25(9231) PID_SA INFO: [Java_com_chinatelecom_smarthome_viewer_business_impl_NativeClient_writeLogToFile:118]I/y0: onSelfAuthStateChange serverStatus:2,hmError:0
09-20 07:23:25(12970367455108022569) TRAS_TASK INFO: [TrasLink_AuthUserToken:188]ogct 164 send login requst body {"METHOD":"4116","SEQID":"164","BODY":{"UserToken":"1600010140c3ad111p3g5jmo63upuvo5","SDKVersion":"51713056","WebDomainAbilty":"1","TestFlag":"1"}} iRet 0 
09-20 07:23:25(16681) PID_SA INFO: [FUN_SERVER_STATUS:2600]FUN_SERVER_STATUS enServerStatus:4, iErr:0
09-20 07:23:25(523986026793) TRAS_TASK INFO: [TrasLink_ProcAuthTokenRsp:292]ogct 164 recv auth rsp code 0 
09-20 07:23:25(523986026793) TRAS_TASK INFO: [TrasPeer_GetProxySvr:892]ogct 165 start get proxy for peerid 12000103c0537c93 Relay mode 0 gid 22000101413a31a9 iret 0
09-20 07:23:25(515396084751) PID_SA INFO: [Java_com_chinatelecom_smarthome_viewer_business_impl_NativeClient_writeLogToFile:118]I/Internal: onServerStatusChange/////uToken:1600010140c3ad111p3g5jmo63upuvo5//serverStatus:4//errorCode:0
09-20 07:23:25(9231) PID_SA INFO: [Java_com_chinatelecom_smarthome_viewer_business_impl_NativeClient_writeLogToFile:118]I/y0: onSelfAuthStateChange serverStatus:4,hmError:0
09-20 07:23:25(9231) ZJ_TASK INFO: [ZJ_GetPaasPlatAccessToken:3766]ogct 166 get paasplat token iRet 0
09-20 07:23:25(536870921231) PID_SA INFO: [Java_com_chinatelecom_smarthome_viewer_business_impl_NativeClient_writeLogToFile:118]onInitPushSuccess: regid = eTaw3UHwT7yXDsUUjIDjw_:APA91bGOPrHHfPX6BI8lyu8Xuh2S_tcCJ1X6J2fTnbEulnllK4sV-ag66RoIN9ctFMucYPCZ7nWJDLxUD71DTrCmEUFuwrP9Ejga3KAQWdqdxzB2QJfr-f8
09-20 07:23:25(9231) ZJ_TASK INFO: [ZJ_SetPushToken:1024]ogct 167 set pushtoken eTaw3UHwT7yXDsUUjIDjw_:APA91bGOPrHHfPX6BI8lyu8Xuh2S_tcCJ1X6J2fTnbEulnllK4sV-ag66RoIN9ctFMucYPCZ7nWJDLxUD71DTrCmEUFuwrP9Ejga3KAQWdqdxzB2QJfr-f8 iRet 0
09-20 07:23:25(16673) cos INFO: [Cos_InetMgrProc:133]get host 43.134.132.160 ok ip 2693039659 passive 0
09-20 07:23:25(16681) cos INFO: [Cos_SocketOpen:377]socket<191> open ok
09-20 07:23:25(523986026793) TRAS_TASK INFO: [TrasP2PSlot_NewTcp:26]p2pslot creat tcp slot 0xb4000078648f9580 peer addr: 43.134.132.160:port:25006
09-20 07:23:25(523986026793) TRAS_TASK INFO: [TrasPeer_ParseGetProxySvrRsp:1228]ogct 165 recv rsp code 0 prxoy 43.134.132.160:25006 enctype 49
09-20 07:23:25(12970367459402989865) ZJ_TASK INFO: [ZJ_RecvGetPaasTokenRsp:3750]ogct 166 recv rsp code 0
09-20 07:23:25(16681) PID_SA INFO: [FUN_DEVICE_COMMON_RSP:1216]FUN_DEVICE_COMMON_RSP uiReqId:167, iErr:0
09-20 07:23:25(523986026793) ZJ_TASK INFO: [ZJ_UserProcSetPushTokenRsp:1001]ogct 167 recv rsp code 0 
09-20 07:23:25(489626280975) PID_SA INFO: [Java_com_chinatelecom_smarthome_viewer_business_impl_NativeClient_writeLogToFile:118]I/Internal: onGetPaasPlatToken accessTokenut6AAF3C95-00000003-00G001-u0l60/expireSeconds:86399//strPaasAddr:https://gm-ap.smartcloudcon.com
09-20 07:23:25(9231) PID_SA INFO: [Java_com_chinatelecom_smarthome_viewer_business_impl_NativeClient_writeLogToFile:118]I/HmSdkHelper: onServerStatusChange onTokenReturn accessToken:ut6AAF3C95-00000003-00G001-u0l60
09-20 07:23:25(12970367459402982415) PID_SA INFO: [Java_com_chinatelecom_smarthome_viewer_business_impl_NativeClient_writeLogToFile:118]I/HmSdkHelper: onServerStatusChange onTokenReturn pTokenJson:{"accessToken":"ut6AAF3C95-00000003-00G001-u0l60","createTime":1789869205976,"expireSeconds":86399,"passAddress":"https://gm-ap.smartcloudcon.com"}
09-20 07:23:26(523986026793) TRAS_TASK INFO: [TrasP2PSlot_ProcTcpState:210]tcpslot 0xb4000078648f9580 send match req;turn to matching status
09-20 07:23:26(523986026795) TRAS_TASK INFO: [Tras_ParseP2PSlot_ProxyMatchRsp:353]peer 12000103c0537c93 Slot 0xb4000078648f9580 recv proxy match rsp
09-20 07:23:26(523986026793) TRAS_TASK INFO: [TrasP2PSlot_ProcTcpState:243]tcpslot 0xb4000078648f9580 send test req and turn to testing status
09-20 07:23:26(9231) CMD_TASK INFO: [Cmd_GetPeerCurNetInfo:993]reqid 170 send GetPeerCurNetInfo msg {"METHOD":"3472","SEQID":"170","FROM":{"UserToken":"1600010140c3ad111p3g5jmo63upuvo5"},"TO":{"DID":"12000103c0537c93"}} to peer 12000103c0537c93, iret -1
09-20 07:23:26(545460855823) PID_SA INFO: [Java_com_chinatelecom_smarthome_viewer_business_impl_NativeCommand_getCurNetworkInfo:543]HM_GetNetworkInfoEx ret = -1 puiReqId = 170
09-20 07:23:26(9231) PID_SA INFO: [Java_com_chinatelecom_smarthome_viewer_business_impl_NativeClient_writeLogToFile:118]LiveVideoActivity11: errorCode = -1
09-20 07:23:26(523986026795) TRAS_TASK INFO: [TrasPeer_SetNatInfo:289]set peer 12000103c0537c93 nat port 10124 socket type 0
09-20 07:23:26(16683) PID_SA INFO: [FUN_GETPEERNATTYPE:3524]FUN_GETPEERNATTYPE pucPeerId:12000103c0537c93, uiNatType:1
09-20 07:23:26(523986026795) TRAS_TASK INFO: [TrasPeer_SetLocalTCPPort:236]set peer 12000103c0537c93 lcoal tcp port 16668 socket type 0
09-20 07:23:26(16683) TRAS_TASK INFO: [TrasPeer_SetUdpLocalInfo:276]set peer 12000103c0537c93 lcoal udp port 7556 socket type 0
09-20 07:23:26(16683) TRAS_TASK INFO: [TrasPeer_ParseGetNetInfoRsp:1044]peer 12000103c0537c93 recv natinf rsp;nattype 1 lcoalip 192.168.1.192:16668,7556 natip 183.83.229.60:10124
09-20 07:23:26(16681) cos INFO: [Cos_SocketOpen:377]socket<192> open ok
09-20 07:23:26(523986026793) TRAS_TASK INFO: [TrasP2PSlot_NewTcp:26]p2pslot creat tcp slot 0xb4000078648f9880 peer addr: 192.168.1.192:port:16668
09-20 07:23:26(523986026793) TRAS_TASK INFO: [TrasPeer_ProcSlotCreateLocalTCP:625]tcpSlot 0xb4000078648f9880 creat localslot ok peerid 12000103c0537c93,socket type 0
09-20 07:23:26(16681) cos INFO: [Cos_SocketOpen:377]socket<195> open ok
09-20 07:23:26(523986026793) TRAS_TASK INFO: [TrasP2PSlot_NewTcp:26]p2pslot creat tcp slot 0xb4000078648f9a00 peer addr: 10.116.167.132:port:16668
09-20 07:23:26(523986026793) TRAS_TASK INFO: [TrasPeer_ProcSlotCreateP2PTCP:685]tcpSlot 0xb4000078648f9a00 creat p2pslot ok peerid 12000103c0537c93
09-20 07:23:26(523986026793) TRAS_TASK INFO: [TrasP2PSlot_SetToUser:1052]tcpslot 0xb4000078648f9580 set bestest to peer 12000103c0537c93,old 0x0 udpflag 0 
09-20 07:23:26(523986026793) TRAS_TASK INFO: [TrasP2PSlot_ProcTcpState:282]tcpslot 0xb4000078648f9580 tested ok tickcnt 288134803
09-20 07:23:26(16681) CFG_TASK INFO: [Cfg_SetPeerDevCanUseStatus:645]set device 12000103c0537c93 oldflag 0 group 22000101413a31a9 can use status 1
09-20 07:23:26(16681) PID_SA INFO: [FUN_DEVICE_STATUS:1267]FUN_DEVICE_STATUS deviceId:12000103c0537c93, status:5
09-20 07:23:26(523986026793) nvr_cfg WARN: [cfg_OnPeerDeviceStatusChange:454]Ignonre 12000103c0537c93 status changed
09-20 07:23:26(12970367455108022569) TRAS_TASK INFO: [TrasPeer_ProcStatusCbFlag:618]device 12000103c0537c93 slot can use
09-20 07:23:26(536870921231) PID_SA INFO: [Java_com_chinatelecom_smarthome_viewer_business_impl_NativeClient_writeLogToFile:118]I/LowPowerHeart: onDeviceStateChange awakeDevice groupId:22000101413a31a9//deviceId:12000103c0537c93//status:5//StatusEnum:5//statusName:CANUSE
09-20 07:23:26(545460855823) PID_SA INFO: [Java_com_chinatelecom_smarthome_viewer_business_impl_NativeClient_writeLogToFile:118]I/y0: onDeviceStateChange groupId:22000101413a31a9,deviceId:12000103c0537c93,devicePresenceState:5   deviceType = CAMERA  awakeAbility:NOT_SUPPORT
09-20 07:23:26(545460855823) CMD_TASK INFO: [Cmd_GetPeerCurNetInfo:993]reqid 171 send GetPeerCurNetInfo msg {"METHOD":"3472","SEQID":"171","FROM":{"UserToken":"1600010140c3ad111p3g5jmo63upuvo5"},"TO":{"DID":"12000103c0537c93"}} to peer 12000103c0537c93, iret 0
09-20 07:23:26(545460855823) PID_SA INFO: [Java_com_chinatelecom_smarthome_viewer_business_impl_NativeCommand_getCurNetworkInfo:543]HM_GetNetworkInfoEx ret = 0 puiReqId = 171
09-20 07:23:26(536870928706) PID_SA INFO: [Java_com_chinatelecom_smarthome_viewer_business_impl_NativeClient_writeLogToFile:118]I/DeviceBean: getDeviceName:GateCameras
09-20 07:23:26(16681) TRAS_TASK INFO: [TrasP2PSlot_TCPSendLocalTCPReq:665]send local req {"METHOD":"3114","SEQID":"172","BODY":{"UserToken":"1600010140c3ad111p3g5jmo63upuvo5","OsType":"3","SDKVersion":"51713056","EncType":"49","EncKey":"3e4131la032ol2bm","EncLoad":"3e4131la032ol2bm"}} to peer 12000103c0537c93 iret 216
09-20 07:23:26(3689908671459901737) TRAS_TASK INFO: [TrasP2PSlot_ProcTcpState:230]tcpslot 0xb4000078648f9880 have peerid 1; slottype 0 send tcp req turn to testing status
09-20 07:23:26(523986026793) TRAS_TASK INFO: [TrasP2PSlot_ProcTcpState:230]tcpslot 0xb4000078648f9a00 have peerid 1; slottype 1 send tcp req turn to testing status
09-20 07:23:26(16681) TRAS_TASK INFO: [TrasP2PSlot_SetToUser:1052]tcpslot 0xb4000078648f9880 set bestest to peer 12000103c0537c93,old 0xb4000078648f9580 udpflag 0 
09-20 07:23:26(523986026793) TRAS_TASK INFO: [TrasP2PSlot_ProcTcpState:282]tcpslot 0xb4000078648f9880 tested ok tickcnt 288135007
09-20 07:23:26(523986026793) TRAS_TASK INFO: [TrasP2PSlot_ProcTcpState:282]tcpslot 0xb4000078648f9a00 tested ok tickcnt 288135007
09-20 07:23:26(523986026788) CFG_TASK INFO: [Cfg_ProcPeerDeviceCfg:3978]peer 12000103c0537c93 sync cfg by p2p
09-20 07:23:26(16681) CFG_TASK INFO: [Cfg_SetPeerDevCanUseStatus:645]set device 12000103c0537c93 oldflag 0 group 22000101413a31a9 can use status 1
09-20 07:23:26(16681) PID_SA INFO: [FUN_DEVICE_STATUS:1267]FUN_DEVICE_STATUS deviceId:12000103c0537c93, status:5
09-20 07:23:26(523986026793) nvr_cfg WARN: [cfg_OnPeerDeviceStatusChange:454]Ignonre 12000103c0537c93 status changed
09-20 07:23:26(12970367455108022569) TRAS_TASK INFO: [TrasPeer_ProcStatusCbFlag:618]device 12000103c0537c93 slot can use
09-20 07:23:26(12970367455108022569) TRAS_TASK INFO: [TrasPeer_ProcStatusCbFlag:673]device 12000103c0537c93 udpslot 0x0 p2p status 1, local NatType:1, ConeType:3, NetType:2
09-20 07:23:26(515396084751) PID_SA INFO: [Java_com_chinatelecom_smarthome_viewer_business_impl_NativeClient_writeLogToFile:118]I/LowPowerHeart: onDeviceStateChange awakeDevice groupId:22000101413a31a9//deviceId:12000103c0537c93//status:5//StatusEnum:5//statusName:CANUSE
09-20 07:23:26(545460855823) PID_SA INFO: [Java_com_chinatelecom_smarthome_viewer_business_impl_NativeClient_writeLogToFile:118]I/y0: onDeviceStateChange groupId:22000101413a31a9,deviceId:12000103c0537c93,devicePresenceState:5   deviceType = CAMERA  awakeAbility:NOT_SUPPORT
09-20 07:23:26(545460855823) CMD_TASK INFO: [Cmd_GetPeerCurNetInfo:993]reqid 194 send GetPeerCurNetInfo msg {"METHOD":"3472","SEQID":"194","FROM":{"UserToken":"1600010140c3ad111p3g5jmo63upuvo5"},"TO":{"DID":"12000103c0537c93"}} to peer 12000103c0537c93, iret 0
09-20 07:23:26(545460855823) PID_SA INFO: [Java_com_chinatelecom_smarthome_viewer_business_impl_NativeCommand_getCurNetworkInfo:543]HM_GetNetworkInfoEx ret = 0 puiReqId = 194
09-20 07:23:26(536870928707) PID_SA INFO: [Java_com_chinatelecom_smarthome_viewer_business_impl_NativeClient_writeLogToFile:118]I/DeviceBean: getDeviceName:GateCameras
09-20 07:23:26(16677) CMD_TASK INFO: [Cmd_ProcRecvNetMsg:5738]reqid 171 recv rsp content {"CODE":"0","METHOD":"3473","SEQID":"171","FROM":{"DID":"12000103c0537c93"},"TO":{"UserToken":"1600010140c3ad111p3g5jmo63upuvo5"},"BODY":{"NetType":"2","Signal":"93","IPAddr":"192.168.1.192","MacAddr":"F0:A8:82:ED:40:9D","SSID":"ASUS_30_2G"}}
09-20 07:23:26(3763395501764919589) PID_SA INFO: [FUN_DEVICE_RSP_GET_NETWORK_INFO:2502]FUN_DEVICE_RSP_GET_NETWORK_INFO reqId:171, err:0, netType:2, signalType:0, sigStrength:93, ip:192.168.1.192, ssid:ASUS_30_2G
09-20 07:23:26(545460855823) PID_SA INFO: [Java_com_chinatelecom_smarthome_viewer_business_impl_NativeClient_writeLogToFile:118]LiveVideoActivity11: networkBean = NetworkBean{netType=2, signalType=0, signalStrength=93, ipAddress='192.168.1.192', macAddress='F0:A8:82:ED:40:9D', wifiSSID='ASUS_30_2G', simCard='', netMask='', gateWay=''}
09-20 07:23:27(16677) CMD_TASK INFO: [Cmd_ProcRecvNetMsg:5738]reqid 194 recv rsp content {"CODE":"0","METHOD":"3473","SEQID":"194","FROM":{"DID":"12000103c0537c93"},"TO":{"UserToken":"1600010140c3ad111p3g5jmo63upuvo5"},"BODY":{"NetType":"2","Signal":"91","IPAddr":"192.168.1.192","MacAddr":"F0:A8:82:ED:40:9D","SSID":"ASUS_30_2G"}}
09-20 07:23:27(3763395501764919589) PID_SA INFO: [FUN_DEVICE_RSP_GET_NETWORK_INFO:2502]FUN_DEVICE_RSP_GET_NETWORK_INFO reqId:194, err:0, netType:2, signalType:0, sigStrength:91, ip:192.168.1.192, ssid:ASUS_30_2G
09-20 07:23:27(545460855823) PID_SA INFO: [Java_com_chinatelecom_smarthome_viewer_business_impl_NativeClient_writeLogToFile:118]LiveVideoActivity11: networkBean = NetworkBean{netType=2, signalType=0, signalStrength=91, ipAddress='192.168.1.192', macAddress='F0:A8:82:ED:40:9D', wifiSSID='ASUS_30_2G', simCard='', netMask='', gateWay=''}
09-20 07:23:27(16676) PID_SA INFO: [FUN_DEVICE_CFG_STATUS:1249]FUN_DEVICE_CFG_STATUS pucDeviceId:12000103c0537c93, enDeviceCfgItem:0
09-20 07:23:27(489626280975) PID_SA INFO: [Java_com_chinatelecom_smarthome_viewer_business_impl_NativeClient_writeLogToFile:118]I/y0: onDeviceConfigUpdate  deviceId is =12000103c0537c93,,,,ALL
09-20 07:23:27(545460855823) PID_SA INFO: [Java_com_chinatelecom_smarthome_viewer_business_impl_NativeClient_writeLogToFile:118]DeviceManager: cache TF Card Info
09-20 07:23:27(545460855823) CMD_TASK INFO: [Cmd_GetPeerTfCardInf:830]reqid 195 send GetPeerTfCardInf msg {"METHOD":"344E","SEQID":"195","FROM":{"UserToken":"1600010140c3ad111p3g5jmo63upuvo5"},"TO":{"DID":"12000103c0537c93"}} to peer 12000103c0537c93, iret 0
09-20 07:23:27(545460855823) PID_SA INFO: [Java_com_chinatelecom_smarthome_viewer_business_impl_NativeCommand_getTFCardInfo:394]HM_GetSdCardInf ret = 0 puiReqId = 195
09-20 07:23:27(16677) CMD_TASK INFO: [Cmd_ProcRecvNetMsg:5738]reqid 195 recv rsp content {"CODE":"0","METHOD":"344F","SEQID":"195","FROM":{"DID":"12000103c0537c93"},"TO":{"UserToken":"1600010140c3ad111p3g5jmo63upuvo5"},"BODY":{"StorageAbility":"1","TotalSize":"0","FreeSize":"0","CardStatus":"2"}}
09-20 07:23:27(16677) PID_SA INFO: [FUN_DEVICE_RSP_GET_TFCARD_INFO:2342]FUN_DEVICE_RSP_GET_TFCARD_INFO uiReqId:195, uiTotalSize:0, uiRemainSize:0, iErr:2
09-20 07:23:27(545460855823) PID_SA INFO: [Java_com_chinatelecom_smarthome_viewer_business_impl_NativeClient_writeLogToFile:118]DeviceManager: deviceId = 12000103c0537c93   get sdcard info errorCode = 2
09-20 07:23:28(523986026793) TRAS_TASK INFO: [TrasBase_OnPortHoleUDPRecv:983]recv msg 32,34
09-20 07:23:28(545460855823) CMD_TASK INFO: [Cmd_GetPeerCurNetInfo:993]reqid 196 send GetPeerCurNetInfo msg {"METHOD":"3472","SEQID":"196","FROM":{"UserToken":"1600010140c3ad111p3g5jmo63upuvo5"},"TO":{"DID":"12000103c0537c93"}} to peer 12000103c0537c93, iret 0
09-20 07:23:28(545460855823) PID_SA INFO: [Java_com_chinatelecom_smarthome_viewer_business_impl_NativeCommand_getCurNetworkInfo:543]HM_GetNetworkInfoEx ret = 0 puiReqId = 196
09-20 07:23:28(16677) CMD_TASK INFO: [Cmd_ProcRecvNetMsg:5738]reqid 196 recv rsp content {"CODE":"0","METHOD":"3473","SEQID":"196","FROM":{"DID":"12000103c0537c93"},"TO":{"UserToken":"1600010140c3ad111p3g5jmo63upuvo5"},"BODY":{"NetType":"2","Signal":"91","IPAddr":"192.168.1.192","MacAddr":"F0:A8:82:ED:40:9D","SSID":"ASUS_30_2G"}}
09-20 07:23:28(3763395501764919589) PID_SA INFO: [FUN_DEVICE_RSP_GET_NETWORK_INFO:2502]FUN_DEVICE_RSP_GET_NETWORK_INFO reqId:196, err:0, netType:2, signalType:0, sigStrength:91, ip:192.168.1.192, ssid:ASUS_30_2G
09-20 07:23:28(545460855823) PID_SA INFO: [Java_com_chinatelecom_smarthome_viewer_business_impl_NativeClient_writeLogToFile:118]LiveVideoActivity11: networkBean = NetworkBean{netType=2, signalType=0, signalStrength=91, ipAddress='192.168.1.192', macAddress='F0:A8:82:ED:40:9D', wifiSSID='ASUS_30_2G', simCard='', netMask='', gateWay=''}
09-20 07:23:30(523986026795) TRAS_TASK INFO: [TrasP2PSlot_Recv:996]rcv data err 103  buff len 4096
09-20 07:23:30(523986026795) cos INFO: [Cos_SocketClose:390]socket<191> closed
09-20 07:23:30(16683) TRAS_TASK INFO: [TrasP2PSlot_Recv:996]rcv data err 103  buff len 4096
09-20 07:23:30(523986026795) cos INFO: [Cos_SocketClose:390]socket<192> closed
09-20 07:23:30(16683) TRAS_TASK INFO: [TrasP2PSlot_Recv:996]rcv data err 103  buff len 4096
09-20 07:23:30(523986026795) cos INFO: [Cos_SocketClose:390]socket<195> closed
09-20 07:23:30(523986026793) TRAS_TASK ERR: [TrasLink_ProcRecv:331]rcv data err 103  buff len 4096
09-20 07:23:30(523986026793) cos INFO: [Cos_SocketClose:390]socket<190> closed
09-20 07:23:30(523986026793) TRAS_TASK INFO: [TrasP2PSlot_ProcTcpState:352]tcpslot 0xb4000078648f9580 closed ok reset bestslot 0
09-20 07:23:30(523986026793) TRAS_TASK INFO: [TrasP2PSlot_ProcTcpState:352]tcpslot 0xb4000078648f9880 closed ok reset bestslot 1
09-20 07:23:30(523986026793) TRAS_TASK INFO: [TrasP2PSlot_ProcTcpState:352]tcpslot 0xb4000078648f9a00 closed ok reset bestslot 1
09-20 07:23:30(4294983977) PID_SA INFO: [FUN_SERVER_STATUS:2600]FUN_SERVER_STATUS enServerStatus:0, iErr:0
09-20 07:23:30(523986026793) CFG_TASK INFO: [Cfg_SetPeerDevCanUseStatus:645]set device 12000103c0537c93 oldflag 0 group 22000101413a31a9 can use status 0
09-20 07:23:30(16681) nvr_cfg WARN: [cfg_OnPeerDeviceStatusChange:454]Ignonre 12000103c0537c93 status changed
09-20 07:23:30(523986026793) PID_SA INFO: [FUN_DEVICE_STATUS:1267]FUN_DEVICE_STATUS deviceId:12000103c0537c93, status:1
09-20 07:23:30(536870921231) PID_SA INFO: [Java_com_chinatelecom_smarthome_viewer_business_impl_NativeClient_writeLogToFile:118]I/Internal: onServerStatusChange/////uToken:1600010140c3ad111p3g5jmo63upuvo5//serverStatus:0//errorCode:0
09-20 07:23:30(9231) PID_SA INFO: [Java_com_chinatelecom_smarthome_viewer_business_impl_NativeClient_writeLogToFile:118]I/y0: onSelfAuthStateChange serverStatus:0,hmError:0
09-20 07:23:30(16681) TRAS_TASK INFO: [TrasPeer_ProcStatusCbFlag:630]device 12000103c0537c93 online status 1
09-20 07:23:30(536870921231) PID_SA INFO: [Java_com_chinatelecom_smarthome_viewer_business_impl_NativeClient_writeLogToFile:118]I/LowPowerHeart: onDeviceStateChange awakeDevice groupId:22000101413a31a9//deviceId:12000103c0537c93//status:1//StatusEnum:1//statusName:ONLINE
09-20 07:23:30(545460855823) PID_SA INFO: [Java_com_chinatelecom_smarthome_viewer_business_impl_NativeClient_writeLogToFile:118]I/y0: onDeviceStateChange groupId:22000101413a31a9,deviceId:12000103c0537c93,devicePresenceState:1   deviceType = CAMERA  awakeAbility:NOT_SUPPORT
09-20 07:23:30(12970367459402989865) TRAS_TASK INFO: [TrasP2PSlot_Close:61]close the Slot 0xb4000078648f9580  flag 0 ok .
09-20 07:23:30(12970367459402989865) TRAS_TASK INFO: [TrasP2PSlot_Close:61]close the Slot 0xb4000078648f9880  flag 0 ok .
09-20 07:23:30(12970367459402989865) TRAS_TASK INFO: [TrasP2PSlot_Close:61]close the Slot 0xb4000078648f9a00  flag 0 ok .
09-20 07:23:30(536870928707) PID_SA INFO: [Java_com_chinatelecom_smarthome_viewer_business_impl_NativeClient_writeLogToFile:118]I/DeviceBean: getDeviceName:GateCameras
09-20 07:23:30(4294983977) PID_SA INFO: [FUN_SERVER_STATUS:2600]FUN_SERVER_STATUS enServerStatus:1, iErr:0
09-20 07:23:30(12970367459402989865) cos INFO: [Cos_SocketOpen:377]socket<190> open ok
09-20 07:23:30(515396084751) PID_SA INFO: [Java_com_chinatelecom_smarthome_viewer_business_impl_NativeClient_writeLogToFile:118]I/Internal: onServerStatusChange/////uToken:1600010140c3ad111p3g5jmo63upuvo5//serverStatus:1//errorCode:0
09-20 07:23:30(9231) PID_SA INFO: [Java_com_chinatelecom_smarthome_viewer_business_impl_NativeClient_writeLogToFile:118]I/y0: onSelfAuthStateChange serverStatus:1,hmError:0
09-20 07:23:30(12970367455108022569) TRAS_TASK INFO: [TrasLink_Connect:245]Link Connect Addr:43.133.96.204:19336,ConnFlag:1
09-20 07:23:30(16681) TRAS_TASK INFO: [TrasBase_ProcBaseSock:670]Link Connect Addr:43.133.96.204:19336,ConnectFlag is: 2
09-20 07:23:30(4294983977) PID_SA INFO: [FUN_SERVER_STATUS:2600]FUN_SERVER_STATUS enServerStatus:2, iErr:0
09-20 07:23:30(515396084751) PID_SA INFO: [Java_com_chinatelecom_smarthome_viewer_business_impl_NativeClient_writeLogToFile:118]I/Internal: onServerStatusChange/////uToken:1600010140c3ad111p3g5jmo63upuvo5//serverStatus:2//errorCode:0
09-20 07:23:30(9231) PID_SA INFO: [Java_com_chinatelecom_smarthome_viewer_business_impl_NativeClient_writeLogToFile:118]I/y0: onSelfAuthStateChange serverStatus:2,hmError:0
09-20 07:23:30(12970367455108022569) TRAS_TASK INFO: [TrasLink_AuthUserToken:188]ogct 197 send login requst body {"METHOD":"4116","SEQID":"197","BODY":{"UserToken":"1600010140c3ad111p3g5jmo63upuvo5","SDKVersion":"51713056","WebDomainAbilty":"1","TestFlag":"1"}} iRet 0 
09-20 07:23:30(16681) PID_SA INFO: [FUN_SERVER_STATUS:2600]FUN_SERVER_STATUS enServerStatus:4, iErr:0
09-20 07:23:30(523986026793) TRAS_TASK INFO: [TrasLink_ProcAuthTokenRsp:292]ogct 197 recv auth rsp code 0 
09-20 07:23:30(515396084751) PID_SA INFO: [Java_com_chinatelecom_smarthome_viewer_business_impl_NativeClient_writeLogToFile:118]I/Internal: onServerStatusChange/////uToken:1600010140c3ad111p3g5jmo63upuvo5//serverStatus:4//errorCode:0
09-20 07:23:30(9231) PID_SA INFO: [Java_com_chinatelecom_smarthome_viewer_business_impl_NativeClient_writeLogToFile:118]I/y0: onSelfAuthStateChange serverStatus:4,hmError:0
09-20 07:23:30(9231) ZJ_TASK INFO: [ZJ_GetPaasPlatAccessToken:3766]ogct 199 get paasplat token iRet 0
09-20 07:23:30(536870921231) PID_SA INFO: [Java_com_chinatelecom_smarthome_viewer_business_impl_NativeClient_writeLogToFile:118]onInitPushSuccess: regid = eTaw3UHwT7yXDsUUjIDjw_:APA91bGOPrHHfPX6BI8lyu8Xuh2S_tcCJ1X6J2fTnbEulnllK4sV-ag66RoIN9ctFMucYPCZ7nWJDLxUD71DTrCmEUFuwrP9Ejga3KAQWdqdxzB2QJfr-f8
09-20 07:23:30(523986026793) TRAS_TASK INFO: [TrasPeer_GetProxySvr:892]ogct 198 start get proxy for peerid 12000103c0537c93 Relay mode 0 gid 22000101413a31a9 iret 0
09-20 07:23:30(536870921231) ZJ_TASK INFO: [ZJ_SetPushToken:1024]ogct 200 set pushtoken eTaw3UHwT7yXDsUUjIDjw_:APA91bGOPrHHfPX6BI8lyu8Xuh2S_tcCJ1X6J2fTnbEulnllK4sV-ag66RoIN9ctFMucYPCZ7nWJDLxUD71DTrCmEUFuwrP9Ejga3KAQWdqdxzB2QJfr-f8 iRet 0
09-20 07:23:30(536870921231) PID_SA INFO: [Java_com_chinatelecom_smarthome_viewer_business_impl_NativeClient_writeLogToFile:118]BaseActivity: onRestart==mIsShowAd:false//activity is LiveVideoActivity
09-20 07:23:30(9231) PID_SA INFO: [Java_com_chinatelecom_smarthome_viewer_business_impl_NativeClient_writeLogToFile:118]LiveVideoActivity: onStart
09-20 07:23:30(545460855823) PID_SA INFO: [Java_com_chinatelecom_smarthome_viewer_business_impl_NativeClient_writeLogToFile:118]E/LowPowerHeart: Heartbeat resumeDeviceHeart duration:0,interval:3000,canHeartExt:true
09-20 07:23:30(9231) PID_SA INFO: [Java_com_chinatelecom_smarthome_viewer_business_impl_NativeClient_setBackgroundToFront:88]setBackgroundToFront 1
09-20 07:23:30(9231) PID_SA INFO: [Java_com_chinatelecom_smarthome_viewer_business_impl_NativeClient_writeLogToFile:118]I/PackageViewModel: play ON_START code: -10000,payRetainType:0,isWeChatPaying:false
09-20 07:23:30(4294983977) cos INFO: [Cos_SocketClose:390]socket<190> closed
09-20 07:23:30(4294983977) PID_SA INFO: [FUN_SERVER_STATUS:2600]FUN_SERVER_STATUS enServerStatus:0, iErr:0
09-20 07:23:30(545460855823) PID_SA INFO: [Java_com_chinatelecom_smarthome_viewer_business_impl_NativeClient_writeLogToFile:118]I/BaseActivity: onResume==mIsShowAd:false//activity is LiveVideoActivity
09-20 07:23:30(12970367459402982415) PID_SA INFO: [Java_com_chinatelecom_smarthome_viewer_business_impl_NativeClient_writeLogToFile:118]LiveVideoActivity: onResume
09-20 07:23:30(8062480241177666575) PID_SA INFO: [Java_com_chinatelecom_smarthome_viewer_business_impl_NativeClient_writeLogToFile:118]AdList: AdvertisingRequst(id=, adcode=Android_en_sale_window_realtime, width=1080, height=2400, appver=2.9.37, appid=1593592778513070, companyid=0000213ed0cdb8bc, countryCode=GB, platform=2, lang=2, uid=1600010140c3ad11)
09-20 07:23:30(9231) PID_SA INFO: [Java_com_chinatelecom_smarthome_viewer_business_impl_NativeClient_writeLogToFile:118]I/LowPowerHeart: deviceState = 1
09-20 07:23:30(9231) PID_SA INFO: [Java_com_chinatelecom_smarthome_viewer_business_impl_NativeClient_writeLogToFile:118]I/LowPowerHeart: 11lowPowerConsumption  startDeviceHeart duration:0//interval:5000//dId:12000103c0537c93
09-20 07:23:30(9231) CMD_TASK INFO: [Cmd_GetPeerCurNetInfo:993]reqid 201 send GetPeerCurNetInfo msg {"METHOD":"3472","SEQID":"201","FROM":{"UserToken":"1600010140c3ad111p3g5jmo63upuvo5"},"TO":{"DID":"12000103c0537c93"}} to peer 12000103c0537c93, iret -1
09-20 07:23:30(545460855823) PID_SA INFO: [Java_com_chinatelecom_smarthome_viewer_business_impl_NativeCommand_getCurNetworkInfo:543]HM_GetNetworkInfoEx ret = -1 puiReqId = 201
09-20 07:23:30(9231) PID_SA INFO: [Java_com_chinatelecom_smarthome_viewer_business_impl_NativeClient_writeLogToFile:118]LiveVideoActivity11: errorCode = -1
09-20 07:23:30(545460855823) PID_SA INFO: [Java_com_chinatelecom_smarthome_viewer_business_impl_NativeClient_writeLogToFile:118]I/LiveVideoActivity: startVideo isCameraOpenFlag:true
09-20 07:23:30(9231) MD_TASK INFO: [Md_CreatAliveStreamEx:390]chanid 0 playid 202 creat AliveEx peerid 12000103c0537c93 ch[-1] cam [0 0] audioflag 1 BussType 9
09-20 07:23:30(9231) PID_SA INFO: [Java_com_chinatelecom_smarthome_viewer_business_impl_NativeClient_writeLogToFile:118]MediaRenderViewImpl:  initRenderView   videoEncType = H264  vrMode = None   glSurfaceView = android.opengl.GLSurfaceView{61d48fa V.E...... ........ 0,0-1080,606 alpha=1.0 viewInfo = }
09-20 07:23:30(9231) PID_SA INFO: [Java_com_chinatelecom_smarthome_viewer_business_impl_NativeClient_writeLogToFile:118]MediaRenderViewImpl: startRealTimeStream: mStreamId: 202
09-20 07:23:30(9231) PID_SA INFO: [Java_com_chinatelecom_smarthome_viewer_business_impl_NativeClient_writeLogToFile:118]I/PackageViewModel: play ON_RESUME code: -10000,payRetainType:0
09-20 07:23:30(545460855823) PID_SA INFO: [Java_com_chinatelecom_smarthome_viewer_business_impl_NativeClient_writeLogToFile:118]I/PaymentManager: payResultCode:-10000, orderInfo is null:true, isAlipaySubscriptionPaying:false
09-20 07:23:30(4294983977) PID_SA INFO: [FUN_SERVER_STATUS:2600]FUN_SERVER_STATUS enServerStatus:1, iErr:0
09-20 07:23:30(12970367459402989865) cos INFO: [Cos_SocketOpen:377]socket<196> open ok
09-20 07:23:30(12970367455108022569) TRAS_TASK INFO: [TrasLink_Connect:245]Link Connect Addr:43.133.96.204:19336,ConnFlag:1
09-20 07:23:30(17438) PID_SA INFO: [Java_com_chinatelecom_smarthome_viewer_business_impl_NativeClient_writeLogToFile:118]onSurfaceChanged: SurfaceWidth = 1080 SurfaceHeight = 606 videoWidth = 1920 videoHeight = 1080
09-20 07:23:30(12970367459402990622) PID_SA INFO: [Java_com_chinatelecom_smarthome_viewer_business_impl_NativeClient_writeLogToFile:118]onSurfaceChanged: FIT_CENTER orientation = 1 display_w = 1077   display_h = 606 play_pos_x = 1 play_pos_y = 0
09-20 07:23:30(16681) TRAS_TASK INFO: [TrasBase_ProcBaseSock:670]Link Connect Addr:43.133.96.204:19336,ConnectFlag is: 2
09-20 07:23:30(4294983977) PID_SA INFO: [FUN_SERVER_STATUS:2600]FUN_SERVER_STATUS enServerStatus:2, iErr:0
09-20 07:23:30(17438) PID_SA INFO: [Java_com_chinatelecom_smarthome_viewer_business_impl_NativeClient_writeLogToFile:118]onSurfaceChanged: SurfaceWidth = 1080 SurfaceHeight = 606 videoWidth = 1920 videoHeight = 1080
09-20 07:23:30(18446744069414601758) PID_SA INFO: [Java_com_chinatelecom_smarthome_viewer_business_impl_NativeClient_writeLogToFile:118]onSurfaceChanged: FIT_CENTER orientation = 1 display_w = 1077   display_h = 606 play_pos_x = 1 play_pos_y = 0
09-20 07:23:30(12970367450813055273) TRAS_TASK INFO: [TrasLink_AuthUserToken:188]ogct 203 send login requst body {"METHOD":"4116","SEQID":"203","BODY":{"UserToken":"1600010140c3ad111p3g5jmo63upuvo5","SDKVersion":"51713056","WebDomainAbilty":"1","TestFlag":"1"}} iRet 0 
09-20 07:23:30(28429402144522875) PID_SA INFO: [Java_com_chinatelecom_smarthome_viewer_business_impl_NativeClient_writeLogToFile:118]I/CurlLogger: cURL -X POST -H "Content-Type: application/json; charset=UTF-8"  -d '{"adcode":"Android_en_sale_window_realtime","appid":"1593592778513070","appver":"2.9.37","companyid":"0000213ed0cdb8bc","countryCode":"GB","height":"2400","id":"","lang":"2","platform":"2","uid":"1600010140c3ad11","width":"1080"}' "https://exsvr.smartcloudcon.com/carewebin/store/getadlist/v2" -L
09-20 07:23:30(16681) PID_SA INFO: [FUN_SERVER_STATUS:2600]FUN_SERVER_STATUS enServerStatus:4, iErr:0
09-20 07:23:30(523986026793) TRAS_TASK INFO: [TrasLink_ProcAuthTokenRsp:292]ogct 203 recv auth rsp code 0 
09-20 07:23:30(515396084751) PID_SA INFO: [Java_com_chinatelecom_smarthome_viewer_business_impl_NativeClient_writeLogToFile:118]I/Internal: onServerStatusChange/////uToken:1600010140c3ad111p3g5jmo63upuvo5//serverStatus:0//errorCode:0
09-20 07:23:30(9231) PID_SA INFO: [Java_com_chinatelecom_smarthome_viewer_business_impl_NativeClient_writeLogToFile:118]I/y0: onSelfAuthStateChange serverStatus:0,hmError:0
09-20 07:23:30(515396084751) PID_SA INFO: [Java_com_chinatelecom_smarthome_viewer_business_impl_NativeClient_writeLogToFile:118]I/Internal: onServerStatusChange/////uToken:1600010140c3ad111p3g5jmo63upuvo5//serverStatus:1//errorCode:0
09-20 07:23:30(9231) PID_SA INFO: [Java_com_chinatelecom_smarthome_viewer_business_impl_NativeClient_writeLogToFile:118]I/y0: onSelfAuthStateChange serverStatus:1,hmError:0
09-20 07:23:30(515396084751) PID_SA INFO: [Java_com_chinatelecom_smarthome_viewer_business_impl_NativeClient_writeLogToFile:118]I/Internal: onServerStatusChange/////uToken:1600010140c3ad111p3g5jmo63upuvo5//serverStatus:2//errorCode:0
09-20 07:23:30(9231) PID_SA INFO: [Java_com_chinatelecom_smarthome_viewer_business_impl_NativeClient_writeLogToFile:118]I/y0: onSelfAuthStateChange serverStatus:2,hmError:0
09-20 07:23:30(515396084751) PID_SA INFO: [Java_com_chinatelecom_smarthome_viewer_business_impl_NativeClient_writeLogToFile:118]I/Internal: onServerStatusChange/////uToken:1600010140c3ad111p3g5jmo63upuvo5//serverStatus:4//errorCode:0
09-20 07:23:30(9231) PID_SA INFO: [Java_com_chinatelecom_smarthome_viewer_business_impl_NativeClient_writeLogToFile:118]I/y0: onSelfAuthStateChange serverStatus:4,hmError:0
09-20 07:23:30(9231) ZJ_TASK INFO: [ZJ_GetPaasPlatAccessToken:3766]ogct 204 get paasplat token iRet 0
09-20 07:23:30(536870921231) PID_SA INFO: [Java_com_chinatelecom_smarthome_viewer_business_impl_NativeClient_writeLogToFile:118]onInitPushSuccess: regid = eTaw3UHwT7yXDsUUjIDjw_:APA91bGOPrHHfPX6BI8lyu8Xuh2S_tcCJ1X6J2fTnbEulnllK4sV-ag66RoIN9ctFMucYPCZ7nWJDLxUD71DTrCmEUFuwrP9Ejga3KAQWdqdxzB2QJfr-f8
09-20 07:23:30(9231) ZJ_TASK INFO: [ZJ_SetPushToken:1024]ogct 205 set pushtoken eTaw3UHwT7yXDsUUjIDjw_:APA91bGOPrHHfPX6BI8lyu8Xuh2S_tcCJ1X6J2fTnbEulnllK4sV-ag66RoIN9ctFMucYPCZ7nWJDLxUD71DTrCmEUFuwrP9Ejga3KAQWdqdxzB2QJfr-f8 iRet 0
09-20 07:23:31(489626280975) PID_SA INFO: [Java_com_chinatelecom_smarthome_viewer_business_impl_NativeClient_writeLogToFile:118]I/Internal: onGetPaasPlatToken accessTokenut6AAF3C9B-00000003-00G001-jc254/expireSeconds:86399//strPaasAddr:https://gm-ap.smartcloudcon.com
09-20 07:23:31(9231) PID_SA INFO: [Java_com_chinatelecom_smarthome_viewer_business_impl_NativeClient_writeLogToFile:118]I/HmSdkHelper: onServerStatusChange onTokenReturn accessToken:ut6AAF3C9B-00000003-00G001-jc254
09-20 07:23:31(523986026793) ZJ_TASK INFO: [ZJ_RecvGetPaasTokenRsp:3750]ogct 204 recv rsp code 0
09-20 07:23:31(12970367459402982415) PID_SA INFO: [Java_com_chinatelecom_smarthome_viewer_business_impl_NativeClient_writeLogToFile:118]I/HmSdkHelper: onServerStatusChange onTokenReturn pTokenJson:{"accessToken":"ut6AAF3C9B-00000003-00G001-jc254","createTime":1789869211053,"expireSeconds":86399,"passAddress":"https://gm-ap.smartcloudcon.com"}
09-20 07:23:31(16681) PID_SA INFO: [FUN_DEVICE_COMMON_RSP:1216]FUN_DEVICE_COMMON_RSP uiReqId:205, iErr:0
09-20 07:23:31(523986026793) ZJ_TASK INFO: [ZJ_UserProcSetPushTokenRsp:1001]ogct 205 recv rsp code 0 
09-20 07:23:31(9231) ZJ_TASK INFO: [ZJ_RefreshDevicesStatus:612]ogct 206 refresh all devices status iRet 0
09-20 07:23:31(9231) PID_SA INFO: [Java_com_chinatelecom_smarthome_viewer_business_impl_NativeClient_writeLogToFile:118]I/DeviceList: dispatchAction:RequestAllAd
09-20 07:23:31(8062480241177666575) PID_SA INFO: [Java_com_chinatelecom_smarthome_viewer_business_impl_NativeClient_writeLogToFile:118]AdList: AdvertisingRequst(id=, adcode=pro_Android_en_list_banner, width=1080, height=2400, appver=2.9.37, appid=1593592778513070, companyid=0000213ed0cdb8bc, countryCode=GB, platform=2, lang=2, uid=1600010140c3ad11)
09-20 07:23:31(9231) PID_SA INFO: [Java_com_chinatelecom_smarthome_viewer_business_impl_NativeClient_writeLogToFile:118]I/HmAdManager: getCachedAdListData from memory, size=4
09-20 07:23:31(9231) PID_SA INFO: [Java_com_chinatelecom_smarthome_viewer_business_impl_NativeClient_writeLogToFile:118]I/HmAdManager: getAdDataByStrategy: adPositionKey=pro_Android_en_Native1 lastCountDate:2026-09-20,now:1789869211196,today:2026-09-20,displayMaxTimes:0
09-20 07:23:31(9231) PID_SA INFO: [Java_com_chinatelecom_smarthome_viewer_business_impl_NativeClient_writeLogToFile:118]I/HmAdManager: currentAdType: 3
09-20 07:23:31(528280986639) PID_SA INFO: [Java_com_chinatelecom_smarthome_viewer_business_impl_NativeClient_writeLogToFile:118]I/HmAdManager: lastShowTime: 0
09-20 07:23:31(10414707282289679) PID_SA INFO: [Java_com_chinatelecom_smarthome_viewer_business_impl_NativeClient_writeLogToFile:118]I/HmAdManager: loadHomeBannerAD==isAdBuyNoShowad:false,Model:ImageTitleBean{imageUrl='null', title='null', imageId=0, clickUrl='null', adsource='applovin', adsourcecode='eb1b86e5d9feb53e', skip=0, skip_type=0, click=0, show_time_length=5, adcode='pro_Android_en_Native1', isDowload=false, jumpType='null', adtype=1, req_ad_timeout=0, strategy_type=-1, rule_conf=null, after_click_action=null, rule_update_times=0, showPrice='null', price='null', unit='null', currency_symbol='null', adId='null', page_name='null'}
09-20 07:23:31(10414707282289679) PID_SA INFO: [Java_com_chinatelecom_smarthome_viewer_business_impl_NativeClient_writeLogToFile:118]I/HmAdManager: loadHomeBannerAD==adModel:ImageTitleBean{imageUrl='null', title='null', imageId=0, clickUrl='null', adsource='applovin', adsourcecode='eb1b86e5d9feb53e', skip=0, skip_type=0, click=0, show_time_length=5, adcode='pro_Android_en_Native1', isDowload=false, jumpType='null', adtype=1, req_ad_timeout=0, strategy_type=-1, rule_conf=null, after_click_action=null, rule_update_times=0, showPrice='null', price='null', unit='null', currency_symbol='null', adId='null', page_name='null'}
09-20 07:23:31(28429402144524838) PID_SA INFO: [Java_com_chinatelecom_smarthome_viewer_business_impl_NativeClient_writeLogToFile:118]I/CurlLogger: cURL -X POST -H "Content-Type: application/json; charset=UTF-8"  -d '{"adcode":"pro_Android_en_list_banner","appid":"1593592778513070","appver":"2.9.37","companyid":"0000213ed0cdb8bc","countryCode":"GB","height":"2400","id":"","lang":"2","platform":"2","uid":"1600010140c3ad11","width":"1080"}' "https://exsvr.smartcloudcon.com/carewebin/store/getadlist/v2" -L
09-20 07:23:31(8062480241177666575) PID_SA INFO: [Java_com_chinatelecom_smarthome_viewer_business_impl_NativeClient_writeLogToFile:118]AdList: AdvertisingRequst(id=, adcode=pro_Android_en_right_sidebar, width=1080, height=2400, appver=2.9.37, appid=1593592778513070, companyid=0000213ed0cdb8bc, countryCode=GB, platform=2, lang=2, uid=1600010140c3ad11)
09-20 07:23:31(9231) PID_SA INFO: [Java_com_chinatelecom_smarthome_viewer_business_impl_NativeClient_writeLogToFile:118]I/DeviceList: dispatchAction:com.huiyun.care.viewer.main.deviceList.a$b@a7bd2a1
09-20 07:23:31(28429402144524839) PID_SA INFO: [Java_com_chinatelecom_smarthome_viewer_business_impl_NativeClient_writeLogToFile:118]I/CurlLogger: cURL -X POST -H "Content-Type: application/json; charset=UTF-8"  -d '{"adcode":"pro_Android_en_right_sidebar","appid":"1593592778513070","appver":"2.9.37","companyid":"0000213ed0cdb8bc","countryCode":"GB","height":"2400","id":"","lang":"2","platform":"2","uid":"1600010140c3ad11","width":"1080"}' "https://exsvr.smartcloudcon.com/carewebin/store/getadlist/v2" -L
09-20 07:23:31(16681) PID_SA INFO: [FUN_DEVICE_COMMON_RSP:1216]FUN_DEVICE_COMMON_RSP uiReqId:206, iErr:0
09-20 07:23:31(523986026793) ZJ_TASK INFO: [ZJ_UserProcCommonRsp:220]ogct 206 recv rsp code 0 
09-20 07:23:31(523986026788) CFG_TASK INFO: [Cfg_ProcDevStatusNtc:1268]ogct 3859816901 Ntc did 12000103c0537c93 oldflag 0 online status 1 pushflag 0 upstatus 0 Rate 0
09-20 07:23:31(10178001163467637028) CFG_TASK INFO: [Cfg_ParseRecvNetData:1502]recv msgtype 37 msgid 3e
09-20 07:23:32(9231) CMD_TASK INFO: [Cmd_GetPeerCurNetInfo:993]reqid 207 send GetPeerCurNetInfo msg {"METHOD":"3472","SEQID":"207","FROM":{"UserToken":"1600010140c3ad111p3g5jmo63upuvo5"},"TO":{"DID":"12000103c0537c93"}} to peer 12000103c0537c93, iret -1
09-20 07:23:32(545460855823) PID_SA INFO: [Java_com_chinatelecom_smarthome_viewer_business_impl_NativeCommand_getCurNetworkInfo:543]HM_GetNetworkInfoEx ret = -1 puiReqId = 207
09-20 07:23:32(9231) PID_SA INFO: [Java_com_chinatelecom_smarthome_viewer_business_impl_NativeClient_writeLogToFile:118]LiveVideoActivity11: errorCode = -1
09-20 07:23:32(545460855823) PID_SA INFO: [Java_com_chinatelecom_smarthome_viewer_business_impl_NativeClient_writeLogToFile:118]LiveVideoActivity: onPause
09-20 07:23:32(12970367459402982415) PID_SA INFO: [Java_com_chinatelecom_smarthome_viewer_business_impl_NativeClient_writeLogToFile:118]BaseActivity: onPause==mIsShowAd:false//activity is LiveVideoActivity
09-20 07:23:32(9231) PID_SA INFO: [Java_com_chinatelecom_smarthome_viewer_business_impl_NativeClient_writeLogToFile:118]I/CloudChargeCardInfo: deviceId:12000103c0537c93,//chargeType:2,//chargeFlag:0
09-20 07:23:32(9231) PID_SA INFO: [Java_com_chinatelecom_smarthome_viewer_business_impl_NativeClient_writeLogToFile:118]I/CloudChargeCardInfo: deviceId:12000103c0537c93,//chargeType:1,//chargeFlag:0
09-20 07:23:32(12970367459402982415) PID_SA INFO: [Java_com_chinatelecom_smarthome_viewer_business_impl_NativeClient_writeLogToFile:118]I/DeviceBean: getDeviceName:GateCameras
09-20 07:23:32(9231) ZJ_TASK INFO: [ZJ_UsrGetDevPackages:2678]ogct 208 get owner charge package iRet 0
09-20 07:23:32(12970367459402982415) PID_SA INFO: [Java_com_chinatelecom_smarthome_viewer_business_impl_NativeClient_writeLogToFile:118]getInIoTProp: innerIoTBeanProp = {"PushFlag":"7","SMSFlag":"1","EmailFlag":"1","Interval":"300","EmailAddr":"","StartTime":"0","EndTime":"86400","SpanFlag":"0","Week":"127"}
09-20 07:23:32(9231) PID_SA INFO: [Java_com_chinatelecom_smarthome_viewer_business_impl_NativeClient_writeLogToFile:118]getInIoTProp: innerIoTBeanProp = {"PushFlag":"7","SMSFlag":"1","EmailFlag":"1","Interval":"300","EmailAddr":"","StartTime":"0","EndTime":"86400","SpanFlag":"0","Week":"127"}
09-20 07:23:32(9231) PID_SA INFO: [Java_com_chinatelecom_smarthome_viewer_business_impl_NativeClient_writeLogToFile:118]I/BaseActivity: onResume==mIsShowAd:false//activity is NewDeviceSettingActivity
09-20 07:23:32(9231) PID_SA INFO: [Java_com_chinatelecom_smarthome_viewer_business_impl_NativeClient_writeLogToFile:118]I/CloudChargeCardInfo: deviceId:12000103c0537c93,//chargeType:2,//chargeFlag:0
09-20 07:23:32(9231) PID_SA INFO: [Java_com_chinatelecom_smarthome_viewer_business_impl_NativeClient_writeLogToFile:118]I/CloudChargeCardInfo: deviceId:12000103c0537c93,//chargeType:1,//chargeFlag:0
09-20 07:23:32(9231) PID_SA INFO: [Java_com_chinatelecom_smarthome_viewer_business_impl_NativeClient_writeLogToFile:118]I/LowPowerHeart: deviceState = 1
09-20 07:23:32(9231) PID_SA INFO: [Java_com_chinatelecom_smarthome_viewer_business_impl_NativeClient_writeLogToFile:118]I/LowPowerHeart: 44lowPowerConsumption  startDeviceHeart //dId:12000103c0537c93//heartbeatStatus.isActive():false
09-20 07:23:32(9231) PID_SA INFO: [Java_com_chinatelecom_smarthome_viewer_business_impl_NativeClient_writeLogToFile:118]I/LowPowerHeart: 22lowPowerConsumption  startDeviceHeart //dId:12000103c0537c93//heartbeatStatus.isActive():false
09-20 07:23:32(16325694678123131) PID_SA INFO: [Java_com_chinatelecom_smarthome_viewer_business_impl_NativeClient_writeLogToFile:118]I/CurlLogger: response:{"code":"1000","data":{"ext":{"buyed":"1","noThirdAd":0,"reg":"2024-04-09 16:36:37","useCache":0},"list":[]},"desc":"Success"}
09-20 07:23:32(8062480241177674363) PID_SA INFO: [Java_com_chinatelecom_smarthome_viewer_business_impl_NativeClient_writeLogToFile:118]AdList: AdvertisingResp(code=1000, data=DataBean(list=[]), desc=Success)
09-20 07:23:32(12297829379609739899) PID_SA INFO: [Java_com_chinatelecom_smarthome_viewer_business_impl_NativeClient_writeLogToFile:118]E/requestMarketAd: empty marketing ads, page=P19 adCode=Android_en_sale_window_realtime
09-20 07:23:32(523986026793) PID_SA INFO: [FUN_USERCHARGEPACKAGE_CB:2738]FUN_USERCHARGEPACKAGE_CB reqId:208, error:0
09-20 07:23:32(523986026793) PID_SA INFO: [FUN_USERCHARGEPACKAGE_CB:2740]list size: 0
09-20 07:23:32(16681) ZJ_TASK INFO: [ZJ_ProcUsrGetDevPackages:2660]ogct 208 recv rsp code 0
09-20 07:23:32(536870921231) PID_SA INFO: [Java_com_chinatelecom_smarthome_viewer_business_impl_NativeClient_writeLogToFile:118]I/queryDeviceChargePackages: deviceID = 12000103c0537c93 poids =   requestCount = 2
09-20 07:23:33(9231) PID_SA INFO: [Java_com_chinatelecom_smarthome_viewer_business_impl_NativeClient_writeLogToFile:118]LiveVideoActivity: onStop
09-20 07:23:33(9231) MD_TASK INFO: [Md_StopStream:2112]stop sessionid 0 playid 202
09-20 07:23:33(9231) PID_SA INFO: [Java_com_chinatelecom_smarthome_viewer_business_impl_NativeClient_writeLogToFile:118]E/LowPowerHeart: Heartbeat startDeviceHeart duration:25000,interval:3000,dId:12000103c0537c93
09-20 07:23:33(4294984001) PID_SA INFO: [Java_com_chinatelecom_smarthome_viewer_business_impl_NativeClient_writeLogToFile:118]I/awakeDevice: awakeDevice deviceId:12000103c0537c93
09-20 07:23:33(9231) PID_SA INFO: [Java_com_chinatelecom_smarthome_viewer_business_impl_NativeClient_writeLogToFile:118]BaseActivity: onSaveInstanceState==mIsShowAd:false//activity is LiveVideoActivity
09-20 07:23:33(16705) CMD_TASK INFO: [Cmd_SetLowPowerDevAwake:7238]reqid 209 send msg {"METHOD":"34BA","SEQID":"209","FROM":{"UserToken":"1600010140c3ad111p3g5jmo63upuvo5"},"TO":{"DID":"12000103c0537c93"}} to peer 12000103c0537c93, iret 0 tickcnt 288141302
09-20 07:23:33(523986026817) PID_SA INFO: [Java_com_chinatelecom_smarthome_viewer_business_impl_NativeCommand_awakeDevice:1489]did:12000103c0537c93, ret:0
09-20 07:23:33(18982) PID_SA INFO: [Java_com_chinatelecom_smarthome_viewer_business_impl_NativeClient_writeLogToFile:118]I/CurlLogger: response:{"code":"1000","data":{"ext":{"buyed":"1","noThirdAd":0,"reg":"2024-04-09 16:36:37","useCache":1},"list":[{"ad_id":"B00378","ad_space_height":"","ad_space_size":1,"ad_space_width":"","adcode":"pro_Android_en_list_banner","adsource":"zzy","adsourcecode":"","adtype":2,"after_click_action":"{\"body\": {\"pkg_id\": \"\", \"group_id\": \"\", \"group_code\": \"\", \"is_user_no_pay\": \"\"}, \"type\": 1}","click":1,"click_url":"","id":"378","imglist":[{"height":375,"img_url":"https://hmstatic-1311597033.cos.ap-nanjing.myqcloud.com/media/ads/1733283688209760000/en banner.png","jumpType":"0","jump_url":"https://exwebsvr.smartcloudcon.com/careProcloud/#/packages-new","lang":1,"resolution":"1080x375","width":1080},{"height":375,"img_url":"https://hmstatic-1311597033.cos.ap-nanjing.myqcloud.com/media/ads/1750666446275539862/banner en.png","jumpType":"0","jump_url":"https://exwebsvr.smartcloudcon.com/careProcloud/#/intelligentAlarm","lang":1,"resolution":"1080x375","width":1080}],"name":"日常","no_display_ad_people
09-20 07:23:33(8176686642803788326) PID_SA INFO: [Java_com_chinatelecom_smarthome_viewer_business_impl_NativeClient_writeLogToFile:118]I/CurlLogger: ":0,"no_display_user_reg_days":0,"page_name":"","rate_times":"0-23","rate_week":"1,2,3,4,5,6,7","reg_gt_date":"","req_ad_timeout":5,"rule_conf":"{\"pop_type\": 1, \"pop_value\": \"\"}","rule_update_times":2609200,"show_time_end":"","show_time_length":5,"show_time_start":"2026-06-18","show_time_type":1,"skip":1,"skip_type":0,"strategy_type":0}]},"desc":"Success"}
09-20 07:23:33(18982) PID_SA INFO: [Java_com_chinatelecom_smarthome_viewer_business_impl_NativeClient_writeLogToFile:118]AdList: AdvertisingResp(code=1000, data=DataBean(list=[ListBean(adId=B00378,adtype=2, adsource='zzy', adsourcecode='', show_time_end='', show_time_type=1, skip=1, skip_type=0, click=1, imglist=[Imglist(adId=,img_url='https://hmstatic-1311597033.cos.ap-nanjing.myqcloud.com/media/ads/1733283688209760000/en banner.png', width=1080, lang=1, resolution='1080x375', height=375, jump_url='https://exwebsvr.smartcloudcon.com/careProcloud/#/packages-new', jumpType='0', isDownload=false), Imglist(adId=,img_url='https://hmstatic-1311597033.cos.ap-nanjing.myqcloud.com/media/ads/1750666446275539862/banner en.png', width=1080, lang=1, resolution='1080x375', height=375, jump_url='https://exwebsvr.smartcloudcon.com/careProcloud/#/intelligentAlarm', jumpType='0', isDownload=false)], show_time_start='2026-06-18', show_time_length=5, rate_times='0-23', name='日常', rate_week='1,2,3,4,5,6,7', adId='378', click_url='', jumpType='', adcode='pro_Android_en_list_banner', req_ad_timeout=5, strategy_type=0, rule_conf='{"pop_type": 1, "pop_value": ""}', after_click_action='{"body": {"pkg_id": "", "group_id": "", "group_code": "", "is_user_no_pay": ""}, "type": 1}', rule_update_times=2609200,page_name=)]), desc=Success)
09-20 07:23:33(12970367459402992166) PID_SA INFO: [Java_com_chinatelecom_smarthome_viewer_business_impl_NativeClient_writeLogToFile:118]AdList: AdvertisingResp bean:ListBean(adId=B00378,adtype=2, adsource='zzy', adsourcecode='', show_time_end='', show_time_type=1, skip=1, skip_type=0, click=1, imglist=[Imglist(adId=,img_url='https://hmstatic-1311597033.cos.ap-nanjing.myqcloud.com/media/ads/1733283688209760000/en banner.png', width=1080, lang=1, resolution='1080x375', height=375, jump_url='https://exwebsvr.smartcloudcon.com/careProcloud/#/packages-new', jumpType='0', isDownload=false), Imglist(adId=,img_url='https://hmstatic-1311597033.cos.ap-nanjing.myqcloud.com/media/ads/1750666446275539862/banner en.png', width=1080, lang=1, resolution='1080x375', height=375, jump_url='https://exwebsvr.smartcloudcon.com/careProcloud/#/intelligentAlarm', jumpType='0', isDownload=false)], show_time_start='2026-06-18', show_time_length=5, rate_times='0-23', name='日常', rate_week='1,2,3,4,5,6,7', adId='378', click_url='', jumpType='', adcode='pro_Android_en_list_banner', req_ad_timeout=5, strategy_type=0, rule_conf='{"pop_type": 1, "pop_value": ""}', after_click_action='{"body": {"pkg_id": "", "group_id": "", "group_code": "", "is_user_no_pay": ""}, "type": 1}', rule_update_times=2609200,page_name=)
09-20 07:23:33(16325694678125095) PID_SA INFO: [Java_com_chinatelecom_smarthome_viewer_business_impl_NativeClient_writeLogToFile:118]I/CurlLogger: response:{"code":"1000","data":{"ext":{"buyed":"1","noThirdAd":0,"reg":"2024-04-09 16:36:37","useCache":0},"list":[]},"desc":"Success"}
09-20 07:23:33(18983) PID_SA INFO: [Java_com_chinatelecom_smarthome_viewer_business_impl_NativeClient_writeLogToFile:118]AdList: AdvertisingResp(code=1000, data=DataBean(list=[]), desc=Success)
09-20 07:23:33(536870928677) CMD_TASK INFO: [Cmd_ProcRecvNetMsg:5738]reqid 209 recv rsp content {"METHOD":"34BB","SEQID":"209","CODE":"0","BODY":{}}
09-20 07:23:33(16677) PID_SA INFO: [FUN_DEVICE_COMMON_RSP:1216]FUN_DEVICE_COMMON_RSP uiReqId:209, iErr:0
09-20 07:23:33(16678) MD_TASK INFO: [Md_ProcBussTaskStopStatus:2820]playid 202 sessionid 0 close ok
09-20 07:23:33(9231) PID_SA INFO: [Java_com_chinatelecom_smarthome_viewer_business_impl_NativeClient_writeLogToFile:118]I/AppLovinAdManager: showAdBanner==onAdLoadFailed==code:-1000,meg:Failed to connect to ms.applvn.com/0.0.0.0:443
09-20 07:23:33(9231) PID_SA INFO: [Java_com_chinatelecom_smarthome_viewer_business_impl_NativeClient_writeLogToFile:118]I/AppLovinAdManager: showAdBanner==onAdLoadFailed==code:-1000,meg:Failed to connect to ms.applvn.com/0.0.0.0:443
09-20 07:23:33(9231) PID_SA INFO: [Java_com_chinatelecom_smarthome_viewer_business_impl_NativeClient_writeLogToFile:118]I/AppLovinAdManager: showAdBanner==onAdLoadFailed==code:-1000,meg:Failed to connect to ms.applvn.com/0.0.0.0:443
09-20 07:23:34(9231) CMD_TASK INFO: [Cmd_GetPeerCurNetInfo:993]reqid 210 send GetPeerCurNetInfo msg {"METHOD":"3472","SEQID":"210","FROM":{"UserToken":"1600010140c3ad111p3g5jmo63upuvo5"},"TO":{"DID":"12000103c0537c93"}} to peer 12000103c0537c93, iret -1
09-20 07:23:34(545460855823) PID_SA INFO: [Java_com_chinatelecom_smarthome_viewer_business_impl_NativeCommand_getCurNetworkInfo:543]HM_GetNetworkInfoEx ret = -1 puiReqId = 210
09-20 07:23:34(9231) PID_SA INFO: [Java_com_chinatelecom_smarthome_viewer_business_impl_NativeClient_writeLogToFile:118]LiveVideoActivity11: errorCode = -1
09-20 07:23:34(12970367459402982415) PID_SA INFO: [Java_com_chinatelecom_smarthome_viewer_business_impl_NativeClient_writeLogToFile:118]BaseActivity: onPause==//activity is NewDeviceSettingActivity
09-20 07:23:34(12970367459402982415) PID_SA INFO: [Java_com_chinatelecom_smarthome_viewer_business_impl_NativeClient_writeLogToFile:118]BaseActivity: onPause==mIsShowAd:false//activity is NewDeviceSettingActivity
09-20 07:23:34(545460855823) PID_SA INFO: [Java_com_chinatelecom_smarthome_viewer_business_impl_NativeDevice_getPeerAppSetting:2953]get peer appsetting deviceId: 12000103c0537c93
09-20 07:23:34(9231) PID_SA INFO: [Java_com_chinatelecom_smarthome_viewer_business_impl_NativeDevice_getPeerAppSetting:2986]get peer appsetting result: [1] [1296] [2304] [0] [43200] [1]
09-20 07:23:34(4294976527) PID_SA INFO: [Java_com_chinatelecom_smarthome_viewer_business_impl_NativeDevice_getPeerAppSetting:2953]get peer appsetting deviceId: 12000103c0537c93
09-20 07:23:34(9231) PID_SA INFO: [Java_com_chinatelecom_smarthome_viewer_business_impl_NativeDevice_getPeerAppSetting:2986]get peer appsetting result: [1] [1296] [2304] [0] [43200] [1]
09-20 07:23:34(9231) PID_SA INFO: [Java_com_chinatelecom_smarthome_viewer_business_impl_NativeClient_writeLogToFile:118]I/DeviceAbilityTools: getRecordPropInfo prop:{"RecordLoop":"1","RecordFull":"0","StreamID":"0","Duration":"0"}
09-20 07:23:34(12970367459402982415) PID_SA INFO: [Java_com_chinatelecom_smarthome_viewer_business_impl_NativeClient_writeLogToFile:118]I/DeviceAbilityTools: getRecordPropInfo prop:true
09-20 07:23:34(9231) PID_SA INFO: [Java_com_chinatelecom_smarthome_viewer_business_impl_NativeClient_writeLogToFile:118]I/BaseActivity: onResume==mIsShowAd:false//activity is DeviceConfigSettingActivity
09-20 07:23:35(9231) PID_SA INFO: [Java_com_chinatelecom_smarthome_viewer_business_impl_NativeClient_writeLogToFile:118]BaseActivity: onSaveInstanceState==mIsShowAd:false//activity is NewDeviceSettingActivity
09-20 07:23:36(16705) PID_SA INFO: [Java_com_chinatelecom_smarthome_viewer_business_impl_NativeClient_writeLogToFile:118]I/awakeDevice: awakeDevice deviceId:12000103c0537c93
09-20 07:23:36(16705) CMD_TASK INFO: [Cmd_SetLowPowerDevAwake:7238]reqid 211 send msg {"METHOD":"34BA","SEQID":"211","FROM":{"UserToken":"1600010140c3ad111p3g5jmo63upuvo5"},"TO":{"DID":"12000103c0537c93"}} to peer 12000103c0537c93, iret 0 tickcnt 288144305
09-20 07:23:36(523986026817) PID_SA INFO: [Java_com_chinatelecom_smarthome_viewer_business_impl_NativeCommand_awakeDevice:1489]did:12000103c0537c93, ret:0
09-20 07:23:36(12970367459402989861) CMD_TASK INFO: [Cmd_ProcRecvNetMsg:5738]reqid 211 recv rsp content {"METHOD":"34BB","SEQID":"211","CODE":"0","BODY":{}}
09-20 07:23:36(16677) PID_SA INFO: [FUN_DEVICE_COMMON_RSP:1216]FUN_DEVICE_COMMON_RSP uiReqId:211, iErr:0
09-20 07:23:36(9231) CMD_TASK INFO: [Cmd_GetPeerCurNetInfo:993]reqid 212 send GetPeerCurNetInfo msg {"METHOD":"3472","SEQID":"212","FROM":{"UserToken":"1600010140c3ad111p3g5jmo63upuvo5"},"TO":{"DID":"12000103c0537c93"}} to peer 12000103c0537c93, iret -1
09-20 07:23:36(545460855823) PID_SA INFO: [Java_com_chinatelecom_smarthome_viewer_business_impl_NativeCommand_getCurNetworkInfo:543]HM_GetNetworkInfoEx ret = -1 puiReqId = 212
09-20 07:23:36(9231) PID_SA INFO: [Java_com_chinatelecom_smarthome_viewer_business_impl_NativeClient_writeLogToFile:118]LiveVideoActivity11: errorCode = -1
09-20 07:23:39(9231) PID_SA INFO: [Java_com_chinatelecom_smarthome_viewer_business_impl_NativeClient_writeLogToFile:118]I/BasicActivity: onKeyDown BasicActivity className:com.huiyun.care.viewer.setting.DeviceConfigSettingActivity
09-20 07:23:39(12970367459402982415) PID_SA INFO: [Java_com_chinatelecom_smarthome_viewer_business_impl_NativeClient_writeLogToFile:118]BaseActivity: onPause==//activity is DeviceConfigSettingActivity
09-20 07:23:39(12970367459402982415) PID_SA INFO: [Java_com_chinatelecom_smarthome_viewer_business_impl_NativeClient_writeLogToFile:118]BaseActivity: onPause==mIsShowAd:false//activity is DeviceConfigSettingActivity
09-20 07:23:39(9231) PID_SA INFO: [Java_com_chinatelecom_smarthome_viewer_business_impl_NativeClient_writeLogToFile:118]BaseActivity: onRestart==mIsShowAd:false//activity is NewDeviceSettingActivity
09-20 07:23:39(12970367459402982415) PID_SA INFO: [Java_com_chinatelecom_smarthome_viewer_business_impl_NativeClient_writeLogToFile:118]getInIoTProp: innerIoTBeanProp = {"PushFlag":"7","SMSFlag":"1","EmailFlag":"1","Interval":"300","EmailAddr":"","StartTime":"0","EndTime":"86400","SpanFlag":"0","Week":"127"}
09-20 07:23:39(545460855823) PID_SA INFO: [Java_com_chinatelecom_smarthome_viewer_business_impl_NativeClient_writeLogToFile:118]I/BaseActivity: onResume==mIsShowAd:false//activity is NewDeviceSettingActivity
09-20 07:23:39(9231) PID_SA INFO: [Java_com_chinatelecom_smarthome_viewer_business_impl_NativeClient_writeLogToFile:118]I/CloudChargeCardInfo: deviceId:12000103c0537c93,//chargeType:2,//chargeFlag:0
09-20 07:23:39(9231) PID_SA INFO: [Java_com_chinatelecom_smarthome_viewer_business_impl_NativeClient_writeLogToFile:118]I/CloudChargeCardInfo: deviceId:12000103c0537c93,//chargeType:1,//chargeFlag:0
09-20 07:23:39(9231) PID_SA INFO: [Java_com_chinatelecom_smarthome_viewer_business_impl_NativeClient_writeLogToFile:118]I/LowPowerHeart: deviceState = 1
09-20 07:23:39(9231) PID_SA INFO: [Java_com_chinatelecom_smarthome_viewer_business_impl_NativeClient_writeLogToFile:118]I/LowPowerHeart: 44lowPowerConsumption  startDeviceHeart //dId:12000103c0537c93//heartbeatStatus.isActive():true
09-20 07:23:39(9231) CMD_TASK INFO: [Cmd_CheckPeerDevVersion:4123]reqid 213 send msg {"METHOD":"3414","SEQID":"213","FROM":{"UserToken":"1600010140c3ad111p3g5jmo63upuvo5"},"TO":{"DID":"12000103c0537c93"}} to peer 12000103c0537c93, iret -1
09-20 07:23:39(9231) PID_SA INFO: [Java_com_chinatelecom_smarthome_viewer_business_impl_NativeClient_writeLogToFile:118]I/DeviceConfigSettingActivity: isNewDevice:true,updateModeEnum:0,isShowUpdate:false
09-20 07:23:39(16705) PID_SA INFO: [Java_com_chinatelecom_smarthome_viewer_business_impl_NativeClient_writeLogToFile:118]I/awakeDevice: awakeDevice deviceId:12000103c0537c93
09-20 07:23:39(16705) CMD_TASK INFO: [Cmd_SetLowPowerDevAwake:7238]reqid 214 send msg {"METHOD":"34BA","SEQID":"214","FROM":{"UserToken":"1600010140c3ad111p3g5jmo63upuvo5"},"TO":{"DID":"12000103c0537c93"}} to peer 12000103c0537c93, iret 0 tickcnt 288147306
09-20 07:23:39(523986026817) PID_SA INFO: [Java_com_chinatelecom_smarthome_viewer_business_impl_NativeCommand_awakeDevice:1489]did:12000103c0537c93, ret:0
09-20 07:23:39(12970367459402989861) CMD_TASK INFO: [Cmd_ProcRecvNetMsg:5738]reqid 214 recv rsp content {"METHOD":"34BB","SEQID":"214","CODE":"0","BODY":{}}
09-20 07:23:39(16677) PID_SA INFO: [FUN_DEVICE_COMMON_RSP:1216]FUN_DEVICE_COMMON_RSP uiReqId:214, iErr:0
09-20 07:23:39(523986019343) PID_SA INFO: [Java_com_chinatelecom_smarthome_viewer_business_impl_NativeClient_writeLogToFile:118]BaseActivity: onDestroy==mIsShowAd:false//activity is DeviceConfigSettingActivity
09-20 07:23:42(16707) PID_SA INFO: [Java_com_chinatelecom_smarthome_viewer_business_impl_NativeClient_writeLogToFile:118]I/awakeDevice: awakeDevice deviceId:12000103c0537c93
09-20 07:23:42(16707) CMD_TASK INFO: [Cmd_SetLowPowerDevAwake:7238]reqid 215 send msg {"METHOD":"34BA","SEQID":"215","FROM":{"UserToken":"1600010140c3ad111p3g5jmo63upuvo5"},"TO":{"DID":"12000103c0537c93"}} to peer 12000103c0537c93, iret 0 tickcnt 288150307
09-20 07:23:42(523986026819) PID_SA INFO: [Java_com_chinatelecom_smarthome_viewer_business_impl_NativeCommand_awakeDevice:1489]did:12000103c0537c93, ret:0
09-20 07:23:42(12970367459402982415) PID_SA INFO: [Java_com_chinatelecom_smarthome_viewer_business_impl_NativeClient_writeLogToFile:118]BaseActivity: onPause==//activity is NewDeviceSettingActivity
09-20 07:23:42(12970367459402982415) PID_SA INFO: [Java_com_chinatelecom_smarthome_viewer_business_impl_NativeClient_writeLogToFile:118]BaseActivity: onPause==mIsShowAd:false//activity is NewDeviceSettingActivity
09-20 07:23:42(9231) PID_SA INFO: [Java_com_chinatelecom_smarthome_viewer_business_impl_NativeClient_writeLogToFile:118]getInIoTProp: innerIoTBeanProp = {"PushFlag":"7","SMSFlag":"1","EmailFlag":"1","Interval":"300","EmailAddr":"","StartTime":"0","EndTime":"86400","SpanFlag":"0","Week":"127"}
09-20 07:23:42(9231) ZJ_TASK INFO: [ZJ_GetUsrSMSPackages:2539]ogct 216 get Usr SMS package iRet 0
09-20 07:23:42(12970367459402989861) CMD_TASK INFO: [Cmd_ProcRecvNetMsg:5738]reqid 215 recv rsp content {"METHOD":"34BB","SEQID":"215","CODE":"0","BODY":{}}
09-20 07:23:42(16677) PID_SA INFO: [FUN_DEVICE_COMMON_RSP:1216]FUN_DEVICE_COMMON_RSP uiReqId:215, iErr:0
09-20 07:23:42(16681) PID_SA INFO: [FUN_USERGETSMSPACKAGES_CB:1950]FUN_USERGETSMSPACKAGES_CB iTotal:0, iRemain:0, iErr:0
09-20 07:23:42(16681) ZJ_TASK INFO: [ZJ_ProcGetUsrSMSPackagesRsp:2523]ogct 216 recv rsp code 0
09-20 07:23:42(12970367459402982415) PID_SA INFO: [Java_com_chinatelecom_smarthome_viewer_business_impl_NativeClient_writeLogToFile:118]BaseActivity: onSaveInstanceState==mIsShowAd:false//activity is NewDeviceSettingActivity
09-20 07:23:43(523986026793) TRAS_TASK INFO: [TrasPeer_GetProxySvr:892]ogct 217 start get proxy for peerid 12000103c0537c93 Relay mode 0 gid 22000101413a31a9 iret 0
09-20 07:23:43(528280994081) cos INFO: [Cos_InetMgrProc:133]get host 43.156.202.252 ok ip 4241136683 passive 0
09-20 07:23:43(16681) cos INFO: [Cos_SocketOpen:377]socket<320> open ok
09-20 07:23:43(523986026793) TRAS_TASK INFO: [TrasP2PSlot_NewTcp:26]p2pslot creat tcp slot 0xb4000078648f9280 peer addr: 43.156.202.252:port:25006
09-20 07:23:43(523986026793) TRAS_TASK INFO: [TrasPeer_ParseGetProxySvrRsp:1228]ogct 217 recv rsp code 0 prxoy 43.156.202.252:25006 enctype 49
09-20 07:23:43(523986026793) TRAS_TASK INFO: [TrasP2PSlot_ProcTcpState:210]tcpslot 0xb4000078648f9280 send match req;turn to matching status
09-20 07:23:43(523986026795) TRAS_TASK INFO: [Tras_ParseP2PSlot_ProxyMatchRsp:353]peer 12000103c0537c93 Slot 0xb4000078648f9280 recv proxy match rsp
09-20 07:23:43(523986026793) TRAS_TASK INFO: [TrasP2PSlot_ProcTcpState:243]tcpslot 0xb4000078648f9280 send test req and turn to testing status
09-20 07:23:43(16681) TRAS_TASK INFO: [TrasP2PSlot_SetToUser:1052]tcpslot 0xb4000078648f9280 set bestest to peer 12000103c0537c93,old 0x0 udpflag 0 
09-20 07:23:43(523986026793) TRAS_TASK INFO: [TrasP2PSlot_ProcTcpState:282]tcpslot 0xb4000078648f9280 tested ok tickcnt 288151950
09-20 07:23:43(16681) cos INFO: [Cos_SocketClose:390]socket<149> closed
09-20 07:23:43(16681) cos INFO: [Cos_SocketOpen:377]socket<149> open ok
09-20 07:23:43(12970367455108022569) TRAS_TASK INFO: [TrasNat_CreatNatHole:622]creat new nat hole get local udp port 8181 socket type 0
09-20 07:23:43(16681) TRAS_TASK INFO: [TrasNat_CheckNat:226]send udp msg to server 129.227.231.210:30194 iret 72
09-20 07:23:43(70368744194345) TRAS_TASK INFO: [TrasPeer_ProcGetNetInfo:482]peer 12000103c0537c93 get natinf status 2
09-20 07:23:43(12970367455108022569) CFG_TASK INFO: [Cfg_SetPeerDevCanUseStatus:645]set device 12000103c0537c93 oldflag 0 group 22000101413a31a9 can use status 1
09-20 07:23:43(12970367455108022569) PID_SA INFO: [FUN_DEVICE_STATUS:1267]FUN_DEVICE_STATUS deviceId:12000103c0537c93, status:5
09-20 07:23:43(523986026793) nvr_cfg WARN: [cfg_OnPeerDeviceStatusChange:454]Ignonre 12000103c0537c93 status changed
09-20 07:23:43(536870921231) PID_SA INFO: [Java_com_chinatelecom_smarthome_viewer_business_impl_NativeClient_writeLogToFile:118]I/LowPowerHeart: onDeviceStateChange awakeDevice groupId:22000101413a31a9//deviceId:12000103c0537c93//status:5//StatusEnum:5//statusName:CANUSE
09-20 07:23:43(12970367455108022569) TRAS_TASK INFO: [TrasPeer_ProcStatusCbFlag:618]device 12000103c0537c93 slot can use
09-20 07:23:43(536870921231) PID_SA INFO: [Java_com_chinatelecom_smarthome_viewer_business_impl_NativeClient_writeLogToFile:118]I/y0: onDeviceStateChange groupId:22000101413a31a9,deviceId:12000103c0537c93,devicePresenceState:5   deviceType = CAMERA  awakeAbility:NOT_SUPPORT
09-20 07:23:43(545460855823) CMD_TASK INFO: [Cmd_GetPeerCurNetInfo:993]reqid 221 send GetPeerCurNetInfo msg {"METHOD":"3472","SEQID":"221","FROM":{"UserToken":"1600010140c3ad111p3g5jmo63upuvo5"},"TO":{"DID":"12000103c0537c93"}} to peer 12000103c0537c93, iret 0
09-20 07:23:43(545460855823) PID_SA INFO: [Java_com_chinatelecom_smarthome_viewer_business_impl_NativeCommand_getCurNetworkInfo:543]HM_GetNetworkInfoEx ret = 0 puiReqId = 221
09-20 07:23:43(536870928705) PID_SA INFO: [Java_com_chinatelecom_smarthome_viewer_business_impl_NativeClient_writeLogToFile:118]I/DeviceBean: getDeviceName:GateCameras
09-20 07:23:43(545460855823) CMD_TASK INFO: [Cmd_CheckPeerDevVersion:4123]reqid 222 send msg {"METHOD":"3414","SEQID":"222","FROM":{"UserToken":"1600010140c3ad111p3g5jmo63upuvo5"},"TO":{"DID":"12000103c0537c93"}} to peer 12000103c0537c93, iret 0
09-20 07:23:43(523986026793) TRAS_TASK INFO: [TrasBase_OnPortHoleUDPRecv:983]recv msg 32,27
09-20 07:23:43(16681) TRAS_TASK INFO: [Tras_ParseNatTestRsp:215]Recv Nat test rsp: {"METHOD":"201B","SEQID":"220","CODE":"0","BODY":{"NatIP":"183.83.229.60","Port":"10345"}}
09-20 07:23:43(16681) TRAS_TASK INFO: [TrasPeer_GetNetInfo:936]start  get peer 12000103c0537c93 nat inf req body {"METHOD":"201E","SEQID":"223","BODY":{"UPNPFlag":"1","UPNPIP":"10.116.167.132","UPNPPort":"15668","LocalIP":"192.168.1.50","LocalTCPPort":"15668","LocalUDPPort":"8181","NatType":"1","NatIP":"183.83.229.60","NatPort":"10345"}}
09-20 07:23:43(523986026793) TRAS_TASK INFO: [TrasPeer_ProcGetNetInfo:492]peer 12000103c0537c93 get natinf status 3
09-20 07:23:44(16677) CMD_TASK INFO: [Cmd_ProcRecvNetMsg:5738]reqid 221 recv rsp content {"CODE":"0","METHOD":"3473","SEQID":"221","FROM":{"DID":"12000103c0537c93"},"TO":{"UserToken":"1600010140c3ad111p3g5jmo63upuvo5"},"BODY":{"NetType":"2","Signal":"91","IPAddr":"192.168.1.192","MacAddr":"F0:A8:82:ED:40:9D","SSID":"ASUS_30_2G"}}
09-20 07:23:44(3763395501764919589) PID_SA INFO: [FUN_DEVICE_RSP_GET_NETWORK_INFO:2502]FUN_DEVICE_RSP_GET_NETWORK_INFO reqId:221, err:0, netType:2, signalType:0, sigStrength:91, ip:192.168.1.192, ssid:ASUS_30_2G
09-20 07:23:44(12970367459402982415) PID_SA INFO: [Java_com_chinatelecom_smarthome_viewer_business_impl_NativeClient_writeLogToFile:118]LiveVideoActivity11: networkBean = NetworkBean{netType=2, signalType=0, signalStrength=91, ipAddress='192.168.1.192', macAddress='F0:A8:82:ED:40:9D', wifiSSID='ASUS_30_2G', simCard='', netMask='', gateWay=''}
09-20 07:23:44(523986026793) cos INFO: [Cos_SocketAccept:455]socket<322> accepted
09-20 07:23:44(523986026793) TRAS_TASK INFO: [TrasP2PSlot_NewTcp:26]p2pslot creat tcp slot 0xb4000078648f9700 peer addr: 192.168.1.192:port:43658
09-20 07:23:44(523986026793) TRAS_TASK INFO: [TrasLocalLan_TCPAccept:433]tcpslot 0xb4000078648f9700 turn to connected for accept peer port 43658
09-20 07:23:44(523986026793) TRAS_TASK INFO: [TrasP2PSlot_ProcTcpState:230]tcpslot 0xb4000078648f9700 have peerid 0; slottype 0 send tcp req turn to testing status
09-20 07:23:44(523986026793) cos INFO: [Cos_SocketAccept:455]socket<323> accepted
09-20 07:23:44(523986026793) TRAS_TASK INFO: [TrasP2PSlot_NewTcp:26]p2pslot creat tcp slot 0xb4000078648f9580 peer addr: 192.168.1.1:port:53108
09-20 07:23:44(523986026793) TRAS_TASK INFO: [TrasLocalLan_TCPAccept:433]tcpslot 0xb4000078648f9580 turn to connected for accept peer port 53108
09-20 07:23:44(523986026793) TRAS_TASK INFO: [TrasP2PSlot_ProcTcpState:230]tcpslot 0xb4000078648f9580 have peerid 0; slottype 0 send tcp req turn to testing status
09-20 07:23:44(523986026795) TRAS_TASK INFO: [TrasP2PSlot_TCPSendLocalTCPRsp:711]send local rsp rsp {"METHOD":"3115","SEQID":"224","CODE":"0","BODY":{"OsType":"3"}} to peer 12000103c0537c93
09-20 07:23:44(16681) TRAS_TASK INFO: [TrasP2PSlot_SetToUser:1052]tcpslot 0xb4000078648f9700 set bestest to peer 12000103c0537c93,old 0xb4000078648f9280 udpflag 0 
09-20 07:23:44(523986026793) TRAS_TASK INFO: [TrasP2PSlot_ProcTcpState:282]tcpslot 0xb4000078648f9700 tested ok tickcnt 288152282
09-20 07:23:44(523986026793) TRAS_TASK INFO: [TrasP2PSlot_ProcTcpState:282]tcpslot 0xb4000078648f9580 tested ok tickcnt 288152282
09-20 07:23:44(16681) CFG_TASK INFO: [Cfg_SetPeerDevCanUseStatus:645]set device 12000103c0537c93 oldflag 0 group 22000101413a31a9 can use status 1
09-20 07:23:44(16681) PID_SA INFO: [FUN_DEVICE_STATUS:1267]FUN_DEVICE_STATUS deviceId:12000103c0537c93, status:5
09-20 07:23:44(523986026793) nvr_cfg WARN: [cfg_OnPeerDeviceStatusChange:454]Ignonre 12000103c0537c93 status changed
09-20 07:23:44(536870921231) PID_SA INFO: [Java_com_chinatelecom_smarthome_viewer_business_impl_NativeClient_writeLogToFile:118]I/LowPowerHeart: onDeviceStateChange awakeDevice groupId:22000101413a31a9//deviceId:12000103c0537c93//status:5//StatusEnum:5//statusName:CANUSE
09-20 07:23:44(545460855823) PID_SA INFO: [Java_com_chinatelecom_smarthome_viewer_business_impl_NativeClient_writeLogToFile:118]I/y0: onDeviceStateChange groupId:22000101413a31a9,deviceId:12000103c0537c93,devicePresenceState:5   deviceType = CAMERA  awakeAbility:NOT_SUPPORT
09-20 07:23:44(545460855823) CMD_TASK INFO: [Cmd_GetPeerCurNetInfo:993]reqid 226 send GetPeerCurNetInfo msg {"METHOD":"3472","SEQID":"226","FROM":{"UserToken":"1600010140c3ad111p3g5jmo63upuvo5"},"TO":{"DID":"12000103c0537c93"}} to peer 12000103c0537c93, iret 0
09-20 07:23:44(545460855823) PID_SA INFO: [Java_com_chinatelecom_smarthome_viewer_business_impl_NativeCommand_getCurNetworkInfo:543]HM_GetNetworkInfoEx ret = 0 puiReqId = 226
09-20 07:23:44(536870928705) PID_SA INFO: [Java_com_chinatelecom_smarthome_viewer_business_impl_NativeClient_writeLogToFile:118]I/DeviceBean: getDeviceName:GateCameras
09-20 07:23:44(523986026793) TRAS_TASK INFO: [TrasPeer_ProcStatusCbFlag:618]device 12000103c0537c93 slot can use
09-20 07:23:44(523986026793) TRAS_TASK INFO: [TrasPeer_ProcStatusCbFlag:673]device 12000103c0537c93 udpslot 0x0 p2p status 1, local NatType:1, ConeType:3, NetType:2
09-20 07:23:44(16677) CMD_TASK INFO: [Cmd_ProcRecvNetMsg:5738]reqid 222 recv rsp content {"CODE":"0","METHOD":"3415","SEQID":"222","FROM":{"DID":"12000103c0537c93"},"TO":{"UserToken":"1600010140c3ad111p3g5jmo63upuvo5"},"BODY":{"Version":"","UpdateFlag":"0"}}
09-20 07:23:44(16677) PID_SA INFO: [FUN_CHECKVERSION_RSP:2162]FUN_CHECKVERSION_RSP reqId:222, error:0, status:0, version:, descUrl:
09-20 07:23:44(9231) PID_SA INFO: [Java_com_chinatelecom_smarthome_viewer_business_impl_NativeClient_writeLogToFile:118]I/DeviceConfigSettingActivity: isNewDevice:true,updateModeEnum:0,isShowUpdate:true
09-20 07:23:44(523986026788) CFG_TASK INFO: [Cfg_ProcPeerDeviceCfg:3978]peer 12000103c0537c93 sync cfg by p2p
09-20 07:23:44(523986026795) TRAS_TASK INFO: [TrasPeer_SetNatInfo:289]set peer 12000103c0537c93 nat port 11359 socket type 0
09-20 07:23:44(16683) PID_SA INFO: [FUN_GETPEERNATTYPE:3524]FUN_GETPEERNATTYPE pucPeerId:12000103c0537c93, uiNatType:1
09-20 07:23:44(523986026795) TRAS_TASK INFO: [TrasPeer_SetLocalTCPPort:236]set peer 12000103c0537c93 lcoal tcp port 16668 socket type 0
09-20 07:23:44(16683) TRAS_TASK INFO: [TrasPeer_SetUdpLocalInfo:276]set peer 12000103c0537c93 lcoal udp port 7557 socket type 0
09-20 07:23:44(16683) TRAS_TASK INFO: [TrasPeer_ParseGetNetInfoRsp:1044]peer 12000103c0537c93 recv natinf rsp;nattype 1 lcoalip 192.168.1.192:16668,7557 natip 183.83.229.60:11359
09-20 07:23:44(16681) TRAS_TASK INFO: [TrasPeer_ProcGetNetInfo:512]peer 12000103c0537c93 get natinf status 4
09-20 07:23:44(16681) TRAS_TASK INFO: [TrasP2PSlot_NewUdp:48]udpslot creat ok 0xb4000078648f9880 socketfd 149
09-20 07:23:44(12970367455108022569) TRAS_TASK INFO: [TrasPeer_ProcSlotCreateUDP:695]device 12000103c0537c93 udpslot creat ok 0xb4000078648f9880
09-20 07:23:44(523986026793) TRAS_TASK INFO: [TrasPeer_ProcGetNetInfo:524]peer 12000103c0537c93 get natinf success
09-20 07:23:44(523986026793) TRAS_TASK INFO: [TrasPeer_SetUdpDstAddr:585]udpslot 0xb4000078648f9880 set peerid 12000103c0537c93 local port 7557
09-20 07:23:44(16681) TRAS_TASK INFO: [TrasP2PSlot_ProcUdpState:390]udpslot 0xb4000078648f9880 tutn to testing status
09-20 07:23:44(4294983977) TRAS_TASK INFO: [TrasPeer_ProcStatusCbFlag:673]device 12000103c0537c93 udpslot 0x0 p2p status 0, local NatType:1, ConeType:3, NetType:2
09-20 07:23:44(523986026793) TRAS_TASK INFO: [Tras_UdpSlotSendHoleReq:197]udpslot 0xb4000078648f9880 send hole req to peer 192.168.1.192 port 7557,nattype 0
09-20 07:23:44(16677) CMD_TASK INFO: [Cmd_ProcRecvNetMsg:5738]reqid 226 recv rsp content {"CODE":"0","METHOD":"3473","SEQID":"226","FROM":{"DID":"12000103c0537c93"},"TO":{"UserToken":"1600010140c3ad111p3g5jmo63upuvo5"},"BODY":{"NetType":"2","Signal":"91","IPAddr":"192.168.1.192","MacAddr":"F0:A8:82:ED:40:9D","SSID":"ASUS_30_2G"}}
09-20 07:23:44(3763395501764919589) PID_SA INFO: [FUN_DEVICE_RSP_GET_NETWORK_INFO:2502]FUN_DEVICE_RSP_GET_NETWORK_INFO reqId:226, err:0, netType:2, signalType:0, sigStrength:91, ip:192.168.1.192, ssid:ASUS_30_2G
09-20 07:23:44(545460855823) PID_SA INFO: [Java_com_chinatelecom_smarthome_viewer_business_impl_NativeClient_writeLogToFile:118]LiveVideoActivity11: networkBean = NetworkBean{netType=2, signalType=0, signalStrength=91, ipAddress='192.168.1.192', macAddress='F0:A8:82:ED:40:9D', wifiSSID='ASUS_30_2G', simCard='', netMask='', gateWay=''}
09-20 07:23:44(16676) PID_SA INFO: [FUN_DEVICE_CFG_STATUS:1249]FUN_DEVICE_CFG_STATUS pucDeviceId:12000103c0537c93, enDeviceCfgItem:0
09-20 07:23:44(489626280975) PID_SA INFO: [Java_com_chinatelecom_smarthome_viewer_business_impl_NativeClient_writeLogToFile:118]I/y0: onDeviceConfigUpdate  deviceId is =12000103c0537c93,,,,ALL
09-20 07:23:44(545460855823) PID_SA INFO: [Java_com_chinatelecom_smarthome_viewer_business_impl_NativeClient_writeLogToFile:118]DeviceManager: cache TF Card Info
09-20 07:23:44(545460855823) CMD_TASK INFO: [Cmd_GetPeerTfCardInf:830]reqid 248 send GetPeerTfCardInf msg {"METHOD":"344E","SEQID":"248","FROM":{"UserToken":"1600010140c3ad111p3g5jmo63upuvo5"},"TO":{"DID":"12000103c0537c93"}} to peer 12000103c0537c93, iret 0
09-20 07:23:44(545460855823) PID_SA INFO: [Java_com_chinatelecom_smarthome_viewer_business_impl_NativeCommand_getTFCardInfo:394]HM_GetSdCardInf ret = 0 puiReqId = 248
09-20 07:23:44(16677) CMD_TASK INFO: [Cmd_ProcRecvNetMsg:5738]reqid 248 recv rsp content {"CODE":"0","METHOD":"344F","SEQID":"248","FROM":{"DID":"12000103c0537c93"},"TO":{"UserToken":"1600010140c3ad111p3g5jmo63upuvo5"},"BODY":{"StorageAbility":"1","TotalSize":"0","FreeSize":"0","CardStatus":"2"}}
09-20 07:23:44(16677) PID_SA INFO: [FUN_DEVICE_RSP_GET_TFCARD_INFO:2342]FUN_DEVICE_RSP_GET_TFCARD_INFO uiReqId:248, uiTotalSize:0, uiRemainSize:0, iErr:2
09-20 07:23:44(12970367459402982415) PID_SA INFO: [Java_com_chinatelecom_smarthome_viewer_business_impl_NativeClient_writeLogToFile:118]DeviceManager: deviceId = 12000103c0537c93   get sdcard info errorCode = 2
09-20 07:23:45(523986026819) CMD_TASK INFO: [Cmd_GetPeerCurNetInfo:993]reqid 249 send GetPeerCurNetInfo msg {"METHOD":"3472","SEQID":"249","FROM":{"UserToken":"1600010140c3ad111p3g5jmo63upuvo5"},"TO":{"DID":"12000103c0537c93"}} to peer 12000103c0537c93, iret 0
09-20 07:23:45(523986026819) PID_SA INFO: [Java_com_chinatelecom_smarthome_viewer_business_impl_NativeCommand_getCurNetworkInfo:543]HM_GetNetworkInfoEx ret = 0 puiReqId = 249
09-20 07:23:45(16677) CMD_TASK INFO: [Cmd_ProcRecvNetMsg:5738]reqid 249 recv rsp content {"CODE":"0","METHOD":"3473","SEQID":"249","FROM":{"DID":"12000103c0537c93"},"TO":{"UserToken":"1600010140c3ad111p3g5jmo63upuvo5"},"BODY":{"NetType":"2","Signal":"88","IPAddr":"192.168.1.192","MacAddr":"F0:A8:82:ED:40:9D","SSID":"ASUS_30_2G"}}
09-20 07:23:45(3763395501764919589) PID_SA INFO: [FUN_DEVICE_RSP_GET_NETWORK_INFO:2502]FUN_DEVICE_RSP_GET_NETWORK_INFO reqId:249, err:0, netType:2, signalType:0, sigStrength:88, ip:192.168.1.192, ssid:ASUS_30_2G
09-20 07:23:46(523986026793) TRAS_TASK INFO: [Tras_UdpSlotSendHoleReq:197]udpslot 0xb4000078648f9880 send hole req to peer 192.168.1.192 port 7557,nattype 0
09-20 07:23:46(9231) PID_SA INFO: [Java_com_chinatelecom_smarthome_viewer_business_impl_NativeClient_writeLogToFile:118]I/BasicActivity: onKeyDown BasicActivity className:com.huiyun.hubiotmodule.camera_device.setting.messageRemind.MessageRemindActivity
09-20 07:23:46(9231) PID_SA INFO: [Java_com_chinatelecom_smarthome_viewer_business_impl_NativeClient_writeLogToFile:118]BaseActivity: onRestart==mIsShowAd:false//activity is NewDeviceSettingActivity
09-20 07:23:46(9231) PID_SA INFO: [Java_com_chinatelecom_smarthome_viewer_business_impl_NativeClient_writeLogToFile:118]getInIoTProp: innerIoTBeanProp = {"PushFlag":"7","SMSFlag":"1","EmailFlag":"1","Interval":"300","EmailAddr":"","StartTime":"0","EndTime":"86400","SpanFlag":"0","Week":"127"}
09-20 07:23:46(545460855823) PID_SA INFO: [Java_com_chinatelecom_smarthome_viewer_business_impl_NativeClient_writeLogToFile:118]I/BaseActivity: onResume==mIsShowAd:false//activity is NewDeviceSettingActivity
09-20 07:23:46(9231) PID_SA INFO: [Java_com_chinatelecom_smarthome_viewer_business_impl_NativeClient_writeLogToFile:118]I/CloudChargeCardInfo: deviceId:12000103c0537c93,//chargeType:2,//chargeFlag:0
09-20 07:23:46(9231) PID_SA INFO: [Java_com_chinatelecom_smarthome_viewer_business_impl_NativeClient_writeLogToFile:118]I/CloudChargeCardInfo: deviceId:12000103c0537c93,//chargeType:1,//chargeFlag:0
09-20 07:23:46(9231) PID_SA INFO: [Java_com_chinatelecom_smarthome_viewer_business_impl_NativeClient_writeLogToFile:118]I/LowPowerHeart: deviceState = 5
09-20 07:23:46(545460855823) PID_SA INFO: [Java_com_chinatelecom_smarthome_viewer_business_impl_NativeClient_writeLogToFile:118]I/LowPowerHeart: 44lowPowerConsumption  startDeviceHeart //dId:12000103c0537c93//heartbeatStatus.isActive():true
09-20 07:23:46(545460855823) CMD_TASK INFO: [Cmd_CheckPeerDevVersion:4123]reqid 251 send msg {"METHOD":"3414","SEQID":"251","FROM":{"UserToken":"1600010140c3ad111p3g5jmo63upuvo5"},"TO":{"DID":"12000103c0537c93"}} to peer 12000103c0537c93, iret 0
09-20 07:23:47(16677) CMD_TASK INFO: [Cmd_ProcRecvNetMsg:5738]reqid 251 recv rsp content {"CODE":"0","METHOD":"3415","SEQID":"251","FROM":{"DID":"12000103c0537c93"},"TO":{"UserToken":"1600010140c3ad111p3g5jmo63upuvo5"},"BODY":{"Version":"","UpdateFlag":"0"}}
09-20 07:23:47(16677) PID_SA INFO: [FUN_CHECKVERSION_RSP:2162]FUN_CHECKVERSION_RSP reqId:251, error:0, status:0, version:, descUrl:
09-20 07:23:47(9231) PID_SA INFO: [Java_com_chinatelecom_smarthome_viewer_business_impl_NativeClient_writeLogToFile:118]I/DeviceConfigSettingActivity: isNewDevice:true,updateModeEnum:0,isShowUpdate:true
09-20 07:23:47(523986026793) TRAS_TASK INFO: [TrasP2PSlot_ProcUdpState:398]udpslot 0xb4000078648f9880 tutn testing to tested status
09-20 07:23:47(523986026793) TRAS_TASK INFO: [TrasP2PSlot_ProcUdpState:459]udpslot 0xb4000078648f9880 turn tested to proc status peer 192.168.1.192:7557
09-20 07:23:47(16681) TRAS_TASK INFO: [TrasPeer_SendP2PStatus:516]ogct 253 send msg {"METHOD":"3388","SEQID":"253","BODY":{"P2PStatus":"1","P2PType":"3","PeerNatType":"1","LocalNatType":"1","DID":"12000103c0537c93"}} to server 8
09-20 07:23:47(16681) PID_SA INFO: [FUN_DEVICEP2PRESULT_CB:2936]FUN_DEVICEP2PRESULT_CB did:12000103c0537c93, p2pFlag:1, localNatType:1, peerNatType:1
09-20 07:23:47(16681) TRAS_TASK INFO: [TrasPeer_ProcStatusCbFlag:673]device 12000103c0537c93 udpslot 0xb4000078648f9880 p2p status 1, local NatType:1, ConeType:3, NetType:2
09-20 07:23:48(523986026819) CMD_TASK INFO: [Cmd_GetPeerCurNetInfo:993]reqid 254 send GetPeerCurNetInfo msg {"METHOD":"3472","SEQID":"254","FROM":{"UserToken":"1600010140c3ad111p3g5jmo63upuvo5"},"TO":{"DID":"12000103c0537c93"}} to peer 12000103c0537c93, iret 0
09-20 07:23:48(523986026819) PID_SA INFO: [Java_com_chinatelecom_smarthome_viewer_business_impl_NativeCommand_getCurNetworkInfo:543]HM_GetNetworkInfoEx ret = 0 puiReqId = 254
09-20 07:23:48(16677) CMD_TASK INFO: [Cmd_ProcRecvNetMsg:5738]reqid 254 recv rsp content {"CODE":"0","METHOD":"3473","SEQID":"254","FROM":{"DID":"12000103c0537c93"},"TO":{"UserToken":"1600010140c3ad111p3g5jmo63upuvo5"},"BODY":{"NetType":"2","Signal":"91","IPAddr":"192.168.1.192","MacAddr":"F0:A8:82:ED:40:9D","SSID":"ASUS_30_2G"}}
09-20 07:23:48(3763395501764919589) PID_SA INFO: [FUN_DEVICE_RSP_GET_NETWORK_INFO:2502]FUN_DEVICE_RSP_GET_NETWORK_INFO reqId:254, err:0, netType:2, signalType:0, sigStrength:91, ip:192.168.1.192, ssid:ASUS_30_2G
09-20 07:23:49(12970367459402982415) PID_SA INFO: [Java_com_chinatelecom_smarthome_viewer_business_impl_NativeClient_writeLogToFile:118]BaseActivity: onPause==//activity is NewDeviceSettingActivity
09-20 07:23:49(12970367459402982415) PID_SA INFO: [Java_com_chinatelecom_smarthome_viewer_business_impl_NativeClient_writeLogToFile:118]BaseActivity: onPause==mIsShowAd:false//activity is NewDeviceSettingActivity
09-20 07:23:49(9231) PID_SA INFO: [Java_com_chinatelecom_smarthome_viewer_business_impl_NativeClient_writeLogToFile:118]getInIoTProp: innerIoTBeanProp = {"PushFlag":"7","SMSFlag":"1","EmailFlag":"1","Interval":"300","EmailAddr":"","StartTime":"0","EndTime":"86400","SpanFlag":"0","Week":"127"}
09-20 07:23:49(9231) PID_SA INFO: [Java_com_chinatelecom_smarthome_viewer_business_impl_NativeClient_writeLogToFile:118]BaseActivity: onSaveInstanceState==mIsShowAd:false//activity is NewDeviceSettingActivity
09-20 07:23:51(523986026819) CMD_TASK INFO: [Cmd_GetPeerCurNetInfo:993]reqid 255 send GetPeerCurNetInfo msg {"METHOD":"3472","SEQID":"255","FROM":{"UserToken":"1600010140c3ad111p3g5jmo63upuvo5"},"TO":{"DID":"12000103c0537c93"}} to peer 12000103c0537c93, iret 0
09-20 07:23:51(523986026819) PID_SA INFO: [Java_com_chinatelecom_smarthome_viewer_business_impl_NativeCommand_getCurNetworkInfo:543]HM_GetNetworkInfoEx ret = 0 puiReqId = 255
09-20 07:23:51(16677) CMD_TASK INFO: [Cmd_ProcRecvNetMsg:5738]reqid 255 recv rsp content {"CODE":"0","METHOD":"3473","SEQID":"255","FROM":{"DID":"12000103c0537c93"},"TO":{"UserToken":"1600010140c3ad111p3g5jmo63upuvo5"},"BODY":{"NetType":"2","Signal":"91","IPAddr":"192.168.1.192","MacAddr":"F0:A8:82:ED:40:9D","SSID":"ASUS_30_2G"}}
09-20 07:23:51(3763395501764919589) PID_SA INFO: [FUN_DEVICE_RSP_GET_NETWORK_INFO:2502]FUN_DEVICE_RSP_GET_NETWORK_INFO reqId:255, err:0, netType:2, signalType:0, sigStrength:91, ip:192.168.1.192, ssid:ASUS_30_2G
09-20 07:23:54(523986026817) CMD_TASK INFO: [Cmd_GetPeerCurNetInfo:993]reqid 256 send GetPeerCurNetInfo msg {"METHOD":"3472","SEQID":"256","FROM":{"UserToken":"1600010140c3ad111p3g5jmo63upuvo5"},"TO":{"DID":"12000103c0537c93"}} to peer 12000103c0537c93, iret 0
09-20 07:23:54(523986026817) PID_SA INFO: [Java_com_chinatelecom_smarthome_viewer_business_impl_NativeCommand_getCurNetworkInfo:543]HM_GetNetworkInfoEx ret = 0 puiReqId = 256
09-20 07:23:54(16677) CMD_TASK INFO: [Cmd_ProcRecvNetMsg:5738]reqid 256 recv rsp content {"CODE":"0","METHOD":"3473","SEQID":"256","FROM":{"DID":"12000103c0537c93"},"TO":{"UserToken":"1600010140c3ad111p3g5jmo63upuvo5"},"BODY":{"NetType":"2","Signal":"91","IPAddr":"192.168.1.192","MacAddr":"F0:A8:82:ED:40:9D","SSID":"ASUS_30_2G"}}
09-20 07:23:54(3763395501764919589) PID_SA INFO: [FUN_DEVICE_RSP_GET_NETWORK_INFO:2502]FUN_DEVICE_RSP_GET_NETWORK_INFO reqId:256, err:0, netType:2, signalType:0, sigStrength:91, ip:192.168.1.192, ssid:ASUS_30_2G
09-20 07:23:55(9231) PID_SA INFO: [Java_com_chinatelecom_smarthome_viewer_business_impl_NativeClient_writeLogToFile:118]I/BasicActivity: onKeyDown BasicActivity className:com.huiyun.hubiotmodule.camera_device.setting.alertSetting.CameraAlertSettingActivity
09-20 07:23:55(9231) PID_SA INFO: [Java_com_chinatelecom_smarthome_viewer_business_impl_NativeClient_writeLogToFile:118]BaseActivity: onRestart==mIsShowAd:false//activity is NewDeviceSettingActivity
09-20 07:23:55(9231) PID_SA INFO: [Java_com_chinatelecom_smarthome_viewer_business_impl_NativeClient_writeLogToFile:118]getInIoTProp: innerIoTBeanProp = {"PushFlag":"7","SMSFlag":"1","EmailFlag":"1","Interval":"300","EmailAddr":"","StartTime":"0","EndTime":"86400","SpanFlag":"0","Week":"127"}
09-20 07:23:55(545460855823) PID_SA INFO: [Java_com_chinatelecom_smarthome_viewer_business_impl_NativeClient_writeLogToFile:118]I/BaseActivity: onResume==mIsShowAd:false//activity is NewDeviceSettingActivity
09-20 07:23:55(9231) PID_SA INFO: [Java_com_chinatelecom_smarthome_viewer_business_impl_NativeClient_writeLogToFile:118]I/CloudChargeCardInfo: deviceId:12000103c0537c93,//chargeType:2,//chargeFlag:0
09-20 07:23:55(9231) PID_SA INFO: [Java_com_chinatelecom_smarthome_viewer_business_impl_NativeClient_writeLogToFile:118]I/CloudChargeCardInfo: deviceId:12000103c0537c93,//chargeType:1,//chargeFlag:0
09-20 07:23:55(9231) PID_SA INFO: [Java_com_chinatelecom_smarthome_viewer_business_impl_NativeClient_writeLogToFile:118]I/LowPowerHeart: deviceState = 5
09-20 07:23:55(545460855823) PID_SA INFO: [Java_com_chinatelecom_smarthome_viewer_business_impl_NativeClient_writeLogToFile:118]I/LowPowerHeart: 44lowPowerConsumption  startDeviceHeart //dId:12000103c0537c93//heartbeatStatus.isActive():true
09-20 07:23:55(545460855823) CMD_TASK INFO: [Cmd_CheckPeerDevVersion:4123]reqid 257 send msg {"METHOD":"3414","SEQID":"257","FROM":{"UserToken":"1600010140c3ad111p3g5jmo63upuvo5"},"TO":{"DID":"12000103c0537c93"}} to peer 12000103c0537c93, iret 0
09-20 07:23:56(16677) CMD_TASK INFO: [Cmd_ProcRecvNetMsg:5738]reqid 257 recv rsp content {"CODE":"0","METHOD":"3415","SEQID":"257","FROM":{"DID":"12000103c0537c93"},"TO":{"UserToken":"1600010140c3ad111p3g5jmo63upuvo5"},"BODY":{"Version":"","UpdateFlag":"0"}}
09-20 07:23:56(16677) PID_SA INFO: [FUN_CHECKVERSION_RSP:2162]FUN_CHECKVERSION_RSP reqId:257, error:0, status:0, version:, descUrl:
09-20 07:23:56(9231) PID_SA INFO: [Java_com_chinatelecom_smarthome_viewer_business_impl_NativeClient_writeLogToFile:118]I/DeviceConfigSettingActivity: isNewDevice:true,updateModeEnum:0,isShowUpdate:true
09-20 07:23:57(523986026819) CMD_TASK INFO: [Cmd_GetPeerCurNetInfo:993]reqid 258 send GetPeerCurNetInfo msg {"METHOD":"3472","SEQID":"258","FROM":{"UserToken":"1600010140c3ad111p3g5jmo63upuvo5"},"TO":{"DID":"12000103c0537c93"}} to peer 12000103c0537c93, iret 0
09-20 07:23:57(523986026819) PID_SA INFO: [Java_com_chinatelecom_smarthome_viewer_business_impl_NativeCommand_getCurNetworkInfo:543]HM_GetNetworkInfoEx ret = 0 puiReqId = 258
09-20 07:23:57(16677) CMD_TASK INFO: [Cmd_ProcRecvNetMsg:5738]reqid 258 recv rsp content {"CODE":"0","METHOD":"3473","SEQID":"258","FROM":{"DID":"12000103c0537c93"},"TO":{"UserToken":"1600010140c3ad111p3g5jmo63upuvo5"},"BODY":{"NetType":"2","Signal":"91","IPAddr":"192.168.1.192","MacAddr":"F0:A8:82:ED:40:9D","SSID":"ASUS_30_2G"}}
09-20 07:23:57(3763395501764919589) PID_SA INFO: [FUN_DEVICE_RSP_GET_NETWORK_INFO:2502]FUN_DEVICE_RSP_GET_NETWORK_INFO reqId:258, err:0, netType:2, signalType:0, sigStrength:91, ip:192.168.1.192, ssid:ASUS_30_2G
09-20 07:23:58(12970367459402982415) PID_SA INFO: [Java_com_chinatelecom_smarthome_viewer_business_impl_NativeClient_writeLogToFile:118]BaseActivity: onPause==//activity is NewDeviceSettingActivity
09-20 07:23:58(12970367459402982415) PID_SA INFO: [Java_com_chinatelecom_smarthome_viewer_business_impl_NativeClient_writeLogToFile:118]BaseActivity: onPause==mIsShowAd:false//activity is NewDeviceSettingActivity
09-20 07:23:58(545460855823) PID_SA INFO: [Java_com_chinatelecom_smarthome_viewer_business_impl_NativeClient_writeLogToFile:118]I/BaseActivity: onResume==mIsShowAd:false//activity is ShareDeviceMainActivity
09-20 07:23:58(9231) PID_SA INFO: [Java_com_chinatelecom_smarthome_viewer_business_impl_NativeClient_writeLogToFile:118]BaseActivity: onSaveInstanceState==mIsShowAd:false//activity is NewDeviceSettingActivity
09-20 07:24:00(523986026819) CMD_TASK INFO: [Cmd_GetPeerCurNetInfo:993]reqid 259 send GetPeerCurNetInfo msg {"METHOD":"3472","SEQID":"259","FROM":{"UserToken":"1600010140c3ad111p3g5jmo63upuvo5"},"TO":{"DID":"12000103c0537c93"}} to peer 12000103c0537c93, iret 0
09-20 07:24:00(523986026819) PID_SA INFO: [Java_com_chinatelecom_smarthome_viewer_business_impl_NativeCommand_getCurNetworkInfo:543]HM_GetNetworkInfoEx ret = 0 puiReqId = 259
09-20 07:24:00(16677) CMD_TASK INFO: [Cmd_ProcRecvNetMsg:5738]reqid 259 recv rsp content {"CODE":"0","METHOD":"3473","SEQID":"259","FROM":{"DID":"12000103c0537c93"},"TO":{"UserToken":"1600010140c3ad111p3g5jmo63upuvo5"},"BODY":{"NetType":"2","Signal":"91","IPAddr":"192.168.1.192","MacAddr":"F0:A8:82:ED:40:9D","SSID":"ASUS_30_2G"}}
09-20 07:24:00(3763395501764919589) PID_SA INFO: [FUN_DEVICE_RSP_GET_NETWORK_INFO:2502]FUN_DEVICE_RSP_GET_NETWORK_INFO reqId:259, err:0, netType:2, signalType:0, sigStrength:91, ip:192.168.1.192, ssid:ASUS_30_2G
09-20 07:24:00(9231) PID_SA INFO: [Java_com_chinatelecom_smarthome_viewer_business_impl_NativeClient_writeLogToFile:118]I/BasicActivity: onKeyDown BasicActivity className:com.huiyun.care.viewer.share.ShareDeviceMainActivity
09-20 07:24:00(12970367459402982415) PID_SA INFO: [Java_com_chinatelecom_smarthome_viewer_business_impl_NativeClient_writeLogToFile:118]BaseActivity: onPause==//activity is ShareDeviceMainActivity
09-20 07:24:00(12970367459402982415) PID_SA INFO: [Java_com_chinatelecom_smarthome_viewer_business_impl_NativeClient_writeLogToFile:118]BaseActivity: onPause==mIsShowAd:false//activity is ShareDeviceMainActivity
09-20 07:24:00(9231) PID_SA INFO: [Java_com_chinatelecom_smarthome_viewer_business_impl_NativeClient_writeLogToFile:118]BaseActivity: onRestart==mIsShowAd:false//activity is NewDeviceSettingActivity
09-20 07:24:00(9231) PID_SA INFO: [Java_com_chinatelecom_smarthome_viewer_business_impl_NativeClient_writeLogToFile:118]getInIoTProp: innerIoTBeanProp = {"PushFlag":"7","SMSFlag":"1","EmailFlag":"1","Interval":"300","EmailAddr":"","StartTime":"0","EndTime":"86400","SpanFlag":"0","Week":"127"}
09-20 07:24:00(545460855823) PID_SA INFO: [Java_com_chinatelecom_smarthome_viewer_business_impl_NativeClient_writeLogToFile:118]I/BaseActivity: onResume==mIsShowAd:false//activity is NewDeviceSettingActivity
09-20 07:24:00(9231) PID_SA INFO: [Java_com_chinatelecom_smarthome_viewer_business_impl_NativeClient_writeLogToFile:118]I/CloudChargeCardInfo: deviceId:12000103c0537c93,//chargeType:2,//chargeFlag:0
09-20 07:24:00(9231) PID_SA INFO: [Java_com_chinatelecom_smarthome_viewer_business_impl_NativeClient_writeLogToFile:118]I/CloudChargeCardInfo: deviceId:12000103c0537c93,//chargeType:1,//chargeFlag:0
09-20 07:24:00(9231) PID_SA INFO: [Java_com_chinatelecom_smarthome_viewer_business_impl_NativeClient_writeLogToFile:118]I/LowPowerHeart: deviceState = 5
09-20 07:24:00(545460855823) PID_SA INFO: [Java_com_chinatelecom_smarthome_viewer_business_impl_NativeClient_writeLogToFile:118]I/LowPowerHeart: 44lowPowerConsumption  startDeviceHeart //dId:12000103c0537c93//heartbeatStatus.isActive():true
09-20 07:24:00(545460855823) CMD_TASK INFO: [Cmd_CheckPeerDevVersion:4123]reqid 260 send msg {"METHOD":"3414","SEQID":"260","FROM":{"UserToken":"1600010140c3ad111p3g5jmo63upuvo5"},"TO":{"DID":"12000103c0537c93"}} to peer 12000103c0537c93, iret 0
09-20 07:24:00(523986019343) PID_SA INFO: [Java_com_chinatelecom_smarthome_viewer_business_impl_NativeClient_writeLogToFile:118]BaseActivity: onDestroy==mIsShowAd:false//activity is ShareDeviceMainActivity
09-20 07:24:01(16677) CMD_TASK INFO: [Cmd_ProcRecvNetMsg:5738]reqid 260 recv rsp content {"CODE":"0","METHOD":"3415","SEQID":"260","FROM":{"DID":"12000103c0537c93"},"TO":{"UserToken":"1600010140c3ad111p3g5jmo63upuvo5"},"BODY":{"Version":"","UpdateFlag":"0"}}
09-20 07:24:01(16677) PID_SA INFO: [FUN_CHECKVERSION_RSP:2162]FUN_CHECKVERSION_RSP reqId:260, error:0, status:0, version:, descUrl:
09-20 07:24:01(9231) PID_SA INFO: [Java_com_chinatelecom_smarthome_viewer_business_impl_NativeClient_writeLogToFile:118]I/ShareDeviceMainActivity: isNewDevice:true,updateModeEnum:0,isShowUpdate:true
09-20 07:24:03(523986026817) CMD_TASK INFO: [Cmd_GetPeerCurNetInfo:993]reqid 261 send GetPeerCurNetInfo msg {"METHOD":"3472","SEQID":"261","FROM":{"UserToken":"1600010140c3ad111p3g5jmo63upuvo5"},"TO":{"DID":"12000103c0537c93"}} to peer 12000103c0537c93, iret 0
09-20 07:24:03(523986026817) PID_SA INFO: [Java_com_chinatelecom_smarthome_viewer_business_impl_NativeCommand_getCurNetworkInfo:543]HM_GetNetworkInfoEx ret = 0 puiReqId = 261
09-20 07:24:03(16677) CMD_TASK INFO: [Cmd_ProcRecvNetMsg:5738]reqid 261 recv rsp content {"CODE":"0","METHOD":"3473","SEQID":"261","FROM":{"DID":"12000103c0537c93"},"TO":{"UserToken":"1600010140c3ad111p3g5jmo63upuvo5"},"BODY":{"NetType":"2","Signal":"91","IPAddr":"192.168.1.192","MacAddr":"F0:A8:82:ED:40:9D","SSID":"ASUS_30_2G"}}
09-20 07:24:03(3763395501764919589) PID_SA INFO: [FUN_DEVICE_RSP_GET_NETWORK_INFO:2502]FUN_DEVICE_RSP_GET_NETWORK_INFO reqId:261, err:0, netType:2, signalType:0, sigStrength:91, ip:192.168.1.192, ssid:ASUS_30_2G
09-20 07:24:04(12970367459402982415) PID_SA INFO: [Java_com_chinatelecom_smarthome_viewer_business_impl_NativeClient_writeLogToFile:118]BaseActivity: onPause==//activity is NewDeviceSettingActivity
09-20 07:24:04(12970367459402982415) PID_SA INFO: [Java_com_chinatelecom_smarthome_viewer_business_impl_NativeClient_writeLogToFile:118]BaseActivity: onPause==mIsShowAd:false//activity is NewDeviceSettingActivity
09-20 07:24:04(9231) PID_SA INFO: [Java_com_chinatelecom_smarthome_viewer_business_impl_NativeClient_writeLogToFile:118]BaseActivity: onSaveInstanceState==mIsShowAd:false//activity is NewDeviceSettingActivity
09-20 07:24:05(9231) PID_SA INFO: [Java_com_chinatelecom_smarthome_viewer_business_impl_NativeClient_writeLogToFile:118]I/AppLovinAdManager: showAdBanner==onAdLoadFailed==code:-1000,meg:Failed to connect to ms.applvn.com/0.0.0.0:443
09-20 07:24:05(9231) PID_SA INFO: [Java_com_chinatelecom_smarthome_viewer_business_impl_NativeClient_writeLogToFile:118]I/AppLovinAdManager: showAdBanner==onAdLoadFailed==code:-1000,meg:Failed to connect to ms.applvn.com/0.0.0.0:443
09-20 07:24:05(9231) PID_SA INFO: [Java_com_chinatelecom_smarthome_viewer_business_impl_NativeClient_writeLogToFile:118]I/AppLovinAdManager: showAdBanner==onAdLoadFailed==code:-1000,meg:Failed to connect to ms.applvn.com/0.0.0.0:443
09-20 07:24:06(528280994012) CMD_TASK INFO: [Cmd_GetPeerCurNetInfo:993]reqid 262 send GetPeerCurNetInfo msg {"METHOD":"3472","SEQID":"262","FROM":{"UserToken":"1600010140c3ad111p3g5jmo63upuvo5"},"TO":{"DID":"12000103c0537c93"}} to peer 12000103c0537c93, iret 0
09-20 07:24:06(528280994012) PID_SA INFO: [Java_com_chinatelecom_smarthome_viewer_business_impl_NativeCommand_getCurNetworkInfo:543]HM_GetNetworkInfoEx ret = 0 puiReqId = 262
09-20 07:24:06(16677) CMD_TASK INFO: [Cmd_ProcRecvNetMsg:5738]reqid 262 recv rsp content {"CODE":"0","METHOD":"3473","SEQID":"262","FROM":{"DID":"12000103c0537c93"},"TO":{"UserToken":"1600010140c3ad111p3g5jmo63upuvo5"},"BODY":{"NetType":"2","Signal":"91","IPAddr":"192.168.1.192","MacAddr":"F0:A8:82:ED:40:9D","SSID":"ASUS_30_2G"}}
09-20 07:24:06(3763395501764919589) PID_SA INFO: [FUN_DEVICE_RSP_GET_NETWORK_INFO:2502]FUN_DEVICE_RSP_GET_NETWORK_INFO reqId:262, err:0, netType:2, signalType:0, sigStrength:91, ip:192.168.1.192, ssid:ASUS_30_2G
09-20 07:24:06(9231) PID_SA INFO: [Java_com_chinatelecom_smarthome_viewer_business_impl_NativeClient_writeLogToFile:118]I/LowPowerHeart: deviceState = 5
09-20 07:24:06(9231) PID_SA INFO: [Java_com_chinatelecom_smarthome_viewer_business_impl_NativeClient_writeLogToFile:118]I/LowPowerHeart: 11lowPowerConsumption  startDeviceHeart duration:0//interval:5000//dId:12000103c0537c93
09-20 07:24:06(545460855823) CMD_TASK INFO: [Cmd_GetPeerCurNetInfo:993]reqid 263 send GetPeerCurNetInfo msg {"METHOD":"3472","SEQID":"263","FROM":{"UserToken":"1600010140c3ad111p3g5jmo63upuvo5"},"TO":{"DID":"12000103c0537c93"}} to peer 12000103c0537c93, iret 0
09-20 07:24:06(545460855823) PID_SA INFO: [Java_com_chinatelecom_smarthome_viewer_business_impl_NativeCommand_getCurNetworkInfo:543]HM_GetNetworkInfoEx ret = 0 puiReqId = 263
09-20 07:24:06(545460855823) PID_SA INFO: [Java_com_chinatelecom_smarthome_viewer_business_impl_NativeClient_writeLogToFile:118]I/BaseActivity: onResume==mIsShowAd:false//activity is NetWorkInfoActivity
09-20 07:24:06(16677) CMD_TASK INFO: [Cmd_ProcRecvNetMsg:5738]reqid 263 recv rsp content {"CODE":"0","METHOD":"3473","SEQID":"263","FROM":{"DID":"12000103c0537c93"},"TO":{"UserToken":"1600010140c3ad111p3g5jmo63upuvo5"},"BODY":{"NetType":"2","Signal":"91","IPAddr":"192.168.1.192","MacAddr":"F0:A8:82:ED:40:9D","SSID":"ASUS_30_2G"}}
09-20 07:24:06(3763395501764919589) PID_SA INFO: [FUN_DEVICE_RSP_GET_NETWORK_INFO:2502]FUN_DEVICE_RSP_GET_NETWORK_INFO reqId:263, err:0, netType:2, signalType:0, sigStrength:91, ip:192.168.1.192, ssid:ASUS_30_2G
09-20 07:24:09(9231) PID_SA INFO: [Java_com_chinatelecom_smarthome_viewer_business_impl_NativeClient_writeLogToFile:118]I/BasicActivity: onKeyDown BasicActivity className:com.huiyun.care.viewer.setting.NetWorkInfoActivity
09-20 07:24:09(12970367459402982415) PID_SA INFO: [Java_com_chinatelecom_smarthome_viewer_business_impl_NativeClient_writeLogToFile:118]BaseActivity: onPause==//activity is NetWorkInfoActivity
09-20 07:24:09(12970367459402982415) PID_SA INFO: [Java_com_chinatelecom_smarthome_viewer_business_impl_NativeClient_writeLogToFile:118]BaseActivity: onPause==mIsShowAd:false//activity is NetWorkInfoActivity
09-20 07:24:09(511101117455) PID_SA INFO: [Java_com_chinatelecom_smarthome_viewer_business_impl_NativeClient_writeLogToFile:118]BaseActivity: onDestroy==mIsShowAd:false//activity is NetWorkInfoActivity
09-20 07:24:10(9231) PID_SA INFO: [Java_com_chinatelecom_smarthome_viewer_business_impl_NativeClient_writeLogToFile:118]I/LowPowerHeart: deviceState = 5
09-20 07:24:10(545460855823) PID_SA INFO: [Java_com_chinatelecom_smarthome_viewer_business_impl_NativeClient_writeLogToFile:118]I/LowPowerHeart: 11lowPowerConsumption  startDeviceHeart duration:0//interval:5000//dId:12000103c0537c93
09-20 07:24:10(523986019343) TRAS_TASK INFO: [TrasStreamChannel_Create:368]Create channel[3] [0xb400007accc7c940] stream[0xb400007ac0d21740] media 4 stream type 1
09-20 07:24:10(9231) MD_TASK INFO: [Md_CollectPeerLogFile:4025]chanid 3 reqid 264 handle 0xb400007b2c93c000 down peer 12000103c0537c93 logfile /data/user/0/com.huiyun.care.viewerpro.googleplay/files/Care/log/12000103c0537c93
09-20 07:24:11(16683) TRAS_TASK INFO: [TrasStreamChannel_ProcLogFileStreamRsp:1525]chanid 3 recv get logfile rsp; logfile name /data/user/0/com.huiyun.care.viewerpro.googleplay/files/Care/log/12000103c0537c93/log.tar.gz size 21417
09-20 07:24:11(9231) PID_SA INFO: [Java_com_chinatelecom_smarthome_viewer_business_impl_NativeClient_writeLogToFile:118]I/BasicActivity: onKeyDown BasicActivity className:com.huiyun.hubiotmodule.camera_device.setting.other_setting.OtherSettingActivity
09-20 07:24:11(9231) PID_SA INFO: [Java_com_chinatelecom_smarthome_viewer_business_impl_NativeClient_writeLogToFile:118]BaseActivity: onRestart==mIsShowAd:false//activity is NewDeviceSettingActivity
09-20 07:24:11(9231) PID_SA INFO: [Java_com_chinatelecom_smarthome_viewer_business_impl_NativeClient_writeLogToFile:118]getInIoTProp: innerIoTBeanProp = {"PushFlag":"7","SMSFlag":"1","EmailFlag":"1","Interval":"300","EmailAddr":"","StartTime":"0","EndTime":"86400","SpanFlag":"0","Week":"127"}
09-20 07:24:11(545460855823) PID_SA INFO: [Java_com_chinatelecom_smarthome_viewer_business_impl_NativeClient_writeLogToFile:118]I/BaseActivity: onResume==mIsShowAd:false//activity is NewDeviceSettingActivity
09-20 07:24:11(9231) PID_SA INFO: [Java_com_chinatelecom_smarthome_viewer_business_impl_NativeClient_writeLogToFile:118]I/CloudChargeCardInfo: deviceId:12000103c0537c93,//chargeType:2,//chargeFlag:0
09-20 07:24:11(9231) PID_SA INFO: [Java_com_chinatelecom_smarthome_viewer_business_impl_NativeClient_writeLogToFile:118]I/CloudChargeCardInfo: deviceId:12000103c0537c93,//chargeType:1,//chargeFlag:0
09-20 07:24:11(9231) PID_SA INFO: [Java_com_chinatelecom_smarthome_viewer_business_impl_NativeClient_writeLogToFile:118]I/LowPowerHeart: deviceState = 5
09-20 07:24:11(9231) PID_SA INFO: [Java_com_chinatelecom_smarthome_viewer_business_impl_NativeClient_writeLogToFile:118]I/LowPowerHeart: 44lowPowerConsumption  startDeviceHeart //dId:12000103c0537c93//heartbeatStatus.isActive():false
09-20 07:24:11(9231) PID_SA INFO: [Java_com_chinatelecom_smarthome_viewer_business_impl_NativeClient_writeLogToFile:118]I/LowPowerHeart: 22lowPowerConsumption  startDeviceHeart //dId:12000103c0537c93//heartbeatStatus.isActive():false
09-20 07:24:11(545460855823) CMD_TASK INFO: [Cmd_CheckPeerDevVersion:4123]reqid 267 send msg {"METHOD":"3414","SEQID":"267","FROM":{"UserToken":"1600010140c3ad111p3g5jmo63upuvo5"},"TO":{"DID":"12000103c0537c93"}} to peer 12000103c0537c93, iret 0
09-20 07:24:11(16683) PID_SA INFO: [FUN_DEVICE_COMMON_RSP:1216]FUN_DEVICE_COMMON_RSP uiReqId:264, iErr:0
09-20 07:24:11(523986026795) TRAS_TASK INFO: [Tras_StopPlay:462]chanid 3 send close requst
09-20 07:24:11(12970367455108022571) MD_TASK INFO: [Md_RcvDownFileStatus:3867]reqid 264 sessionid 3 down file len 0
09-20 07:24:11(16683) TRAS_TASK INFO: [TrasStreamChannel_WriteFileData:4574]chanid 3 recv log file end
09-20 07:24:11(16682) TRAS_TASK INFO: [TrasStreamChannel_CloseChan:307]chanid 3 will be close
09-20 07:24:11(12970367459402982415) PID_SA INFO: [Java_com_chinatelecom_smarthome_viewer_business_impl_NativeClient_writeLogToFile:118]BaseActivity: onPause==//activity is NewDeviceSettingActivity
09-20 07:24:11(12970367459402982415) PID_SA INFO: [Java_com_chinatelecom_smarthome_viewer_business_impl_NativeClient_writeLogToFile:118]BaseActivity: onPause==mIsShowAd:false//activity is NewDeviceSettingActivity
09-20 07:24:12(16677) CMD_TASK INFO: [Cmd_ProcRecvNetMsg:5738]reqid 267 recv rsp content {"CODE":"0","METHOD":"3415","SEQID":"267","FROM":{"DID":"12000103c0537c93"},"TO":{"UserToken":"1600010140c3ad111p3g5jmo63upuvo5"},"BODY":{"Version":"","UpdateFlag":"0"}}
09-20 07:24:12(16677) PID_SA INFO: [FUN_CHECKVERSION_RSP:2162]FUN_CHECKVERSION_RSP reqId:267, error:0, status:0, version:, descUrl:
09-20 07:24:12(9231) PID_SA INFO: [Java_com_chinatelecom_smarthome_viewer_business_impl_NativeClient_writeLogToFile:118]I/NetWorkInfoActivity: isNewDevice:true,updateModeEnum:0,isShowUpdate:true
09-20 07:24:13(16682) TRAS_TASK INFO: [TrasStreamChannel_CloseChan:313]chanid 3 close ok
09-20 07:24:15(9231) PID_SA INFO: [Java_com_chinatelecom_smarthome_viewer_business_impl_NativeClient_writeLogToFile:118]I/: UsrToken:1600010140c3ad111p3g5jmo63upuvo5
09-20 07:24:15(9231) PID_SA INFO: [Java_com_chinatelecom_smarthome_viewer_business_impl_NativeClient_setBackgroundToFront:88]setBackgroundToFront 0
09-20 07:24:15(9231) PID_SA INFO: [Java_com_chinatelecom_smarthome_viewer_business_impl_NativeClient_writeLogToFile:118]I/HmLaunch: ========== 应用切换到后台 ==========
09-20 07:24:15(545460855823) PID_SA INFO: [Java_com_chinatelecom_smarthome_viewer_business_impl_NativeClient_writeLogToFile:118]I/HmLaunch: HmLifecycleObserver onStop:activity:class androidx.lifecycle.LifecycleRegistry,version:2009370
09-20 07:24:15(9231) PID_SA INFO: [Java_com_chinatelecom_smarthome_viewer_business_impl_NativeClient_writeLogToFile:118]I/HmLaunch: ========== 应用切换到后台 ==========
09-20 07:24:15(4294983977) cos INFO: [Cos_SocketClose:390]socket<196> closed
09-20 07:24:15(4294983977) PID_SA INFO: [FUN_SERVER_STATUS:2600]FUN_SERVER_STATUS enServerStatus:0, iErr:0
09-20 07:24:15(9231) PID_SA INFO: [Java_com_chinatelecom_smarthome_viewer_business_impl_NativeClient_writeLogToFile:118]BaseActivity: onSaveInstanceState==mIsShowAd:false//activity is NewDeviceSettingActivity
09-20 07:24:15(528280986639) PID_SA INFO: [Java_com_chinatelecom_smarthome_viewer_business_impl_NativeClient_writeLogToFile:118]BaseActivity: onDestroy==mIsShowAd:false//activity is NewDeviceSettingActivity
09-20 07:24:15(9231) PID_CBST_AUDIOCTL INFO: [Cbst_AudioCtl_Destroy:65]Destroy
09-20 07:24:15(9231) PID_CBST_AUDIOCTL INFO: [Cbst_AudioCtl_Destroy:74]CBST_AUDIOCTL Destroy OK 0xf7b30798
09-20 07:24:15(528280986639) PID_SA INFO: [Java_com_chinatelecom_smarthome_viewer_business_impl_NativeClient_writeLogToFile:118]BaseActivity: onDestroy==mIsShowAd:false//activity is LiveVideoActivity
09-20 07:24:15(12970367459402982415) PID_CBST_AUDIOCTL ERR: [Cbst_AudioCtl_Stop:163]CBST_AUDIOCTL Not Init Magic:0 Init:0
09-20 07:24:15(8062480241177666575) PID_SA INFO: [Java_com_chinatelecom_smarthome_viewer_business_impl_NativeClient_writeLogToFile:118]I/Internal: onServerStatusChange/////uToken:1600010140c3ad111p3g5jmo63upuvo5//serverStatus:0//errorCode:0
09-20 07:24:15(9231) PID_SA INFO: [Java_com_chinatelecom_smarthome_viewer_business_impl_NativeClient_writeLogToFile:118]I/y0: onSelfAuthStateChange serverStatus:0,hmError:0
09-20 07:24:15(9231) PID_SA INFO: [Java_com_chinatelecom_smarthome_viewer_business_impl_NativeClient_writeLogToFile:118]BaseActivity: onRestart==mIsShowAd:false//activity is CareMainActivity
09-20 07:24:15(532575953935) PID_SA INFO: [Java_com_chinatelecom_smarthome_viewer_business_impl_NativeClient_writeLogToFile:118]I/PackageViewModel: play ON_START code: -10000,payRetainType:0,isWeChatPaying:false
09-20 07:24:15(545460855823) PID_SA INFO: [Java_com_chinatelecom_smarthome_viewer_business_impl_NativeClient_writeLogToFile:118]E/LowPowerHeart: Heartbeat resumeDeviceHeart duration:0,interval:3000,canHeartExt:true
09-20 07:24:15(9231) PID_SA INFO: [Java_com_chinatelecom_smarthome_viewer_business_impl_NativeClient_setBackgroundToFront:88]setBackgroundToFront 1
09-20 07:24:15(545460855823) PID_SA INFO: [Java_com_chinatelecom_smarthome_viewer_business_impl_NativeClient_writeLogToFile:118]I/BaseActivity: onResume==mIsShowAd:false//activity is CareMainActivity
09-20 07:24:15(9231) PID_SA INFO: [Java_com_chinatelecom_smarthome_viewer_business_impl_NativeUser_getOwnerVCardInfo:354]uiMarried:0,  uiSex:0, aucMobile:, aucEmail:, aucAddress:,aucBirthday:, aucCity:, aucCountry:GB,aucVMid:, aucNickName:, aucProvice:,aucPhotoProfile:,aucRegPeriod:,
09-20 07:24:15(9231) PID_SA INFO: [Java_com_chinatelecom_smarthome_viewer_business_impl_NativeClient_writeLogToFile:118]I/DeviceList: dispatchAction:RequestMarketAd
09-20 07:24:15(8062480241177666575) PID_SA INFO: [Java_com_chinatelecom_smarthome_viewer_business_impl_NativeClient_writeLogToFile:118]AdList: AdvertisingRequst(id=, adcode=Android_en_sale_window, width=1080, height=2400, appver=2.9.37, appid=1593592778513070, companyid=0000213ed0cdb8bc, countryCode=GB, platform=2, lang=2, uid=1600010140c3ad11)
09-20 07:24:15(545460855823) ZJ_TASK INFO: [ZJ_UsrGetDevPackages:2678]ogct 269 get owner charge package iRet -1
09-20 07:24:15(9231) PID_SA INFO: [Java_com_chinatelecom_smarthome_viewer_business_impl_NativeClient_writeLogToFile:118]I/PackageViewModel: play ON_RESUME code: -10000,payRetainType:0
09-20 07:24:15(9231) PID_SA INFO: [Java_com_chinatelecom_smarthome_viewer_business_impl_NativeClient_writeLogToFile:118]I/PaymentManager: payResultCode:-10000, orderInfo is null:true, isAlipaySubscriptionPaying:false
09-20 07:24:15(536870928706) PID_SA INFO: [Java_com_chinatelecom_smarthome_viewer_business_impl_NativeClient_writeLogToFile:118]I/DeviceBean: getDeviceName:GateCameras
09-20 07:24:15(28429402144522875) PID_SA INFO: [Java_com_chinatelecom_smarthome_viewer_business_impl_NativeClient_writeLogToFile:118]I/CurlLogger: cURL -X POST -H "Content-Type: application/json; charset=UTF-8"  -d '{"adcode":"Android_en_sale_window","appid":"1593592778513070","appver":"2.9.37","companyid":"0000213ed0cdb8bc","countryCode":"GB","height":"2400","id":"","lang":"2","platform":"2","uid":"1600010140c3ad11","width":"1080"}' "https://exsvr.smartcloudcon.com/carewebin/store/getadlist/v2" -L
09-20 07:24:15(528280986639) PID_SA INFO: [Java_com_chinatelecom_smarthome_viewer_business_impl_NativeClient_writeLogToFile:118]I/DeviceBean: getDeviceName:GateCameras
09-20 07:24:15(528280986639) PID_SA INFO: [Java_com_chinatelecom_smarthome_viewer_business_impl_NativeClient_writeLogToFile:118]I/DeviceBean: getDeviceName:GateCameras
09-20 07:24:15(523986026793) PID_SA INFO: [FUN_SERVER_STATUS:2600]FUN_SERVER_STATUS enServerStatus:1, iErr:0
09-20 07:24:15(12970367459402989865) cos INFO: [Cos_SocketOpen:377]socket<172> open ok
09-20 07:24:15(12970367455108022569) TRAS_TASK INFO: [TrasLink_Connect:245]Link Connect Addr:43.133.96.204:19336,ConnFlag:1
09-20 07:24:16(9231) PID_SA INFO: [Java_com_chinatelecom_smarthome_viewer_business_impl_NativeClient_writeLogToFile:118]I/DeviceBean: getDeviceName:GateCameras
09-20 07:24:16(9231) PID_SA INFO: [Java_com_chinatelecom_smarthome_viewer_business_impl_NativeClient_writeLogToFile:118]I/DeviceBean: getDeviceName:GateCameras
09-20 07:24:16(8062480241177666575) PID_SA INFO: [Java_com_chinatelecom_smarthome_viewer_business_impl_NativeClient_writeLogToFile:118]I/Internal: onServerStatusChange/////uToken:1600010140c3ad111p3g5jmo63upuvo5//serverStatus:1//errorCode:0
09-20 07:24:16(9231) PID_SA INFO: [Java_com_chinatelecom_smarthome_viewer_business_impl_NativeClient_writeLogToFile:118]I/y0: onSelfAuthStateChange serverStatus:1,hmError:0
09-20 07:24:16(16682) cos ERR: [Cand_SocketSend:794]send err <32>
09-20 07:24:16(523986026794) cos INFO: [Cos_SocketClose:390]socket<323> closed
09-20 07:24:16(16681) TRAS_TASK INFO: [TrasP2PSlot_ProcTcpState:352]tcpslot 0xb4000078648f9580 closed ok reset bestslot 0
09-20 07:24:16(523986026793) TRAS_TASK INFO: [TrasP2PSlot_Close:61]close the Slot 0xb4000078648f9580  flag 0 ok .
09-20 07:24:16(16681) TRAS_TASK INFO: [TrasBase_ProcBaseSock:670]Link Connect Addr:43.133.96.204:19336,ConnectFlag is: 2
09-20 07:24:16(4294983977) PID_SA INFO: [FUN_SERVER_STATUS:2600]FUN_SERVER_STATUS enServerStatus:2, iErr:0
09-20 07:24:16(8062480241177666575) PID_SA INFO: [Java_com_chinatelecom_smarthome_viewer_business_impl_NativeClient_writeLogToFile:118]I/Internal: onServerStatusChange/////uToken:1600010140c3ad111p3g5jmo63upuvo5//serverStatus:2//errorCode:0
09-20 07:24:16(9231) PID_SA INFO: [Java_com_chinatelecom_smarthome_viewer_business_impl_NativeClient_writeLogToFile:118]I/y0: onSelfAuthStateChange serverStatus:2,hmError:0
09-20 07:24:16(12970367450813055273) TRAS_TASK INFO: [TrasLink_AuthUserToken:188]ogct 270 send login requst body {"METHOD":"4116","SEQID":"270","BODY":{"UserToken":"1600010140c3ad111p3g5jmo63upuvo5","SDKVersion":"51713056","WebDomainAbilty":"1","TestFlag":"1"}} iRet 0 
09-20 07:24:16(16681) PID_SA INFO: [FUN_SERVER_STATUS:2600]FUN_SERVER_STATUS enServerStatus:4, iErr:0
09-20 07:24:16(523986026793) TRAS_TASK INFO: [TrasLink_ProcAuthTokenRsp:292]ogct 270 recv auth rsp code 0 
09-20 07:24:16(536870921231) PID_SA INFO: [Java_com_chinatelecom_smarthome_viewer_business_impl_NativeClient_writeLogToFile:118]I/Internal: onServerStatusChange/////uToken:1600010140c3ad111p3g5jmo63upuvo5//serverStatus:4//errorCode:0
09-20 07:24:16(9231) PID_SA INFO: [Java_com_chinatelecom_smarthome_viewer_business_impl_NativeClient_writeLogToFile:118]I/y0: onSelfAuthStateChange serverStatus:4,hmError:0
09-20 07:24:16(9231) ZJ_TASK INFO: [ZJ_GetPaasPlatAccessToken:3766]ogct 271 get paasplat token iRet 0
09-20 07:24:16(536870921231) PID_SA INFO: [Java_com_chinatelecom_smarthome_viewer_business_impl_NativeClient_writeLogToFile:118]onInitPushSuccess: regid = eTaw3UHwT7yXDsUUjIDjw_:APA91bGOPrHHfPX6BI8lyu8Xuh2S_tcCJ1X6J2fTnbEulnllK4sV-ag66RoIN9ctFMucYPCZ7nWJDLxUD71DTrCmEUFuwrP9Ejga3KAQWdqdxzB2QJfr-f8
09-20 07:24:16(9231) ZJ_TASK INFO: [ZJ_SetPushToken:1024]ogct 272 set pushtoken eTaw3UHwT7yXDsUUjIDjw_:APA91bGOPrHHfPX6BI8lyu8Xuh2S_tcCJ1X6J2fTnbEulnllK4sV-ag66RoIN9ctFMucYPCZ7nWJDLxUD71DTrCmEUFuwrP9Ejga3KAQWdqdxzB2QJfr-f8 iRet 0
09-20 07:24:16(12970367459402989865) ZJ_TASK INFO: [ZJ_RecvGetPaasTokenRsp:3750]ogct 271 recv rsp code 0
09-20 07:24:16(8062480241177666575) PID_SA INFO: [Java_com_chinatelecom_smarthome_viewer_business_impl_NativeClient_writeLogToFile:118]I/Internal: onGetPaasPlatToken accessTokenut6AAF3CC8-00000003-00G001-ocjym/expireSeconds:86399//strPaasAddr:https://gm-ap.smartcloudcon.com
09-20 07:24:16(9231) PID_SA INFO: [Java_com_chinatelecom_smarthome_viewer_business_impl_NativeClient_writeLogToFile:118]I/HmSdkHelper: onServerStatusChange onTokenReturn accessToken:ut6AAF3CC8-00000003-00G001-ocjym
09-20 07:24:16(12970367459402982415) PID_SA INFO: [Java_com_chinatelecom_smarthome_viewer_business_impl_NativeClient_writeLogToFile:118]I/HmSdkHelper: onServerStatusChange onTokenReturn pTokenJson:{"accessToken":"ut6AAF3CC8-00000003-00G001-ocjym","createTime":1789869256482,"expireSeconds":86399,"passAddress":"https://gm-ap.smartcloudcon.com"}
09-20 07:24:16(16681) PID_SA INFO: [FUN_DEVICE_COMMON_RSP:1216]FUN_DEVICE_COMMON_RSP uiReqId:272, iErr:0
09-20 07:24:16(523986026793) ZJ_TASK INFO: [ZJ_UserProcSetPushTokenRsp:1001]ogct 272 recv rsp code 0 
09-20 07:24:16(9231) ZJ_TASK INFO: [ZJ_RefreshDevicesStatus:612]ogct 273 refresh all devices status iRet 0
09-20 07:24:16(9231) PID_SA INFO: [Java_com_chinatelecom_smarthome_viewer_business_impl_NativeClient_writeLogToFile:118]I/DeviceList: dispatchAction:RequestAllAd
09-20 07:24:16(9231) PID_SA INFO: [Java_com_chinatelecom_smarthome_viewer_business_impl_NativeClient_writeLogToFile:118]AdList: AdvertisingRequst(id=, adcode=pro_Android_en_list_banner, width=1080, height=2400, appver=2.9.37, appid=1593592778513070, companyid=0000213ed0cdb8bc, countryCode=GB, platform=2, lang=2, uid=1600010140c3ad11)
09-20 07:24:16(545460855823) PID_SA INFO: [Java_com_chinatelecom_smarthome_viewer_business_impl_NativeClient_writeLogToFile:118]I/HmAdManager: getCachedAdListData from memory, size=4
09-20 07:24:16(9231) PID_SA INFO: [Java_com_chinatelecom_smarthome_viewer_business_impl_NativeClient_writeLogToFile:118]I/HmAdManager: getAdDataByStrategy: adPositionKey=pro_Android_en_Native1 lastCountDate:2026-09-20,now:1789869256589,today:2026-09-20,displayMaxTimes:0
09-20 07:24:16(9231) PID_SA INFO: [Java_com_chinatelecom_smarthome_viewer_business_impl_NativeClient_writeLogToFile:118]I/HmAdManager: currentAdType: 3
09-20 07:24:16(528280986639) PID_SA INFO: [Java_com_chinatelecom_smarthome_viewer_business_impl_NativeClient_writeLogToFile:118]I/HmAdManager: lastShowTime: 0
09-20 07:24:16(9231) PID_SA INFO: [Java_com_chinatelecom_smarthome_viewer_business_impl_NativeClient_writeLogToFile:118]I/HmAdManager: loadHomeBannerAD==isAdBuyNoShowad:false,Model:ImageTitleBean{imageUrl='null', title='null', imageId=0, clickUrl='null', adsource='applovin', adsourcecode='eb1b86e5d9feb53e', skip=0, skip_type=0, click=0, show_time_length=5, adcode='pro_Android_en_Native1', isDowload=false, jumpType='null', adtype=1, req_ad_timeout=0, strategy_type=-1, rule_conf=null, after_click_action=null, rule_update_times=0, showPrice='null', price='null', unit='null', currency_symbol='null', adId='null', page_name='null'}
09-20 07:24:16(545460855823) PID_SA INFO: [Java_com_chinatelecom_smarthome_viewer_business_impl_NativeClient_writeLogToFile:118]I/HmAdManager: loadHomeBannerAD==adModel:ImageTitleBean{imageUrl='null', title='null', imageId=0, clickUrl='null', adsource='applovin', adsourcecode='eb1b86e5d9feb53e', skip=0, skip_type=0, click=0, show_time_length=5, adcode='pro_Android_en_Native1', isDowload=false, jumpType='null', adtype=1, req_ad_timeout=0, strategy_type=-1, rule_conf=null, after_click_action=null, rule_update_times=0, showPrice='null', price='null', unit='null', currency_symbol='null', adId='null', page_name='null'}
09-20 07:24:16(28429402144524839) PID_SA INFO: [Java_com_chinatelecom_smarthome_viewer_business_impl_NativeClient_writeLogToFile:118]I/CurlLogger: cURL -X POST -H "Content-Type: application/json; charset=UTF-8"  -d '{"adcode":"pro_Android_en_list_banner","appid":"1593592778513070","appver":"2.9.37","companyid":"0000213ed0cdb8bc","countryCode":"GB","height":"2400","id":"","lang":"2","platform":"2","uid":"1600010140c3ad11","width":"1080"}' "https://exsvr.smartcloudcon.com/carewebin/store/getadlist/v2" -L
09-20 07:24:16(8062480241177666575) PID_SA INFO: [Java_com_chinatelecom_smarthome_viewer_business_impl_NativeClient_writeLogToFile:118]AdList: AdvertisingRequst(id=, adcode=pro_Android_en_right_sidebar, width=1080, height=2400, appver=2.9.37, appid=1593592778513070, companyid=0000213ed0cdb8bc, countryCode=GB, platform=2, lang=2, uid=1600010140c3ad11)
09-20 07:24:16(9231) PID_SA INFO: [Java_com_chinatelecom_smarthome_viewer_business_impl_NativeClient_writeLogToFile:118]I/DeviceList: dispatchAction:com.huiyun.care.viewer.main.deviceList.a$b@fe8f1b9
09-20 07:24:16(28429402144524838) PID_SA INFO: [Java_com_chinatelecom_smarthome_viewer_business_impl_NativeClient_writeLogToFile:118]I/CurlLogger: cURL -X POST -H "Content-Type: application/json; charset=UTF-8"  -d '{"adcode":"pro_Android_en_right_sidebar","appid":"1593592778513070","appver":"2.9.37","companyid":"0000213ed0cdb8bc","countryCode":"GB","height":"2400","id":"","lang":"2","platform":"2","uid":"1600010140c3ad11","width":"1080"}' "https://exsvr.smartcloudcon.com/carewebin/store/getadlist/v2" -L
09-20 07:24:16(528280986639) PID_SA INFO: [Java_com_chinatelecom_smarthome_viewer_business_impl_NativeClient_writeLogToFile:118]I/DeviceBean: getDeviceName:GateCameras
09-20 07:24:16(528280986639) PID_SA INFO: [Java_com_chinatelecom_smarthome_viewer_business_impl_NativeClient_writeLogToFile:118]I/DeviceBean: getDeviceName:GateCameras
09-20 07:24:16(16681) PID_SA INFO: [FUN_DEVICE_COMMON_RSP:1216]FUN_DEVICE_COMMON_RSP uiReqId:273, iErr:0
09-20 07:24:16(523986026793) ZJ_TASK INFO: [ZJ_UserProcCommonRsp:220]ogct 273 recv rsp code 0 
09-20 07:24:16(523986026788) CFG_TASK INFO: [Cfg_ProcDevStatusNtc:1268]ogct 3859890471 Ntc did 12000103c0537c93 oldflag 0 online status 1 pushflag 0 upstatus 0 Rate 0
09-20 07:24:16(2433668378473283876) CFG_TASK INFO: [Cfg_ParseRecvNetData:1502]recv msgtype 37 msgid 3e
09-20 07:24:18(16325694678125094) PID_SA INFO: [Java_com_chinatelecom_smarthome_viewer_business_impl_NativeClient_writeLogToFile:118]I/CurlLogger: response:{"code":"1000","data":{"ext":{"buyed":"1","noThirdAd":0,"reg":"2024-04-09 16:36:37","useCache":0},"list":[]},"desc":"Success"}
09-20 07:24:18(8062480241177676326) PID_SA INFO: [Java_com_chinatelecom_smarthome_viewer_business_impl_NativeClient_writeLogToFile:118]AdList: AdvertisingResp(code=1000, data=DataBean(list=[]), desc=Success)
09-20 07:24:18(18983) PID_SA INFO: [Java_com_chinatelecom_smarthome_viewer_business_impl_NativeClient_writeLogToFile:118]I/CurlLogger: response:{"code":"1000","data":{"ext":{"buyed":"1","noThirdAd":0,"reg":"2024-04-09 16:36:37","useCache":1},"list":[{"ad_id":"B00378","ad_space_height":"","ad_space_size":1,"ad_space_width":"","adcode":"pro_Android_en_list_banner","adsource":"zzy","adsourcecode":"","adtype":2,"after_click_action":"{\"body\": {\"pkg_id\": \"\", \"group_id\": \"\", \"group_code\": \"\", \"is_user_no_pay\": \"\"}, \"type\": 1}","click":1,"click_url":"","id":"378","imglist":[{"height":375,"img_url":"https://hmstatic-1311597033.cos.ap-nanjing.myqcloud.com/media/ads/1733283688209760000/en banner.png","jumpType":"0","jump_url":"https://exwebsvr.smartcloudcon.com/careProcloud/#/packages-new","lang":1,"resolution":"1080x375","width":1080},{"height":375,"img_url":"https://hmstatic-1311597033.cos.ap-nanjing.myqcloud.com/media/ads/1750666446275539862/banner en.png","jumpType":"0","jump_url":"https://exwebsvr.smartcloudcon.com/careProcloud/#/intelligentAlarm","lang":1,"resolution":"1080x375","width":1080}],"name":"日常","no_display_ad_people
09-20 07:24:18(8176686642803788327) PID_SA INFO: [Java_com_chinatelecom_smarthome_viewer_business_impl_NativeClient_writeLogToFile:118]I/CurlLogger: ":0,"no_display_user_reg_days":0,"page_name":"","rate_times":"0-23","rate_week":"1,2,3,4,5,6,7","reg_gt_date":"","req_ad_timeout":5,"rule_conf":"{\"pop_type\": 1, \"pop_value\": \"\"}","rule_update_times":2609200,"show_time_end":"","show_time_length":5,"show_time_start":"2026-06-18","show_time_type":1,"skip":1,"skip_type":0,"strategy_type":0}]},"desc":"Success"}
09-20 07:24:18(18983) PID_SA INFO: [Java_com_chinatelecom_smarthome_viewer_business_impl_NativeClient_writeLogToFile:118]AdList: AdvertisingResp(code=1000, data=DataBean(list=[ListBean(adId=B00378,adtype=2, adsource='zzy', adsourcecode='', show_time_end='', show_time_type=1, skip=1, skip_type=0, click=1, imglist=[Imglist(adId=,img_url='https://hmstatic-1311597033.cos.ap-nanjing.myqcloud.com/media/ads/1733283688209760000/en banner.png', width=1080, lang=1, resolution='1080x375', height=375, jump_url='https://exwebsvr.smartcloudcon.com/careProcloud/#/packages-new', jumpType='0', isDownload=false), Imglist(adId=,img_url='https://hmstatic-1311597033.cos.ap-nanjing.myqcloud.com/media/ads/1750666446275539862/banner en.png', width=1080, lang=1, resolution='1080x375', height=375, jump_url='https://exwebsvr.smartcloudcon.com/careProcloud/#/intelligentAlarm', jumpType='0', isDownload=false)], show_time_start='2026-06-18', show_time_length=5, rate_times='0-23', name='日常', rate_week='1,2,3,4,5,6,7', adId='378', click_url='', jumpType='', adcode='pro_Android_en_list_banner', req_ad_timeout=5, strategy_type=0, rule_conf='{"pop_type": 1, "pop_value": ""}', after_click_action='{"body": {"pkg_id": "", "group_id": "", "group_code": "", "is_user_no_pay": ""}, "type": 1}', rule_update_times=2609200,page_name=)]), desc=Success)
09-20 07:24:18(523986029095) PID_SA INFO: [Java_com_chinatelecom_smarthome_viewer_business_impl_NativeClient_writeLogToFile:118]AdList: AdvertisingResp bean:ListBean(adId=B00378,adtype=2, adsource='zzy', adsourcecode='', show_time_end='', show_time_type=1, skip=1, skip_type=0, click=1, imglist=[Imglist(adId=,img_url='https://hmstatic-1311597033.cos.ap-nanjing.myqcloud.com/media/ads/1733283688209760000/en banner.png', width=1080, lang=1, resolution='1080x375', height=375, jump_url='https://exwebsvr.smartcloudcon.com/careProcloud/#/packages-new', jumpType='0', isDownload=false), Imglist(adId=,img_url='https://hmstatic-1311597033.cos.ap-nanjing.myqcloud.com/media/ads/1750666446275539862/banner en.png', width=1080, lang=1, resolution='1080x375', height=375, jump_url='https://exwebsvr.smartcloudcon.com/careProcloud/#/intelligentAlarm', jumpType='0', isDownload=false)], show_time_start='2026-06-18', show_time_length=5, rate_times='0-23', name='日常', rate_week='1,2,3,4,5,6,7', adId='378', click_url='', jumpType='', adcode='pro_Android_en_list_banner', req_ad_timeout=5, strategy_type=0, rule_conf='{"pop_type": 1, "pop_value": ""}', after_click_action='{"body": {"pkg_id": "", "group_id": "", "group_code": "", "is_user_no_pay": ""}, "type": 1}', rule_update_times=2609200,page_name=)
09-20 07:24:18(9231) PID_SA INFO: [Java_com_chinatelecom_smarthome_viewer_business_impl_NativeClient_writeLogToFile:118]I/AppLovinAdManager: showAdBanner==onAdLoadFailed==code:-1000,meg:Failed to connect to ms.applvn.com/0.0.0.0:443
09-20 07:24:19(16325694678123131) PID_SA INFO: [Java_com_chinatelecom_smarthome_viewer_business_impl_NativeClient_writeLogToFile:118]I/CurlLogger: response:{"code":"1000","data":{"ext":{"buyed":"1","noThirdAd":0,"reg":"2024-04-09 16:36:37","useCache":0},"list":[]},"desc":"Success"}
09-20 07:24:19(17019) PID_SA INFO: [Java_com_chinatelecom_smarthome_viewer_business_impl_NativeClient_writeLogToFile:118]AdList: AdvertisingResp(code=1000, data=DataBean(list=[]), desc=Success)
09-20 07:24:20(12970367459402982415) PID_SA INFO: [Java_com_chinatelecom_smarthome_viewer_business_impl_NativeClient_writeLogToFile:118]BaseActivity: onPause==//activity is CareMainActivity
09-20 07:24:20(12970367459402982415) PID_SA INFO: [Java_com_chinatelecom_smarthome_viewer_business_impl_NativeClient_writeLogToFile:118]BaseActivity: onPause==mIsShowAd:false//activity is CareMainActivity
09-20 07:24:20(545460855823) PID_SA INFO: [Java_com_chinatelecom_smarthome_viewer_business_impl_NativeMedia_setStreamCnt:924]zj set stream cnt 1
09-20 07:24:20(536870921231) PID_SA INFO: [Java_com_chinatelecom_smarthome_viewer_business_impl_NativeDevice_getPeerAppSetting:2953]get peer appsetting deviceId: 12000103c0537c93
09-20 07:24:20(9231) PID_SA INFO: [Java_com_chinatelecom_smarthome_viewer_business_impl_NativeDevice_getPeerAppSetting:2986]get peer appsetting result: [1] [1296] [2304] [0] [43200] [1]
09-20 07:24:20(528280986639) PID_SA INFO: [Java_com_chinatelecom_smarthome_viewer_business_impl_NativeClient_writeLogToFile:118]I/DeviceBean: getDeviceName:GateCameras
09-20 07:24:20(12970367459402982415) PID_SA INFO: [Java_com_chinatelecom_smarthome_viewer_business_impl_NativeClient_writeLogToFile:118]LiveVideoActivity: showLandPtztruesupportRd:false,supportIRLed:true,supportWhiteLamp:true,supportAttachPTZ:false,supportPtz:true,fishEyeCamerafalse
09-20 07:24:20(9231) PID_SA INFO: [Java_com_chinatelecom_smarthome_viewer_business_impl_NativeClient_writeLogToFile:118]E/LiveVideoActivity: ptzAbility :3
09-20 07:24:20(9231) PID_SA INFO: [Java_com_chinatelecom_smarthome_viewer_business_impl_NativeDevice_getPeerAppSetting:2953]get peer appsetting deviceId: 12000103c0537c93
09-20 07:24:20(9231) PID_SA INFO: [Java_com_chinatelecom_smarthome_viewer_business_impl_NativeDevice_getPeerAppSetting:2986]get peer appsetting result: [1] [1296] [2304] [0] [43200] [1]
09-20 07:24:20(9231) PID_SA INFO: [Java_com_chinatelecom_smarthome_viewer_business_impl_NativeDevice_getPeerAppSetting:2953]get peer appsetting deviceId: 12000103c0537c93
09-20 07:24:20(9231) PID_SA INFO: [Java_com_chinatelecom_smarthome_viewer_business_impl_NativeDevice_getPeerAppSetting:2986]get peer appsetting result: [1] [1296] [2304] [0] [43200] [1]
09-20 07:24:20(9231) PID_SA INFO: [Java_com_chinatelecom_smarthome_viewer_business_impl_NativeClient_writeLogToFile:118]MediaRenderViewImpl: getVideoEncType videoEncType:H264
09-20 07:24:20(536870921231) PID_SA INFO: [Java_com_chinatelecom_smarthome_viewer_business_impl_NativeClient_writeLogToFile:118]MediaRenderViewImpl:  initRenderView   videoEncType = H264  vrMode = None   glSurfaceView = null
09-20 07:24:20(9231) PID_SA INFO: [Java_com_chinatelecom_smarthome_viewer_business_impl_NativeClient_writeLogToFile:118]I/MediaRenderViewImpl: set camId deviceId:12000103c0537c93  camId:0
09-20 07:24:20(9231) PID_SA INFO: [Java_com_chinatelecom_smarthome_viewer_business_impl_NativeDevice_getPeerAppSetting:2953]get peer appsetting deviceId: 12000103c0537c93
09-20 07:24:20(9231) PID_SA INFO: [Java_com_chinatelecom_smarthome_viewer_business_impl_NativeDevice_getPeerAppSetting:2986]get peer appsetting result: [1] [1296] [2304] [0] [43200] [1]
09-20 07:24:20(9231) PID_SA INFO: [Java_com_chinatelecom_smarthome_viewer_business_impl_NativeClient_writeLogToFile:118]I/LowPowerHeart: deviceState = 5
09-20 07:24:20(9231) PID_SA INFO: [Java_com_chinatelecom_smarthome_viewer_business_impl_NativeClient_writeLogToFile:118]I/LowPowerHeart: 11lowPowerConsumption  startDeviceHeart duration:0//interval:5000//dId:12000103c0537c93
09-20 07:24:20(545460855823) CMD_TASK INFO: [Cmd_GetPeerCurNetInfo:993]reqid 274 send GetPeerCurNetInfo msg {"METHOD":"3472","SEQID":"274","FROM":{"UserToken":"1600010140c3ad111p3g5jmo63upuvo5"},"TO":{"DID":"12000103c0537c93"}} to peer 12000103c0537c93, iret 0
09-20 07:24:20(545460855823) PID_SA INFO: [Java_com_chinatelecom_smarthome_viewer_business_impl_NativeCommand_getCurNetworkInfo:543]HM_GetNetworkInfoEx ret = 0 puiReqId = 274
09-20 07:24:20(9231) PID_SA INFO: [Java_com_chinatelecom_smarthome_viewer_business_impl_NativeClient_writeLogToFile:118]I/LiveVideoActivity: startVideo isCameraOpenFlag:true
09-20 07:24:20(9231) TRAS_TASK INFO: [TrasStreamChannel_Create:368]Create channel[4] [0xb400007accc7c940] stream[0xb400007ab93f7680] media 1 stream type 1
09-20 07:24:20(9231) MD_TASK INFO: [Md_CreatAliveStreamEx:390]chanid 4 playid 275 creat AliveEx peerid 12000103c0537c93 ch[-1] cam [0 0] audioflag 1 BussType 1
09-20 07:24:20(9231) PID_SA INFO: [Java_com_chinatelecom_smarthome_viewer_business_impl_NativeClient_writeLogToFile:118]MediaRenderViewImpl:  initRenderView   videoEncType = H264  vrMode = None   glSurfaceView = android.opengl.GLSurfaceView{4c604bf V.E...... ......I. 0,0-0,0 alpha=1.0 viewInfo = }
09-20 07:24:20(9231) PID_SA INFO: [Java_com_chinatelecom_smarthome_viewer_business_impl_NativeClient_writeLogToFile:118]MediaRenderViewImpl: startRealTimeStream: mStreamId: 275
09-20 07:24:20(12970367459402982415) PID_SA INFO: [Java_com_chinatelecom_smarthome_viewer_business_impl_NativeClient_writeLogToFile:118]LiveVideoActivity: onCreate  isClickNotify = false
09-20 07:24:20(532575953935) PID_SA INFO: [Java_com_chinatelecom_smarthome_viewer_business_impl_NativeClient_writeLogToFile:118]I/HmAdManager: posCode:live_interstitial,activity:LiveVideoActivity
09-20 07:24:20(12970367455108015119) PID_SA INFO: [Java_com_chinatelecom_smarthome_viewer_business_impl_NativeClient_writeLogToFile:118]I/HmAdManager: getCachedAdListData from memory, size=4
09-20 07:24:20(9231) PID_SA INFO: [Java_com_chinatelecom_smarthome_viewer_business_impl_NativeClient_writeLogToFile:118]I/HmAdManager: getAdDataByStrategy: adPositionKey=pro_Android_en_Live_Interstitial not found
09-20 07:24:20(9231) PID_SA INFO: [Java_com_chinatelecom_smarthome_viewer_business_impl_NativeClient_writeLogToFile:118]I/HmAdManager: loadInterstitialAd posCode:live_interstitial,adModel:ImageTitleBean{imageUrl='null', title='null', imageId=0, clickUrl='null', adsource='', adsourcecode='', skip=0, skip_type=0, click=0, show_time_length=0, adcode='', isDowload=false, jumpType='null', adtype=0, req_ad_timeout=0, strategy_type=-1, rule_conf=null, after_click_action=null, rule_update_times=0, showPrice='null', price='null', unit='null', currency_symbol='null', adId='null', page_name='null'}
09-20 07:24:20(545460855823) PID_SA INFO: [Java_com_chinatelecom_smarthome_viewer_business_impl_NativeUser_GetDomainAddr:1672]HM_GetDomainAddr ret = 0,  aucSvrDomain:, aucWebDomain:, aucLogDomain:, aucAlexaDomain:
09-20 07:24:20(9231) PID_SA INFO: [Java_com_chinatelecom_smarthome_viewer_business_impl_NativeClient_writeLogToFile:118]I/HmHostConfig: hostInfo:{svrHost:,webHost:,logHost:,alexaHost:}
09-20 07:24:20(9231) PID_SA INFO: [Java_com_chinatelecom_smarthome_viewer_business_impl_NativeClient_writeLogToFile:118]LiveVideoActivity: onStart
09-20 07:24:20(9231) PID_SA INFO: [Java_com_chinatelecom_smarthome_viewer_business_impl_NativeDevice_getPeerAppSetting:2953]get peer appsetting deviceId: 12000103c0537c93
09-20 07:24:20(9231) PID_SA INFO: [Java_com_chinatelecom_smarthome_viewer_business_impl_NativeDevice_getPeerAppSetting:2986]get peer appsetting result: [1] [1296] [2304] [0] [43200] [1]
09-20 07:24:20(9231) PID_SA INFO: [Java_com_chinatelecom_smarthome_viewer_business_impl_NativeDevice_getPeerAppSetting:2953]get peer appsetting deviceId: 12000103c0537c93
09-20 07:24:20(9231) PID_SA INFO: [Java_com_chinatelecom_smarthome_viewer_business_impl_NativeDevice_getPeerAppSetting:2986]get peer appsetting result: [1] [1296] [2304] [0] [43200] [1]
09-20 07:24:20(18982) PID_SA INFO: [Java_com_chinatelecom_smarthome_viewer_business_impl_NativeClient_writeLogToFile:118]I/CurlLogger: cURL -X POST -H "Content-Type: application/json; charset=UTF-8"  -d '{"adcode":"pro_Android_en_live_mid_bar","appid":"1593592778513070","appver":"2.9.37","companyid":"0000213ed0cdb8bc","countryCode":"GB","height":"","lang":"2","platform":"1","Scene":1,"SceneParam":"{\"CompanyID\":\"0000213ed0cdb8bc\",\"DID\":\"12000103c0537c93\"}","uid":"1600010140c3ad11","width":""}' "https://exsvr.smartcloudcon.com/carewebin/store/getdeviceadv" -L
09-20 07:24:20(12970367459402982415) PID_SA INFO: [Java_com_chinatelecom_smarthome_viewer_business_impl_NativeClient_writeLogToFile:118]PresetManager: end  presetList = [PresetBean{presetId=1762176769, name='right', picId='20251103213252100119c0537c937006'}, PresetBean{presetId=1762325434, name='good1', picId='20251105145036100119c0537c932912'}, PresetBean{presetId=1764592558, name='g2', picId='20251201203600100119c0537c933264'}]   daoList = []
09-20 07:24:20(9231) PID_SA INFO: [Java_com_chinatelecom_smarthome_viewer_business_impl_NativeClient_writeLogToFile:118]I/PackageViewModel: play ON_START code: -10000,payRetainType:0,isWeChatPaying:false
09-20 07:24:20(545460855823) PID_SA INFO: [Java_com_chinatelecom_smarthome_viewer_business_impl_NativeClient_writeLogToFile:118]I/BaseActivity: onResume==mIsShowAd:false//activity is LiveVideoActivity
09-20 07:24:20(12970367459402982415) PID_SA INFO: [Java_com_chinatelecom_smarthome_viewer_business_impl_NativeClient_writeLogToFile:118]LiveVideoActivity: onResume
09-20 07:24:20(9231) PID_SA INFO: [Java_com_chinatelecom_smarthome_viewer_business_impl_NativeClient_writeLogToFile:118]AdList: AdvertisingRequst(id=, adcode=Android_en_sale_window_realtime, width=1080, height=2400, appver=2.9.37, appid=1593592778513070, companyid=0000213ed0cdb8bc, countryCode=GB, platform=2, lang=2, uid=1600010140c3ad11)
09-20 07:24:20(545460855823) PID_SA INFO: [Java_com_chinatelecom_smarthome_viewer_business_impl_NativeDevice_getPeerAppSetting:2953]get peer appsetting deviceId: 12000103c0537c93
09-20 07:24:20(9231) PID_SA INFO: [Java_com_chinatelecom_smarthome_viewer_business_impl_NativeDevice_getPeerAppSetting:2986]get peer appsetting result: [1] [1296] [2304] [0] [43200] [1]
09-20 07:24:20(28429402144524839) PID_SA INFO: [Java_com_chinatelecom_smarthome_viewer_business_impl_NativeClient_writeLogToFile:118]I/CurlLogger: cURL -X POST -H "Content-Type: application/json; charset=UTF-8"  -d '{"adcode":"Android_en_sale_window_realtime","appid":"1593592778513070","appver":"2.9.37","companyid":"0000213ed0cdb8bc","countryCode":"GB","height":"2400","id":"","lang":"2","platform":"2","uid":"1600010140c3ad11","width":"1080"}' "https://exsvr.smartcloudcon.com/carewebin/store/getadlist/v2" -L
09-20 07:24:20(9231) PID_SA INFO: [Java_com_chinatelecom_smarthome_viewer_business_impl_NativeClient_writeLogToFile:118]I/PackageViewModel: play ON_RESUME code: -10000,payRetainType:0
09-20 07:24:20(9231) PID_SA INFO: [Java_com_chinatelecom_smarthome_viewer_business_impl_NativeClient_writeLogToFile:118]I/PaymentManager: payResultCode:-10000, orderInfo is null:true, isAlipaySubscriptionPaying:false
09-20 07:24:20(19687) PID_SA INFO: [Java_com_chinatelecom_smarthome_viewer_business_impl_NativeClient_writeLogToFile:118]onSurfaceChanged: SurfaceWidth = 1080 SurfaceHeight = 606 videoWidth = 0 videoHeight = 0
09-20 07:24:20(16683) MD_CACHE INFO: [Md_VideoPlayCreatWriteHandle:106]creat video write handle 0xb400007a6e24b800 usrid 64 w 1920 h 1080
09-20 07:24:20(16683) MD_CACHE INFO: [Md_RgnPlayCreatWriteHandle:35]creat region write handle 0xb400007a6e24b900 peerid 12000103c0537c93 chanid 64
09-20 07:24:20(16677) CMD_TASK INFO: [Cmd_ProcRecvNetMsg:5738]reqid 274 recv rsp content {"CODE":"0","METHOD":"3473","SEQID":"274","FROM":{"DID":"12000103c0537c93"},"TO":{"UserToken":"1600010140c3ad111p3g5jmo63upuvo5"},"BODY":{"NetType":"2","Signal":"91","IPAddr":"192.168.1.192","MacAddr":"F0:A8:82:ED:40:9D","SSID":"ASUS_30_2G"}}
09-20 07:24:20(3763395501764919589) PID_SA INFO: [FUN_DEVICE_RSP_GET_NETWORK_INFO:2502]FUN_DEVICE_RSP_GET_NETWORK_INFO reqId:274, err:0, netType:2, signalType:0, sigStrength:91, ip:192.168.1.192, ssid:ASUS_30_2G
09-20 07:24:20(545460855823) PID_SA INFO: [Java_com_chinatelecom_smarthome_viewer_business_impl_NativeClient_writeLogToFile:118]LiveVideoActivity11: networkBean = NetworkBean{netType=2, signalType=0, signalStrength=91, ipAddress='192.168.1.192', macAddress='F0:A8:82:ED:40:9D', wifiSSID='ASUS_30_2G', simCard='', netMask='', gateWay=''}
09-20 07:24:20(16683) MD_CACHE INFO: [Md_AudioPlayCreatWriteHandle:167]creat audio write handle 0xb400007abf81b240 usrid 4 
09-20 07:24:20(16683) MD_CACHE INFO: [Md_VideoPlayCreatReadHandle:319]creat video read handle 0xb400007ad5215400 uiUsrId 64
09-20 07:24:20(16683) MD_CACHE INFO: [Md_RgnPlayCreatReadHandle:123]region creat read handle 0xb400007a6e3fc420 peerid 12000103c0537c93 chanid 64
09-20 07:24:20(16683) MD_CACHE INFO: [Md_AudioPlayCreatReadHandle:343]creat read handle 0xb400007ad5215440 usrid 4 
09-20 07:24:20(523986026795) MD_TASK INFO: [Md_ProcCreatRspOperation:2303]playid 275 peer 12000103c0537c93  sessionid 4 creat video 0xb400007ad5215400 audio 0xb400007ad5215440 jsuttime 0
09-20 07:24:20(16683) PID_SA INFO: [FUN_MEDIA_STATE:1285]FUN_MEDIA_STATE hPlayHandle:275, uiOption:1, uiCode:0
09-20 07:24:20(523986026795) PID_SA INFO: [Java_com_chinatelecom_smarthome_viewer_business_impl_NativeClient_writeLogToFile:118]Internal: onMediaStreamState==mediaStreamId = 275 vodType = 1  errorCode = 0
09-20 07:24:20(16683) TRAS_TASK INFO: [TrasStreamChannel_ProcessLiveStreamRsp:1059]chanid 4 recv alive response video w:1920 h:1080 type 2 audio type 4 sample 8000 write handle[0xb400007a6e24b800]
09-20 07:24:20(545460855823) PID_SA INFO: [Java_com_chinatelecom_smarthome_viewer_business_impl_NativeClient_writeLogToFile:118]MediaRenderViewImpl: getVideoEncType videoEncType:H264
09-20 07:24:20(9231) PID_SA INFO: [Java_com_chinatelecom_smarthome_viewer_business_impl_NativeMedia_getStreamDesc:435]GetVideoDescribe width:1920, height:1080, encType:2, smartEnc:0, quality:0, bitrate:0, frameRate:17, frameInterval:0
09-20 07:24:20(9231) PID_SA INFO: [Java_com_chinatelecom_smarthome_viewer_business_impl_NativeMedia_getStreamDesc:463]GetAudioDescribe encType:4, sampleRate:8000, channel:1, depth:16
09-20 07:24:20(9231) PID_SA INFO: [Java_com_chinatelecom_smarthome_viewer_business_impl_NativeClient_writeLogToFile:118]ZJViewerStreamImpl: getStreamDesc streamId = 275 camId = 0
09-20 07:24:20(8062480241177666575) PID_SA INFO: [Java_com_chinatelecom_smarthome_viewer_business_impl_NativeMedia_initVideoDecoder:1492]enter function(video_type:2)
09-20 07:24:20(545460855823) PID_CBST INFO: [Cbst_Dec_VDecoderAlloc:112]VD task[0xb4000077ef5cf620] create ok, uiVideoType[10100]
09-20 07:24:20(9231) PID_SA INFO: [Java_com_chinatelecom_smarthome_viewer_business_impl_NativeMedia_initVideoDecoder:1501]return function, handle:12970367441943983648
09-20 07:24:20(9231) PID_SA INFO: [Java_com_chinatelecom_smarthome_viewer_business_impl_NativeMedia_initAudioDecoder:1508]enter function(audio_type:4, sampleRate:8000, channel:1, depth:16)
09-20 07:24:20(545460855823) PID_CBST INFO: [Cbst_Dec_ADecoderAlloc:528]AD task[0xb4000077ef5cf8c0] create ok, uiAudioType[40202]
09-20 07:24:20(9231) PID_SA INFO: [Java_com_chinatelecom_smarthome_viewer_business_impl_NativeMedia_initAudioDecoder:1537]return function, handle:12970367441943984320
09-20 07:24:20(9231) PID_SA INFO: [Java_com_chinatelecom_smarthome_viewer_business_impl_NativeClient_writeLogToFile:118]I/playback***-test: MediaRenderViewImplIMediaStreamStateCallback vodType = CREATE streamType = 0//currenStreamID:275//streamID:275//isRevStream:false
09-20 07:24:21(9231) PID_SA INFO: [Java_com_chinatelecom_smarthome_viewer_business_impl_NativeClient_writeLogToFile:118]BaseActivity: onSaveInstanceState==mIsShowAd:false//activity is CareMainActivity
09-20 07:24:22(545460855823) PID_SA INFO: [Java_com_chinatelecom_smarthome_viewer_business_impl_NativeClient_writeLogToFile:118]LiveVideoActivity: onPause
09-20 07:24:22(12970367459402982415) PID_SA INFO: [Java_com_chinatelecom_smarthome_viewer_business_impl_NativeClient_writeLogToFile:118]BaseActivity: onPause==mIsShowAd:false//activity is LiveVideoActivity
09-20 07:24:22(9231) PID_SA INFO: [Java_com_chinatelecom_smarthome_viewer_business_impl_NativeClient_writeLogToFile:118]I/CloudChargeCardInfo: deviceId:12000103c0537c93,//chargeType:2,//chargeFlag:0
09-20 07:24:22(9231) PID_SA INFO: [Java_com_chinatelecom_smarthome_viewer_business_impl_NativeClient_writeLogToFile:118]I/CloudChargeCardInfo: deviceId:12000103c0537c93,//chargeType:1,//chargeFlag:0
09-20 07:24:22(12970367459402982415) PID_SA INFO: [Java_com_chinatelecom_smarthome_viewer_business_impl_NativeClient_writeLogToFile:118]I/DeviceBean: getDeviceName:GateCameras
09-20 07:24:22(9231) PID_SA INFO: [Java_com_chinatelecom_smarthome_viewer_business_impl_NativeClient_writeLogToFile:118]I/DetectEntity: initSwitch motionProp:com.chinatelecom.smarthome.viewer.bean.prop.MotionProp@b5d234e
09-20 07:24:22(545460855823) PID_SA INFO: [Java_com_chinatelecom_smarthome_viewer_business_impl_NativeClient_writeLogToFile:118]I/DetectEntity: initSwitch motionPropStr:AlarmMotionProp{Motion={"Trace":"0","Sensitive":"50","Status":"0","Interval":"35"}, Human={"Trace":"0","Sensitive":"50","Status":"0","Interval":"50"}, Face={"Trace":"0","DiscernFlag":"0","Sensitive":"25","Status":"0","Interval":"30"}, EBike=null, Fence=null, motionNBean=null, motionTraceBean=null, humanNBean=null, humanTraceBean=null, faceNBean=null, faceTraceBean=null, eBikeNBean=null, fenceBean=null, isMotionTrace=false, isHumanTrace=false, isFaceTrace=false}
09-20 07:24:22(9231) PID_SA INFO: [Java_com_chinatelecom_smarthome_viewer_business_impl_NativeClient_writeLogToFile:118]getInIoTProp: innerIoTBeanProp = {"PushFlag":"7","SMSFlag":"1","EmailFlag":"1","Interval":"300","EmailAddr":"","StartTime":"0","EndTime":"86400","SpanFlag":"0","Week":"127"}
09-20 07:24:22(9231) ZJ_TASK INFO: [ZJ_UsrGetDevPackages:2678]ogct 277 get owner charge package iRet 0
09-20 07:24:22(12970367459402982415) PID_SA INFO: [Java_com_chinatelecom_smarthome_viewer_business_impl_NativeClient_writeLogToFile:118]getInIoTProp: innerIoTBeanProp = {"PushFlag":"7","SMSFlag":"1","EmailFlag":"1","Interval":"300","EmailAddr":"","StartTime":"0","EndTime":"86400","SpanFlag":"0","Week":"127"}
09-20 07:24:22(9231) PID_SA INFO: [Java_com_chinatelecom_smarthome_viewer_business_impl_NativeClient_writeLogToFile:118]getInIoTProp: innerIoTBeanProp = {"PushFlag":"7","SMSFlag":"1","EmailFlag":"1","Interval":"300","EmailAddr":"","StartTime":"0","EndTime":"86400","SpanFlag":"0","Week":"127"}
09-20 07:24:22(9231) PID_SA INFO: [Java_com_chinatelecom_smarthome_viewer_business_impl_NativeClient_writeLogToFile:118]I/BaseActivity: onResume==mIsShowAd:false//activity is NewDeviceSettingActivity
09-20 07:24:22(9231) PID_SA INFO: [Java_com_chinatelecom_smarthome_viewer_business_impl_NativeClient_writeLogToFile:118]I/CloudChargeCardInfo: deviceId:12000103c0537c93,//chargeType:2,//chargeFlag:0
09-20 07:24:22(9231) PID_SA INFO: [Java_com_chinatelecom_smarthome_viewer_business_impl_NativeClient_writeLogToFile:118]I/CloudChargeCardInfo: deviceId:12000103c0537c93,//chargeType:1,//chargeFlag:0
09-20 07:24:22(9231) PID_SA INFO: [Java_com_chinatelecom_smarthome_viewer_business_impl_NativeClient_writeLogToFile:118]I/LowPowerHeart: deviceState = 5
09-20 07:24:22(9231) PID_SA INFO: [Java_com_chinatelecom_smarthome_viewer_business_impl_NativeClient_writeLogToFile:118]I/LowPowerHeart: 44lowPowerConsumption  startDeviceHeart //dId:12000103c0537c93//heartbeatStatus.isActive():false
09-20 07:24:22(9231) PID_SA INFO: [Java_com_chinatelecom_smarthome_viewer_business_impl_NativeClient_writeLogToFile:118]I/LowPowerHeart: 22lowPowerConsumption  startDeviceHeart //dId:12000103c0537c93//heartbeatStatus.isActive():false
09-20 07:24:22(545460855823) CMD_TASK INFO: [Cmd_CheckPeerDevVersion:4123]reqid 278 send msg {"METHOD":"3414","SEQID":"278","FROM":{"UserToken":"1600010140c3ad111p3g5jmo63upuvo5"},"TO":{"DID":"12000103c0537c93"}} to peer 12000103c0537c93, iret 0
09-20 07:24:22(16325694678125095) PID_SA INFO: [Java_com_chinatelecom_smarthome_viewer_business_impl_NativeClient_writeLogToFile:118]I/CurlLogger: response:{"code":"1000","data":{"ext":{"buyed":"1","noThirdAd":0,"reg":"2024-04-09 16:36:37","useCache":0},"list":[]},"desc":"Success"}
09-20 07:24:22(18983) PID_SA INFO: [Java_com_chinatelecom_smarthome_viewer_business_impl_NativeClient_writeLogToFile:118]AdList: AdvertisingResp(code=1000, data=DataBean(list=[]), desc=Success)
09-20 07:24:22(523986029095) PID_SA INFO: [Java_com_chinatelecom_smarthome_viewer_business_impl_NativeClient_writeLogToFile:118]E/requestMarketAd: empty marketing ads, page=P19 adCode=Android_en_sale_window_realtime
09-20 07:24:22(523986026793) PID_SA INFO: [FUN_USERCHARGEPACKAGE_CB:2738]FUN_USERCHARGEPACKAGE_CB reqId:277, error:0
09-20 07:24:22(523986026793) PID_SA INFO: [FUN_USERCHARGEPACKAGE_CB:2740]list size: 0
09-20 07:24:22(16681) ZJ_TASK INFO: [ZJ_ProcUsrGetDevPackages:2660]ogct 277 recv rsp code 0
09-20 07:24:22(545460855823) PID_SA INFO: [Java_com_chinatelecom_smarthome_viewer_business_impl_NativeClient_writeLogToFile:118]I/queryDeviceChargePackages: deviceID = 12000103c0537c93 poids =   requestCount = 3
09-20 07:24:22(18982) PID_SA INFO: [Java_com_chinatelecom_smarthome_viewer_business_impl_NativeClient_writeLogToFile:118]I/CurlLogger: response:{"code":"1000","data":{"ext":{"buyed":"1","noThirdAd":0,"reg":"2024-04-09 16:36:37","useCache":1},"list":[{"ad_id":"H00385","ad_space_height":"","ad_space_size":1,"ad_space_width":"","adcode":"pro_Android_en_live_mid_bar","adsource":"zzy","adsourcecode":"","adtype":5,"after_click_action":"{\"body\": {\"pkg_id\": \"\", \"group_id\": \"\", \"group_code\": \"\", \"is_user_no_pay\": \"\"}, \"type\": 1}","click":1,"click_url":"","id":"385","imglist":[{"height":96,"img_url":"https://hmstatic-1311597033.cos.ap-nanjing.myqcloud.com/media/ads/1731566894454115736/english_proc.jpg","jumpType":"0","jump_url":"","lang":1,"resolution":"272x96","width":272},{"height":96,"img_url":"https://hmstatic-1311597033.cos.ap-nanjing.myqcloud.com/media/ads/1727147886093655511/3-2.png","jumpType":"0","jump_url":"https://exwebsvr.smartcloudcon.com/careProcloud/#/photo","lang":1,"resolution":"272x96","width":272},{"height":96,"img_url":"https://hmstatic-1311597033.cos.ap-nanjing.myqcloud.com/media/ads/1737618186234639783/shishis
09-20 07:24:22(2463506628675127846) PID_SA INFO: [Java_com_chinatelecom_smarthome_viewer_business_impl_NativeClient_writeLogToFile:118]I/CurlLogger: hiping_dff4b937-0ac0-4284-9ce9-af185e3bad4c.png","jumpType":"0","jump_url":"https://exwebsvr.smartcloudcon.com/careProcloud/#/intelligentAlarm","lang":1,"resolution":"272x96","width":272}],"name":"实时视频推荐位","no_display_ad_people":0,"no_display_user_reg_days":0,"page_name":"","rate_times":"0-23","rate_week":"1,2,3,4,5,6,7","reg_gt_date":"","req_ad_timeout":5,"rule_conf":"{\"pop_type\": 1, \"pop_value\": \"\"}","rule_update_times":2609200,"show_time_end":"","show_time_length":5,"show_time_start":"2025-12-22","show_time_type":1,"skip":1,"skip_type":0,"strategy_type":0}]},"desc":"Success"}
09-20 07:24:22(545460855823) PID_SA INFO: [Java_com_chinatelecom_smarthome_viewer_business_impl_NativeClient_writeLogToFile:118]I/AdResourcesViewModel: requestGoodInfo:{"code":1000,"data":{"list":[{"id":"385","ad_id":"H00385","adcode":"pro_Android_en_live_mid_bar","adsource":"zzy","adsourcecode":"","adtype":5,"after_click_action":"{\"body\": {\"pkg_id\": \"\", \"group_id\": \"\", \"group_code\": \"\", \"is_user_no_pay\": \"\"}, \"type\": 1}","click":1,"click_url":"","imglist":[{"ad_id":"","adcode":"","height":96,"img_url":"https://hmstatic-1311597033.cos.ap-nanjing.myqcloud.com/media/ads/1731566894454115736/english_proc.jpg","isDownload":false,"jumpType":"0","jump_url":"","lang":1,"resolution":"272x96","width":272,"baseObjId":0},{"ad_id":"","adcode":"","height":96,"img_url":"https://hmstatic-1311597033.cos.ap-nanjing.myqcloud.com/media/ads/1727147886093655511/3-2.png","isDownload":false,"jumpType":"0","jump_url":"https://exwebsvr.smartcloudcon.com/careProcloud/#/photo","lang":1,"resolution":"272x96","width":272,"baseObjId":0},{"ad_id":"","adcode":"","height":96,"img_url":"https://hmstatic-1311597033.cos.ap-nanjing.myqcloud.com/media/ads/1737618186234639783/s
09-20 07:24:22(7503623846855975951) PID_SA INFO: [Java_com_chinatelecom_smarthome_viewer_business_impl_NativeClient_writeLogToFile:118]I/AdResourcesViewModel: hishishiping_dff4b937-0ac0-4284-9ce9-af185e3bad4c.png","isDownload":false,"jumpType":"0","jump_url":"https://exwebsvr.smartcloudcon.com/careProcloud/#/intelligentAlarm","lang":1,"resolution":"272x96","width":272,"baseObjId":0}],"jumpType":"","name":"实时视频推荐位","page_name":"","rate_times":"0-23","rate_week":"1,2,3,4,5,6,7","req_ad_timeout":5,"rule_conf":"{\"pop_type\": 1, \"pop_value\": \"\"}","rule_update_times":2609200,"show_time_end":"","show_time_length":5,"show_time_start":"2025-12-22","show_time_type":1,"skip":1,"skip_type":0,"strategy_type":0,"baseObjId":0}]},"desc":"Success"}
09-20 07:24:22(12970367459402982415) PID_SA INFO: [Java_com_chinatelecom_smarthome_viewer_business_impl_NativeClient_writeLogToFile:118]I/AdResourcesViewModel: requestGoodInfo:{"code":1000,"data":{"list":[{"id":"385","ad_id":"H00385","adcode":"pro_Android_en_live_mid_bar","adsource":"zzy","adsourcecode":"","adtype":5,"after_click_action":"{\"body\": {\"pkg_id\": \"\", \"group_id\": \"\", \"group_code\": \"\", \"is_user_no_pay\": \"\"}, \"type\": 1}","click":1,"click_url":"","imglist":[{"ad_id":"","adcode":"","height":96,"img_url":"https://hmstatic-1311597033.cos.ap-nanjing.myqcloud.com/media/ads/1731566894454115736/english_proc.jpg","isDownload":false,"jumpType":"0","jump_url":"","lang":1,"resolution":"272x96","width":272,"baseObjId":0},{"ad_id":"","adcode":"","height":96,"img_url":"https://hmstatic-1311597033.cos.ap-nanjing.myqcloud.com/media/ads/1727147886093655511/3-2.png","isDownload":false,"jumpType":"0","jump_url":"https://exwebsvr.smartcloudcon.com/careProcloud/#/photo","lang":1,"resolution":"272x96","width":272,"baseObjId":0},{"ad_id":"","adcode":"","height":96,"img_url":"https://hmstatic-1311597033.cos.ap-nanjing.myqcloud.com/media/ads/1737618186234639783/s
09-20 07:24:22(8101260402836382735) PID_SA INFO: [Java_com_chinatelecom_smarthome_viewer_business_impl_NativeClient_writeLogToFile:118]I/AdResourcesViewModel: hishishiping_dff4b937-0ac0-4284-9ce9-af185e3bad4c.png","isDownload":false,"jumpType":"0","jump_url":"https://exwebsvr.smartcloudcon.com/careProcloud/#/intelligentAlarm","lang":1,"resolution":"272x96","width":272,"baseObjId":0}],"jumpType":"","name":"实时视频推荐位","page_name":"","rate_times":"0-23","rate_week":"1,2,3,4,5,6,7","req_ad_timeout":5,"rule_conf":"{\"pop_type\": 1, \"pop_value\": \"\"}","rule_update_times":2609200,"show_time_end":"","show_time_length":5,"show_time_start":"2025-12-22","show_time_type":1,"skip":1,"skip_type":0,"strategy_type":0,"baseObjId":0}]},"desc":"Success"}
09-20 07:24:22(9231) PID_SA INFO: [Java_com_chinatelecom_smarthome_viewer_business_impl_NativeClient_writeLogToFile:118]LiveVideoActivity: onStop
09-20 07:24:22(9231) MD_TASK INFO: [Md_StopStream:2112]stop sessionid 4 playid 275
09-20 07:24:22(9231) MD_CACHE INFO: [Md_AudioPlayDestroyReadHandle:491]destroy audio read handle 0xb400007ad5215440 
09-20 07:24:22(9231) MD_CACHE INFO: [Md_VideoPlayDestroyReadHandle:599]destroy video read handle 0xb400007ad5215400 
09-20 07:24:22(545460855823) TRAS_TASK INFO: [Tras_StopPlay:462]chanid 4 send close requst
09-20 07:24:22(545460855823) PID_SA INFO: [Java_com_chinatelecom_smarthome_viewer_business_impl_NativeMedia_destroyVideoDecoder:1545]enter function(handle:12970367441943983648)
09-20 07:24:22(9231) PID_CBST INFO: [Cbst_Dec_VDecoderFree:492]VD task[0xb4000077ef5cf620] free
09-20 07:24:22(16682) TRAS_TASK INFO: [TrasStreamChannel_CloseChan:307]chanid 4 will be close
09-20 07:24:22(545460855823) PID_SA INFO: [Java_com_chinatelecom_smarthome_viewer_business_impl_NativeMedia_destroyAudioDecoder:1554]enter function(handle:12970367441943984320)
09-20 07:24:22(523986026790) MD_CACHE INFO: [Md_RgnPlayReadDestroy:182]region read handle 0xb400007a6e3fc420 detroyed ok
09-20 07:24:22(16678) MD_TASK INFO: [Md_ProcBussTaskStopStatus:2820]playid 275 sessionid 0 close ok
09-20 07:24:22(9231) PID_SA INFO: [Java_com_chinatelecom_smarthome_viewer_business_impl_NativeClient_writeLogToFile:118]E/LowPowerHeart: Heartbeat startDeviceHeart duration:25000,interval:3000,dId:12000103c0537c93
09-20 07:24:22(523986026818) CMD_TASK INFO: [Cmd_GetPeerCurNetInfo:993]reqid 280 send GetPeerCurNetInfo msg {"METHOD":"3472","SEQID":"280","FROM":{"UserToken":"1600010140c3ad111p3g5jmo63upuvo5"},"TO":{"DID":"12000103c0537c93"}} to peer 12000103c0537c93, iret 0
09-20 07:24:22(523986026818) PID_SA INFO: [Java_com_chinatelecom_smarthome_viewer_business_impl_NativeCommand_getCurNetworkInfo:543]HM_GetNetworkInfoEx ret = 0 puiReqId = 280
09-20 07:24:22(9231) PID_SA INFO: [Java_com_chinatelecom_smarthome_viewer_business_impl_NativeClient_writeLogToFile:118]BaseActivity: onSaveInstanceState==mIsShowAd:false//activity is LiveVideoActivity
09-20 07:24:22(545460855823) PID_CBST_AUDIOCTL ERR: [Cbst_AudioCtl_Stop:163]CBST_AUDIOCTL Not Init Magic:0 Init:0
09-20 07:24:23(16677) CMD_TASK INFO: [Cmd_ProcRecvNetMsg:5738]reqid 280 recv rsp content {"CODE":"0","METHOD":"3473","SEQID":"280","FROM":{"DID":"12000103c0537c93"},"TO":{"UserToken":"1600010140c3ad111p3g5jmo63upuvo5"},"BODY":{"NetType":"2","Signal":"91","IPAddr":"192.168.1.192","MacAddr":"F0:A8:82:ED:40:9D","SSID":"ASUS_30_2G"}}
09-20 07:24:23(3763395501764919589) PID_SA INFO: [FUN_DEVICE_RSP_GET_NETWORK_INFO:2502]FUN_DEVICE_RSP_GET_NETWORK_INFO reqId:280, err:0, netType:2, signalType:0, sigStrength:91, ip:192.168.1.192, ssid:ASUS_30_2G
09-20 07:24:23(16677) CMD_TASK INFO: [Cmd_ProcRecvNetMsg:5738]reqid 278 recv rsp content {"CODE":"0","METHOD":"3415","SEQID":"278","FROM":{"DID":"12000103c0537c93"},"TO":{"UserToken":"1600010140c3ad111p3g5jmo63upuvo5"},"BODY":{"Version":"","UpdateFlag":"0"}}
09-20 07:24:23(16677) PID_SA INFO: [FUN_CHECKVERSION_RSP:2162]FUN_CHECKVERSION_RSP reqId:278, error:0, status:0, version:, descUrl:
09-20 07:24:23(528280986639) PID_SA INFO: [Java_com_chinatelecom_smarthome_viewer_business_impl_NativeClient_writeLogToFile:118]I/NewDeviceSettingActivity: isNewDevice:true,updateModeEnum:0,isShowUpdate:true
09-20 07:24:24(16682) TRAS_TASK INFO: [TrasStreamChannel_CloseChan:313]chanid 4 close ok
09-20 07:24:24(16682) MD_CACHE INFO: [Md_VideoPlayDestroyWriteHandle:269]destroy video write handle 0xb400007a6e24b800 usrid 64
09-20 07:24:24(12970367455108022570) MD_CACHE INFO: [Md_RgnPlayWriteDestroy:83]region write handle 0xb400007a6e24b900 detroyed ok
09-20 07:24:24(12970367459402982415) PID_SA INFO: [Java_com_chinatelecom_smarthome_viewer_business_impl_NativeClient_writeLogToFile:118]BaseActivity: onPause==//activity is NewDeviceSettingActivity
09-20 07:24:24(12970367459402982415) PID_SA INFO: [Java_com_chinatelecom_smarthome_viewer_business_impl_NativeClient_writeLogToFile:118]BaseActivity: onPause==mIsShowAd:false//activity is NewDeviceSettingActivity
09-20 07:24:24(9231) PID_SA INFO: [Java_com_chinatelecom_smarthome_viewer_business_impl_NativeClient_writeLogToFile:118]BaseActivity: onSaveInstanceState==mIsShowAd:false//activity is NewDeviceSettingActivity
09-20 07:24:24(545460855823) PID_SA INFO: [Java_com_chinatelecom_smarthome_viewer_business_impl_NativeUser_GetDomainAddr:1672]HM_GetDomainAddr ret = 0,  aucSvrDomain:, aucWebDomain:, aucLogDomain:, aucAlexaDomain:
09-20 07:24:24(9231) PID_SA INFO: [Java_com_chinatelecom_smarthome_viewer_business_impl_NativeClient_writeLogToFile:118]I/HmHostConfig: hostInfo:{svrHost:,webHost:,logHost:,alexaHost:}
09-20 07:24:24(9570578704908923) PID_SA INFO: [Java_com_chinatelecom_smarthome_viewer_business_impl_NativeClient_writeLogToFile:118]I/CurlLogger: cURL -X POST -H "Content-Type: application/json; charset=UTF-8"  -d '{"appid":"1593592778513070","appver":"2.9.37","code":"Live_Cloud_Sale_En","companyid":"0000213ed0cdb8bc","devCfg":{},"did":"12000103c0537c93","language":"2","sdkver":"","trialFlag":"1","type":"EN","uid":"1600010140c3ad11","userGroup":[]}' "https://exsvr.smartcloudcon.com/carewebin/store/goodsinfos" -L
09-20 07:24:25(9231) PID_SA INFO: [Java_com_chinatelecom_smarthome_viewer_business_impl_NativeClient_writeLogToFile:118]I/LowPowerHeart: deviceState = 5
09-20 07:24:25(545460855823) PID_SA INFO: [Java_com_chinatelecom_smarthome_viewer_business_impl_NativeClient_writeLogToFile:118]I/LowPowerHeart: 11lowPowerConsumption  startDeviceHeart duration:0//interval:5000//dId:12000103c0537c93
09-20 07:24:25(17019) PID_SA INFO: [Java_com_chinatelecom_smarthome_viewer_business_impl_NativeClient_writeLogToFile:118]I/CurlLogger: response:{"code":"1000","data":{"commodityItem":[{"campOderNumber":0,"countdownTime":-1,"currency_symbol":"$","default":0,"deviceBuyCount":0,"deviceNum":1,"freepkg":0,"google_key":"com.huiyun.care.viewer.live.7day.yearly","imageUrl":"https://hmstatic-1311597033.cos.ap-nanjing.myqcloud.com/media/ads/1740558595370296256/CN-BD-CL1-QX.png","infolist":[],"ios_key":"","market":0,"marketDiscount":0.0,"marketDuration":0,"marketPrice":"0.00","marketUnit":"","name":"7 Days Event Recording （Yearly）","number":12,"order_type_id":1,"packageid":1,"pay":["4","3"],"poid":"63079","price":"36.99","promoteGroupId":"[]","promotePkg":[],"serviceCycleName":"","serviceid":300010,"showRelName":"","showServiceCycle":1,"showType":0,"show_price":"36.99","subscription":1,"subscription_info":"","tag":{"type2":"$49.99"},"templatesnapshot":"{\"id\": \"12\", \"type\": \"BASE\", \"sdkMax\": \"3999999\", \"sdkMin\": \"0\", \"typeId\": \"1\", \"patchId\": \"1\", \"serviceItem\": [{\"bussConfig\": {}, \"functionId\": \"1010\", \"abilityConfig\":
09-20 07:24:25(3631432339537543803) PID_SA INFO: [Java_com_chinatelecom_smarthome_viewer_business_impl_NativeClient_writeLogToFile:118]I/CurlLogger:  {\"Duration\": \"30\", \"StreamID\": \"1\", \"StorageList\": [{\"LoopDays\": \"7\", \"RecordType\": \"2\"}]}}, {\"bussConfig\": {}, \"functionId\": \"1011\", \"abilityConfig\": {\"GifFlag\": \"1\", \"PicType\": \"2\", \"LoopDays\": \"7\", \"RecordType\": \"1\", \"SnapJpgCnt\": \"5\", \"GifOpenFlag\": \"0\", \"StorageType\": \"0\"}}, {\"bussConfig\": {}, \"functionId\": \"1013\", \"abilityConfig\": {\"LoopDays\": \"7\"}}], \"templateName\": \"7天事件模板-12个月\", \"deviceSupport\": \"1 \u0026\u0026 1 \u0026\u0026 1\", \"effectiveUnit\": \"MONTH\", \"lowestPriceEn\": \"73.0\", \"orientationType\": \"DEVICE\", \"lowestPriceEnUsd\": \"10.0\", \"effectiveDuration\": \"12\", \"monthLowestPriceEn\": \"11.68\", \"monthLowestPriceEnUsd\": \"1.1\"}","trialCondition":1,"trialDay":0,"uniqueid":"5jHjUlaVuo","unit":"MONTH","updatetime":"2025-09-29T15:57:19","userBuyCount":0}],"pay":[]},"desc":"success","traceId":"52e92a7b-6eff-4377-9352-986cd361e134"}
09-20 07:24:25(9231) TRAS_TASK INFO: [TrasStreamChannel_Create:368]Create channel[5] [0xb400007accc7c940] stream[0xb400007ab9383ec0] media 4 stream type 1
09-20 07:24:25(9231) MD_TASK INFO: [Md_CollectPeerLogFile:4025]chanid 5 reqid 281 handle 0xb400007b2c93c000 down peer 12000103c0537c93 logfile /data/user/0/com.huiyun.care.viewerpro.googleplay/files/Care/log/12000103c0537c93
09-20 07:24:25(9231) PID_SA INFO: [Java_com_chinatelecom_smarthome_viewer_business_impl_NativeClient_writeLogToFile:118]I/PackageViewModel: requestGoodInfo:{"code":"1000","data":{"code":0,"commodityItem":[{"campOderNumber":"0","canTrialBuy":0,"countdownTime":"-1","currency_symbol":"$","default":0,"DescLabel":[],"deviceBuyCount":0,"deviceNum":1,"freepkg":0,"IapGoogleKeyNonSub":"","google_key":"com.huiyun.care.viewer.live.7day.yearly","imageUrl":"https://hmstatic-1311597033.cos.ap-nanjing.myqcloud.com/media/ads/1740558595370296256/CN-BD-CL1-QX.png","infolist":[],"ios_key":"","MarketingPrice":"","name":"7 Days Event Recording （Yearly）","IsNoSubscription":0,"NoSubscriptionMarketingPrice":"0","NoSubscriptionPrice":"0","number":12,"order_type_id":1,"PackageLabel":[],"packageid":"1","pay":["4","3"],"poid":"63079","price":"36.99","serviceCycleName":"","showRelName":"","showServiceCycle":1,"showType":0,"show_price":"36.99","subscription":1,"SubscriptionLanguageDesc":"","tag":{"type2":"$49.99"},"TrialDay":0,"TrialPrice":"0","TrialType":"","unit":"MONTH","updatetime":"2025-09-29T15:57:19","userBuyCount":0}],"pay":[]}}
09-20 07:24:25(9231) PID_SA INFO: [Java_com_chinatelecom_smarthome_viewer_business_impl_NativeClient_writeLogToFile:118]I/PackageViewModel: requestGoodInfo:{"code":"1000","data":{"code":0,"commodityItem":[{"campOderNumber":"0","canTrialBuy":0,"countdownTime":"-1","currency_symbol":"$","default":0,"DescLabel":[],"deviceBuyCount":0,"deviceNum":1,"freepkg":0,"IapGoogleKeyNonSub":"","google_key":"com.huiyun.care.viewer.live.7day.yearly","imageUrl":"https://hmstatic-1311597033.cos.ap-nanjing.myqcloud.com/media/ads/1740558595370296256/CN-BD-CL1-QX.png","infolist":[],"ios_key":"","MarketingPrice":"","name":"7 Days Event Recording （Yearly）","IsNoSubscription":0,"NoSubscriptionMarketingPrice":"0","NoSubscriptionPrice":"0","number":12,"order_type_id":1,"PackageLabel":[],"packageid":"1","pay":["4","3"],"poid":"63079","price":"36.99","serviceCycleName":"","showRelName":"","showServiceCycle":1,"showType":0,"show_price":"36.99","subscription":1,"SubscriptionLanguageDesc":"","tag":{"type2":"$49.99"},"TrialDay":0,"TrialPrice":"0","TrialType":"","unit":"MONTH","updatetime":"2025-09-29T15:57:19","userBuyCount":0}],"pay":[]}}
09-20 07:24:25(9231) PID_SA INFO: [Java_com_chinatelecom_smarthome_viewer_business_impl_NativeClient_writeLogToFile:118]I/GooglePayManagerV2: startConnection billingClient.isReady=true retry=false funcId= hasCallback=true
09-20 07:24:25(9231) PID_SA INFO: [Java_com_chinatelecom_smarthome_viewer_business_impl_NativeClient_writeLogToFile:118]I/GooglePayManagerV2: queryProduct start productType=subs requestSize=1 cacheSize=3
09-20 07:24:25(9231) PID_SA INFO: [Java_com_chinatelecom_smarthome_viewer_business_impl_NativeClient_writeLogToFile:118]I/GooglePayManagerV2: productType = subs productId = com.huiyun.care.viewer.live.7day.yearly
09-20 07:24:25(9231) PID_SA INFO: [Java_com_chinatelecom_smarthome_viewer_business_impl_NativeClient_writeLogToFile:118]I/====///===: payInfo:1
09-20 07:24:25(19741) PID_SA INFO: [Java_com_chinatelecom_smarthome_viewer_business_impl_NativeClient_writeLogToFile:118]I/GooglePayManagerV2: queryProduct result fetched=1 unfetched=0 cacheSize=3 billingResult = message:,responseCode=0
09-20 07:24:25(19741) PID_SA INFO: [Java_com_chinatelecom_smarthome_viewer_business_impl_NativeClient_writeLogToFile:118]I/GooglePayManagerV2: priceCurrencyCode =   formattedPrice:null,//originPrice:null
09-20 07:24:25(19741) PID_SA INFO: [Java_com_chinatelecom_smarthome_viewer_business_impl_NativeClient_writeLogToFile:118]I/GooglePayManagerV2: priceCurrencyCode = INR  formattedPrice:₹3,850.00,//originPrice:3850000000
09-20 07:24:26(523986026795) TRAS_TASK INFO: [TrasStreamChannel_ProcLogFileStreamRsp:1525]chanid 5 recv get logfile rsp; logfile name /data/user/0/com.huiyun.care.viewerpro.googleplay/files/Care/log/12000103c0537c93/log.tar.gz size 22124
09-20 07:24:26(16683) PID_SA INFO: [FUN_DEVICE_COMMON_RSP:1216]FUN_DEVICE_COMMON_RSP uiReqId:281, iErr:0
09-20 07:24:26(523986026795) TRAS_TASK INFO: [Tras_StopPlay:462]chanid 5 send close requst
