05-11 11:02:17(3419188056635226074) cos INFO: [Cos_SysInit:60]Cos init ok
05-11 11:02:17(20085) cos INFO: [Cos_ThreadProc:174]thread[Cos_InetMgr]:0x4ce0d060 , threadid:20085 start ok
05-11 11:02:17(545460860890) CFG_TASK INFO: [Cfg_LoadOwnerUsrCfg:224]user cfg sync flag 0,nickname  mobile  RegPeriod 
05-11 11:02:17(493921259051) PID_SA INFO: [Java_com_chinatelecom_smarthome_viewer_business_impl_NativeUser_init:171]enter function
05-11 11:02:17(493921259051) PID_SA INFO: [Java_com_chinatelecom_smarthome_viewer_business_impl_NativeUser_GetDomainAddr:1672]HM_GetDomainAddr ret = 0,  aucSvrDomain:, aucWebDomain:, aucLogDomain:, aucAlexaDomain:
05-11 11:02:17(545460860890) CFG_TASK INFO: [Cfg_LoadUserGroupCfg:35]load localFile ,get usr group list {"grplist":[{"syncflag":"1","grpid":"1600010140c3ad11A0000001","grpdesc":"","gtoken":"1600010140c3ad11A0000001","ownerid":"1600010140c3ad11"},{"syncflag":"1","grpid":"22000101413a31a9","parentgrpid":"1600010140c3ad11A0000001","grpdesc":"","gtoken":"oylyjfsbu6l0e2d4ucge","ownerid":"1600010140c3ad11","devnum":"1","devlist":[{"memberid":"12000103c0537c93","CTEI":"000CF025010605EL","onlinestatus":"1","jt":"2025-11-01 16:08:54","OffLineTime":"2026-05-03 05:17:02"}]}],"syncflag":"1","synctime":"1777797774"} usrId[1600010140c3ad11]
05-11 11:02:17(3762536723054082010) CFG_TASK INFO: [Cfg_FindAndCreatGroupNode:273]creat new group 1600010140c3ad11A0000001 item 255
05-11 11:02:17(545460860890) CFG_TASK INFO: [Cfg_ParseGroupInfItem:1291]load grp 1600010140c3ad11A0000001 dev num 0 usrnum 0 rolenum 0 
05-11 11:02:17(14298) CFG_TASK INFO: [Cfg_FindAndCreatGroupNode:273]creat new group 22000101413a31a9 item 255
05-11 11:02:17(545460860890) CFG_TASK INFO: [Cfg_ParseGroupInfItem:1291]load grp 22000101413a31a9 dev num 1 usrnum 0 rolenum 0 
05-11 11:02:17(14298) CFG_TASK INFO: [Cfg_LoadPeerDeviceFile:40]load device 12000103c0537c93 cfg :
05-11 11:02:17(545460860890) CFG_TASK INFO: [Cfg_LoadPeerDeviceFile:49]systemInf: {"Sign":"43374","CompanyID":"0000213ed0cdb8bc","AppID":"1665373297326122","AblPlatType":"0","AblPlatAddr":"","HxlinkPort":"0","HxLinkAddr":"","CTEI":"000CF025010605EL","DevThirdSn":"","GroupId":"22000101413a31a9","DID":"12000103c0537c93"}
05-11 11:02:17(545460860890) CFG_TASK INFO: [Cfg_LoadPeerDeviceFile:58]devinfo: {"Sign":"1075","EncAbility":"0","OTAAbility":"7","OTAType":"0","WifiSetAbility":"25","EnergyType":"0","AwakeAbility":"0","AOVAbility":"0","SwitchAOVFrameRateAbility":"0","MicVolumeAbility":"0","SIMAbility":"0","OneClickShowAbility":"0","LogCollectAbility":"1","Powersupply":"1","SupplyShowPowerAbility":"0","DualFrequency":"0","ApSetPasswd":"0","TimerOpenAbility":"0","PowerLevel":"100","SdkVersion":"50664832","DevVersion":"YGT.AJ-L33PQ08A1-v241030.1014","OldDevFlag":"0","DevName":"GateCameras","OsType":"1","DevType":"1","AwakeInterval":"0","MaxSessionCnt":"4","AliveSessionCnt":"0","WifiStrength":"0","AutoSync":"1","DevModel":"AJ-L33PQ08A1","SSID":"","MacAddr":"","DstArea":"Asia/Kolkata","Dst":"IST-5:30","DstUseFlag":"1","TimeMode":"0","StatusLedMode":"1","SimSlotCnt":"0","WorkSimSlotId":"0","IMEI":"","Language":"0","PromptSet":"0","ApHasPassWd":"0","AOVFrameInterval":"0","SimSlots":[],"MulMedia":{"Port":"0","Ipv4":"","ReSource":"","EncType":"0","EncKey":"","EncLv":""}}
05-11 11:02:17(545460860890) CFG_TASK INFO: [Cfg_LoadPeerDeviceFile:73]cameraInf: {"Sign":"70708","CamCnt":"1","CamWorkType":"0","CamList":[{"CamId":"0","StreamCount":"2","PIPAblity":"0","VoicePlayAbility":"1","MicroPhoneAbility":"1","OSDSetAbility":"1","IRRedAbility":"1","InversionAbility":"1","MirrorAbility":"0","StorageAbility":"1","WDRAbility":"1","HDRAbility":"0","FullColorMode":"0","HumanRgnAblity":"1","OSDAblity":"1","SupportPtz":"3","PTZMode":"3","AntiFlickerAbility":"0","PrivacyMaskAbility":"0","OSDName":"","OSDPosition":"0","OSDCustomSwitch":"0","OSDCommonSwitch":"0","Sensor":{"MaxLenCount":"1","CurrentLenID":"0","AutoFlag":"1","DefaultLenId":"0","RectifyAbility":"0","ZoomAbility":"0","CurZoomValue":0,"CombineFlag":0,"Lens":[{"LenID":"0","LenName":"0","LensType":"0","LenFocalLenth":"4","MinLenFocalLenth":"0","MaxLenFocalLenth":"0"}]},"MicroPhoneStatus":"1","CamStatus":"1","InversionType":"1","MirrorType":"0","IRRedMode":"0","ScanFrequery":"0","StorageStatus":"1","Volumn":"50","WDRMode":"0","HDRMode":"0","PlayMode":"3","RingToneSetAbility":"1","RingToneDecAbility":"5","AudioParam":{"EncType":"4","SampleRate":"8000","Channel":"1","Depth":"16"},"PrivacyList":[],"Streamers":[{"ResolutionAbility":"28","EncAbility":"2","HideFlag":"0","StreamID":"0","Resolution":"16","Width":"1920","Height":"1080","EncType":"2","SmartEncFlag":"0","Quality":"2","FrameRate":"17","BiteRate":"8","RateType":"1","FrameInterval":"100"},{"ResolutionAbility":"1","EncAbility":"2","HideFlag":"0","StreamID":"1","Resolution":"1","Width":"640","Height":"360","EncType":"2","SmartEncFlag":"0","Quality":"2","FrameRate":"17","BiteRate":"5","RateType":"1","FrameInterval":"100"}]}]}
05-11 11:02:17(545460860890) CFG_TASK INFO: [Cfg_LoadPeerDeviceFile:93]inIotInf: {"PTZAbility":"3","AttachPTZAbility":"0","PTZSpeedAbility":"1","MotionAbility":"1","DoorbellAbility":"0","RecordAbility":"1","PIRAbility":"0","VoiceAlarmAbility":"0","SnapshotAbility":"1","BuzzerAbility":"1","StatusLampAbility":"0","LampAbility":"1","CloudRecordAbility":"0","CloudSnapshotAbility":"1","CameraAbility":"1","EventAbility":"1","SupportCloudFlag":"1","Sign":"41496","IoTS":[{"AIIoTType":"1006","AIIoTID":"0","OpenFlag":"1","Sign":"0"},{"AIIoTType":"1005","AIIoTID":"0","OpenFlag":"1","Sign":"0","Prop":{"SnapLoopFlag":"1","SnapInterval":"180","SnapFullFlag":"0","SnapPicType":"2"}},{"AIIoTType":"1000","AIIoTID":"0","OpenFlag":"1","Sign":"0","Prop":{"Motion":{"Status":"0","Interval":"60","Trace":"0","Sensitive":"50"},"Human":{"Sensitive":"50","Status":"0","Interval":"60","Trace":"0"},"Face":{"Sensitive":"50","Status":"0","Interval":"60","Trace":"0"}}},{"AIIoTType":"1009","AIIoTID":"0","OpenFlag":"1","Sign":"0","Prop":{"Status":"1"}},{"AIIoTType":"1014","AIIoTID":"0","OpenFlag":"1","Sign":"0","Prop":{"IrcutType":"2"}},{"AIIoTType":"1007","AIIoTID":"0","OpenFlag":"1","Sign":"0","Prop":{}},{"AIIoTType":"1002","AIIoTID":"0","OpenFlag":"1","Sign":"0","Prop":{"RecordLoop":"1","RecordFull":"0","StreamID":"0","Duration":"0"}},{"AIIoTType":"1011","AIIoTID":"0","OpenFlag":"1","Sign":"0","Prop":{"GifFlag":"1","GifOpenFlag":"0","Interval":"30","LoopDays":"3","PicType":"2","RecordType":"1","SnapJpgCnt":"1","StorageType":"0","Support":"1","hm_editable":"0"}},{"AIIoTType":"1013","AIIoTID":"0","OpenFlag":"1","Sign":"0","Prop":{"PushFlag":"7","SMSFlag":"1","EmailFlag":"1","Interval":"300","EmailAddr":"","StartTime":"0","EndTime":"86400","SpanFlag":"0","Week":"127"}},{"AIIoTType":"1012","AIIoTID":"0","OpenFlag":"1","Sign":"0"},{"AIIoTType":"1093","AIIoTID":"0","OpenFlag":"1","Sign":"0","Prop":null,"Buss":{"TimeArea":"","TimeZone":""}},{"AIIoTType":"1098","AIIoTID":"0","OpenFlag":"1","Sign":"0","Prop":{"EventList":[{"EventID":"108300"},{"Ev***
05-11 11:02:17(2478510834930694106) CFG_TASK INFO: [Cfg_SetCamSupportPtz:7319]peerid 12000103c0537c93 camid 3 set ptz 2139062143
05-11 11:02:17(545460860890) CFG_TASK INFO: [Cfg_LoadPeerDeviceFile:101]iothub inf: {"Sign":"0","IoTHubAbility":"0","IoTHubMaxCount":"32","IoTHubStatus":"0","IoTs":[]}
05-11 11:02:17(545460860890) CFG_TASK INFO: [Cfg_LoadPeerDeviceFile:110]cur timepolicy: {"Sign":"0","Policys":[{"OpenFlag":"1","PolicyID":"1","PolicyName":"Time_1","Week":"127","StartTime":"0","EndTime":"86399","LoopType":"0","Day":"","Action":[{"AIIoTType":"1002","AIIoTID":"0","Output":{"CtrlType":"1","StreamID":"0","Duration":"600"}},{"AIIoTType":"1005","AIIoTID":"0","Output":{"PicType":"2","Interval":"30","GifFlag":"0"}},{"AIIoTType":"1010","AIIoTID":"0","Output":{"CtrlType":"1","StreamID":"0","Duration":"600"}}]},{"OpenFlag":"0","PolicyID":"2","PolicyName":"Time_1","Week":"127","StartTime":"0","EndTime":"86399","LoopType":"0","Day":"","Action":[{"AIIoTType":"1002","AIIoTID":"0","Output":{"CtrlType":"1","StreamID":"0","Duration":"600"}},{"AIIoTType":"1005","AIIoTID":"0","Output":{"PicType":"2","Interval":"30","GifFlag":"0"}},{"AIIoTType":"1010","AIIoTID":"0","Output":{"CtrlType":"1","StreamID":"0","Duration":"600"}}]}]}
05-11 11:02:17(545460860890) CFG_TASK INFO: [Cfg_LoadPeerDeviceFile:119]cur alarmpolicy: {"Sign":"38545","Policys":[{"AIIoTType":"1000","AIIoTID":"0","OpenFlag":"1","PolicyName":"Alarm_100","PolicyID":"100","Prop":{"Motion":{"Trace":"0","Sensitive":"50","Status":"0","Interval":"35"},"Human":{"Trace":"0","Sensitive":"50","Status":"0","Interval":"50"},"Face":{"Trace":"0","DiscernFlag":"0","Sensitive":"25","Status":"0","Interval":"30"}},"Events":[{"EventID":"100001","OpenFlag":"0","Week":"127","StartTime":"0","EndTime":"86399","SpanFlag":"0","Action":[{"AIIoTType":"1009","AIIoTID":"0","OutPut":{"AlarmType":"1000","CtrlType":"0","LoopCnt":"1","SoundName":"","SoundType":"2"}},{"AIIoTType":"1002","AIIoTID":"0","OutPut":{"CtrlType":"1","Duration":"30","StreamID":"0"}},{"AIIoTType":"1005","AIIoTID":"0","OutPut":{"PicType":"2","Interval":"","GifFlag":"0"}},{"AIIoTType":"1013","AIIoTID":"0","OutPut":{"EmailFlag":"1","EndTime":"86400","Interval":"0","PushFlag":"7","SMSFlag":"1","SpanFlag":"1","StartTime":"0","Week":"127"}},{"AIIoTType":"1011","AIIoTID":"0","OutPut":{"PicType":"2","Interval":"","GifFlag":"1"}},{"AIIoTType":"1010","AIIoTID":"0","OutPut":{"CtrlType":"1","Duration":"30","StreamID":"0"}},{"AIIoTType":"0","AIIoTID":"0"},{"AIIoTType":"1007","AIIoTID":"0","OutPut":{"CtrlType":"1","Duration":"31"}}],"FenceID":[],"SceneID":[],"TriggerInfo":[]},{"EventID":"100002","OpenFlag":"0","Week":"127","StartTime":"0","EndTime":"86399","SpanFlag":"0","Action":[{"AIIoTType":"1009","AIIoTID":"0","OutPut":{"AlarmType":"1000","CtrlType":"0","LoopCnt":"1","SoundName":"","SoundType":"2"}},{"AIIoTType":"1002","AIIoTID":"0","OutPut":{"CtrlType":"1","Duration":"30","StreamID":"0"}},{"AIIoTType":"1005","AIIoTID":"0","OutPut":{"PicType":"2","Interval":"","GifFlag":"0"}},{"AIIoTType":"1013","AIIoTID":"0","OutPut":{"EmailFlag":"1","EndTime":"86400","Interval":"0","PushFlag":"7","SMSFlag":"1","SpanFlag":"1","StartTime":"0","Week":"127"}},{"AIIoTType":"1011","AIIoTID":"0","OutPut":{"PicType":"2","Interval":"","GifFlag":"1"}},{"AIIoTType***
05-11 11:02:17(545460860890) CFG_TASK INFO: [Cfg_LoadPeerDeviceFile:128]cur ptzFile: {"Sign":"4932","SetPresetAbility":"1","CruiseAbility":"0","PositionAbility":"0","PreSets":[{"PresetId":"1762176769","Name":"right","PicID":"20251103213252100119c0537c937006","Point":{"X":"-5058","Y":"2556","Z":0,"FocalLen":0}},{"PresetId":"1762325434","Name":"good1","PicID":"20251105145036100119c0537c932912","Point":{"X":"-5568","Y":"2000","Z":0,"FocalLen":0}},{"PresetId":"1764592558","Name":"g2","PicID":"20251201203600100119c0537c933264","Point":{"X":"-5372","Y":"5334","Z":0,"FocalLen":0}}],"Cruises":[],"WatchPoint":{"PresetID":"0","WatchTime":"0"}}
05-11 11:02:17(8764904125050664922) cos ERR: [Cos_FileLoad:131]file open pucFileName:/data/user/0/com.huiyun.care.viewerpro.googleplay/files/Care/config/12000103c0537c93/ServerSetcfg.db
05-11 11:02:17(8764904125050664922) cos ERR: [Cos_FileLoad:131]file open pucFileName:/data/user/0/com.huiyun.care.viewerpro.googleplay/files/Care/config/12000103c0537c93/scenemode.db
05-11 11:02:17(493921253338) CFG_TASK INFO: [Cfg_Ai_DelRegions:1237]delete humCount regions
05-11 11:02:17(8764904125050664922) cos ERR: [Cos_FileLoad:131]file open pucFileName:/data/user/0/com.huiyun.care.viewerpro.googleplay/files/Care/config/12000103c0537c93/energymode.db
05-11 11:02:17(8764904125050664922) cos ERR: [Cos_FileLoad:131]file open pucFileName:/data/user/0/com.huiyun.care.viewerpro.googleplay/files/Care/config/12000103c0537c93/fence.db
05-11 11:02:17(8764904125050664922) cos ERR: [Cos_FileLoad:131]file open pucFileName:/data/user/0/com.huiyun.care.viewerpro.googleplay/files/Care/config/12000103c0537c93/gb.db
05-11 11:02:17(545460860890) CFG_TASK INFO: [Cfg_LoadPeerDeviceFile:192]cur Algorithm: {"Sign":"0","EventIDs":[{"EventID":"100000","AIIoTType":"1000","OpenFlag":"1","Name":"Motion Detection"},{"EventID":"100001","AIIoTType":"1000","OpenFlag":"1","Name":"Human Detection"},{"EventID":"109600","AIIoTType":"1096","OpenFlag":"0","Name":""},{"EventID":"109700","AIIoTType":"1097","OpenFlag":"0","Name":""},{"EventID":"102900","AIIoTType":"1029","OpenFlag":"0","Name":"Pet Detection"},{"EventID":"108300","AIIoTType":"1083","OpenFlag":"0","Name":"Vehicle Detection"},{"EventID":"300008","AIIoTType":"1000","OpenFlag":"0","Name":""},{"EventID":"109701","AIIoTType":"1097","OpenFlag":"0","Name":""},{"EventID":"110500","AIIoTType":"1105","OpenFlag":"0","Name":""},{"EventID":"102902","AIIoTType":"1029","OpenFlag":"0","Name":""},{"EventID":"102904","AIIoTType":"1029","OpenFlag":"0","Name":""},{"EventID":"109703","AIIoTType":"1097","OpenFlag":"0","Name":""},{"EventID":"102600","AIIoTType":"1026","OpenFlag":"0","Name":""},{"EventID":"108901","AIIoTType":"1089","OpenFlag":"0","Name":""},{"EventID":"100017","AIIoTType":"1000","OpenFlag":"0","Name":"Motion Detection Cross Line"},{"EventID":"102903","AIIoTType":"1029","OpenFlag":"0","Name":""},{"EventID":"110600","AIIoTType":"1106","OpenFlag":"0","Name":""},{"EventID":"109702","AIIoTType":"1097","OpenFlag":"0","Name":""},{"EventID":"102500","AIIoTType":"1025","OpenFlag":"0","Name":""},{"EventID":"102906","AIIoTType":"1029","OpenFlag":"0","Name":""},{"EventID":"110300","AIIoTType":"1103","OpenFlag":"0","Name":""},{"EventID":"110400","AIIoTType":"1104","OpenFlag":"0","Name":""},{"EventID":"110900","AIIoTType":"1109","OpenFlag":"0","Name":""},{"EventID":"102901","AIIoTType":"1029","OpenFlag":"0","Name":""},{"EventID":"102905","AIIoTType":"1029","OpenFlag":"0","Name":""}],"ServiceIDs":[{"OpenFlag":"1","ServiceID":"300027"},{"OpenFlag":"1","ServiceID":"300026"},{"OpenFlag":"0","ServiceID":"300009"},{"OpenFlag":"0","ServiceID":"300008"},{"OpenFlag":"0","ServiceID":"300007"},{"OpenFlag":***
05-11 11:02:17(545460860890) CFG_TASK INFO: [Cfg_LoadPeerDeviceFile:201]cur dev app setting : {"Sign":"8077","VideoResample":"0","JpgResample":"1","ResampleHight":"1296","ResampleWidth":"2304","LampFlag":"0","LightMaxTime":"43200","LightLevelMode":"1","PlayRestrictionFlag":"0","PlayLenth":"0","ClickAlarm":"1","PriorStreamID":"1","ScreenSplit":{"OpenFlag":"0","SplitCamID":"0","ShownPrecent":"0"},"EncoderID":"0","AutoSwitchMode":"0"}
05-11 11:02:17(545460860890) CFG_TASK INFO: [Cfg_LoadPeerDeviceFile:210]cur dev chargelist : {"Sign":"0","AutoPayStatus":"0","DayExpireFlag":"0","EventExpireFlag":"0","Packages":[]}
05-11 11:02:17(8764904125050664922) cos ERR: [Cos_FileLoad:131]file open pucFileName:/data/user/0/com.huiyun.care.viewerpro.googleplay/files/Care/config/12000103c0537c93/channel.db
05-11 11:02:17(545460860890) CFG_TASK INFO: [Cfg_FindAndCreatPeerDevNode:358]add device 12000103c0537c93 groupid 22000101413a31a9 ok
05-11 11:02:17(8764904125050664922) cos ERR: [Cos_FileLoad:131]file open pucFileName:/data/user/0/com.huiyun.care.viewerpro.googleplay/files/Care/config/c1918db067cd7ffaef3352fc2e4a9/paidordercfg.db
05-11 11:02:17(8764904125050664922) cos ERR: [Cos_FileLoad:131]file open pucFileName:/data/user/0/com.huiyun.care.viewerpro.googleplay/files/Care/config/c1918db067cd7ffaef3352fc2e4a9/beveriorcfg.db
05-11 11:02:17(14298) MD_CACHE INFO: [Md_AuidoInit:52]audio init ok
05-11 11:02:17(14298) MD_CACHE INFO: [Md_VideoInit:57]media video init
05-11 11:02:17(14298) MD_MP4_MUXER INFO: [Md_Mp4Muxer_Init:45]mp4 muxer init ok
05-11 11:02:17(14298) MD_MP4 INFO: [Md_Mp4DeMuxer_Init:41]mp4 demuxer init ok
05-11 11:02:17(14298) TRAS_TASK INFO: [Tras_Malloc_SockBuf:26]malloc socket buff cnt 10 
05-11 11:02:17(545460860890) MUL_MEDIA INFO: [MultiMedia_Init:100]Task Init Ok
05-11 11:02:17(14298) TRAS_TASK INFO: [Tras_Malloc_SockBuf:26]malloc socket buff cnt 14 
05-11 11:02:17(214917741130299354) TRAS_HTTP INFO: [Tras_Httpclient_Init:161]Httpclient Initialize success!
05-11 11:02:17(12970367425043249114) DP_MNG INFO: [DiskSpace_Init:351]disk spce mng task init ok
05-11 11:02:17(12970367425043249114) EVENT_TASK INFO: [Event_Init:3188]notice module init
05-11 11:02:17(14298) CLOUD_TASK INFO: [Cloud_ResInit:38]cloud res init ok
05-11 11:02:17(20086) cos INFO: [Cos_ThreadProc:174]thread[HttpClientThread]:0x4ce0d240 , threadid:20086 start ok
05-11 11:02:17(502511187930) nvr_cfg INFO: [cfg_NVRMng_Init:155]Create msg queue 0xb40000744ce0d3c0 
05-11 11:02:17(12970367425043249114) ZJ_TASK INFO: [ZJ_Init:49]Client Sdk Version 3151001
05-11 11:02:17(545460860890) PID_SA INFO: [Java_com_chinatelecom_smarthome_viewer_business_impl_NativeUser_init:171]enter function
05-11 11:02:17(14298) PID_SA INFO: [Java_com_chinatelecom_smarthome_viewer_business_impl_NativeDevice_init:1171]enter function
05-11 11:02:17(493921253338) PID_SA INFO: [Java_com_chinatelecom_smarthome_viewer_business_impl_NativeCommand_init:122]enter function
05-11 11:02:17(14298) PID_SA INFO: [Java_com_chinatelecom_smarthome_viewer_business_impl_NativeCommand_init:259]return function
05-11 11:02:17(14298) PID_CBST INFO: [Cbst_Dec_Init:20]Init ok
05-11 11:02:17(14298) PID_SA INFO: [Java_com_chinatelecom_smarthome_viewer_business_impl_NativeMedia_init:167]enter function
05-11 11:02:17(14298) PID_SA INFO: [Java_com_chinatelecom_smarthome_viewer_business_impl_NativeOld_init:66]enter function
05-11 11:02:17(493921253338) CFG_TASK INFO: [Cfg_SetCountryCode:268]set local contry GB
05-11 11:02:17(14298) CFG_TASK INFO: [Cfg_Task_Start:88]app use sdk version 51712001
05-11 11:02:17(20088) cos INFO: [Cos_ThreadProc:174]thread[cfg_task]:0x4ce0d420 , threadid:20088 start ok
05-11 11:02:17(14298) CMD_TASK INFO: [Cmd_Start:402]cmd task start ok
05-11 11:02:17(20089) cos INFO: [Cos_ThreadProc:174]thread[cmd_task]:0x4ce0d480 , threadid:20089 start ok
05-11 11:02:17(20091) cos INFO: [Cos_ThreadProc:174]thread[cloud_block]:0x4ce0d540 , threadid:20091 start ok
05-11 11:02:17(20092) cos INFO: [Cos_ThreadProc:174]thread[cloud_unblock]:0x4ce0d5a0 , threadid:20092 start ok
05-11 11:02:17(493921259130) cos INFO: [Cos_ThreadProc:174]thread[md_mng]:0x4ce0d4e0 , threadid:20090 start ok
05-11 11:02:17(493921259128) TRAS_TASK INFO: [TrasPeer_LoadDeviceList:329]Load Did 12000103c0537c93 CTEI 000CF025010605EL ok OldFlag 0
05-11 11:02:17(493921259128) TRAS_TASK INFO: [TrasPeer_LoadDeviceList:332]load group list number 2
05-11 11:02:17(20088) TRAS_TASK INFO: [TrasLink_GetLink:29]link task init OK
05-11 11:02:17(14298) TRAS_TASK INFO: [TrasBase_StartThread:442]Tras start threads running success
05-11 11:02:17(493921259051) PID_SA INFO: [Java_com_chinatelecom_smarthome_viewer_business_impl_NativeUser_init:171]enter function
05-11 11:02:17(493921259051) PID_SA INFO: [Java_com_chinatelecom_smarthome_viewer_business_impl_NativeUser_GetDomainAddr:1672]HM_GetDomainAddr ret = 0,  aucSvrDomain:, aucWebDomain:, aucLogDomain:, aucAlexaDomain:
05-11 11:02:17(493921259133) cos INFO: [Cos_ThreadProc:174]thread[TrasBaseProcThread]:0x4ce0d600 , threadid:20093 start ok
05-11 11:02:17(9250420048667883482) TRAS_TASK INFO: [Tras_Start:36]tras task start ok
05-11 11:02:17(20095) cos INFO: [Cos_ThreadProc:174]thread[TunnelRecvThread]:0x4ce0d6c0 , threadid:20095 start ok
05-11 11:02:17(20096) cos INFO: [Cos_ThreadProc:174]thread[MULTI_MEDIA]:0x4ce0d720 , threadid:20096 start ok
05-11 11:02:17(493921259134) cos INFO: [Cos_ThreadProc:174]thread[TrasBaseSendThread]:0x4ce0d660 , threadid:20094 start ok
05-11 11:02:17(502511187930) DP_MNG INFO: [DiskSpace_Start:368]disk spce mng task run ok
05-11 11:02:17(493921259137) cos INFO: [Cos_ThreadProc:174]thread[DP_TASK]:0x4ce0d780 , threadid:20097 start ok
05-11 11:02:17(14298) EVENT_TASK INFO: [Event_Start:3267]notice module start ok
05-11 11:02:17(20098) cos INFO: [Cos_ThreadProc:174]thread[Notice_Internal_Task]:0x4ce0d7e0 , threadid:20098 start ok
05-11 11:02:17(14298) CLOUD_TASK INFO: [Cloud_ResStart:79]cloud res start ok
05-11 11:02:17(9250420048667883482) CLOUD_TASK INFO: [Cloud_Start:67]cloud task start ok
05-11 11:02:17(20099) cos INFO: [Cos_ThreadProc:174]thread[CloudMng]:0x4ce0d840 , threadid:20099 start ok
05-11 11:02:17(493921259140) cos INFO: [Cos_ThreadProc:174]thread[cloud res]:0x4ce0d8a0 , threadid:20100 start ok
05-11 11:02:17(493921259141) cos INFO: [Cos_ThreadProc:174]thread[CloudExternChan]:0x4ce0d900 , threadid:20101 start ok
05-11 11:02:17(502511187930) BHAVR_TASK INFO: [Bhavr_Start:271]BHavior task start ok
05-11 11:02:17(14298) nvr_cfg INFO: [loadConfig:509]Group list count: 2
05-11 11:02:17(14298) nvr_cfg INFO: [loadConfig:515]Load group [1600010140c3ad11A0000001] devicelist[0] useflag[1]
05-11 11:02:17(14298) nvr_cfg INFO: [loadConfig:515]Load group [22000101413a31a9] devicelist[1] useflag[1]
05-11 11:02:17(14298) nvr_cfg INFO: [loadConfig:533]dev type did 12000103c0537c93 type 1 
05-11 11:02:17(20102) cos INFO: [Cos_ThreadProc:174]thread[BHavr_task]:0x4ce0d960 , threadid:20102 start ok
05-11 11:02:17(493921259142) cos ERR: [Cos_FileRead:109]inparam err ((_VOID *)(hFile)) == COS_NULL
05-11 11:02:17(20103) cos INFO: [Cos_ThreadProc:174]thread[nvr_cfg]:0x4ce0d9c0 , threadid:20103 start ok
05-11 11:02:17(20103) nvr_cfg INFO: [taskManagerLoop:1358]Start Task manager
05-11 11:02:17(20104) cos INFO: [Cos_ThreadProc:174]thread[nvr_cfg]:0x4ce0da20 , threadid:20104 start ok
05-11 11:02:17(3614199384557768328) nvr_cfg INFO: [updateConfigLoop:1670]Start update config loop
05-11 11:02:17(14298) CFG_TASK INFO: [Cfg_SetCountryCode:268]set local contry 
05-11 11:02:17(14298) PID_SA INFO: [Java_com_chinatelecom_smarthome_viewer_business_impl_NativeClient_writeLogToFile:118]I/DeviceBean: getDeviceName:GateCameras
05-11 11:02:17(14298) PID_SA INFO: [Java_com_chinatelecom_smarthome_viewer_business_impl_NativeClient_writeLogToFile:118]I/m0: device:realme,RMX3870,Android SDK:16,abi:arm64-v8a,appVersion:2.9.28
05-11 11:02:17(14298) PID_SA INFO: [Java_com_chinatelecom_smarthome_viewer_business_impl_NativeClient_writeLogToFile:118]I/m0: initHmSDKHelper  sdkDevConfigValue = false  av:2009281
05-11 11:02:17(14298) PID_SA INFO: [Java_com_chinatelecom_smarthome_viewer_business_impl_NativeUser_getOwnerVCardInfo:354]uiMarried:0,  uiSex:0, aucMobile:, aucEmail:, aucAddress:,aucBirthday:, aucCity:, aucCountry:GB,aucVMid:, aucNickName:, aucProvice:,aucPhotoProfile:,aucRegPeriod:,
05-11 11:02:17(12970367425043249114) PID_SA INFO: [Java_com_chinatelecom_smarthome_viewer_business_impl_NativeClient_writeLogToFile:118]I/HmAdManager: initAdSdk  ALL
05-11 11:02:17(12970367425043249114) PID_SA INFO: [Java_com_chinatelecom_smarthome_viewer_business_impl_NativeClient_writeLogToFile:118]I/AdmobAdManager: initAdSdk
05-11 11:02:17(14298) PID_SA INFO: [Java_com_chinatelecom_smarthome_viewer_business_impl_NativeClient_writeLogToFile:118]I/AdViewModel: CareApplication AdViewModel.fetchAdList()
05-11 11:02:17(14298) PID_SA INFO: [Java_com_chinatelecom_smarthome_viewer_business_impl_NativeClient_writeLogToFile:118]I/AdViewModel: fetchAdList 1
05-11 11:02:17(12970367425043249114) PID_SA INFO: [Java_com_chinatelecom_smarthome_viewer_business_impl_NativeClient_writeLogToFile:118]I/HmAdManager: getAdQuestStatus mIsLoginRequest=true
05-11 11:02:17(14298) PID_SA INFO: [Java_com_chinatelecom_smarthome_viewer_business_impl_NativeClient_writeLogToFile:118]I/HmAdManager: cacheAdRequestStatus mIsLoginRequest=false
05-11 11:02:17(14298) PID_SA INFO: [Java_com_chinatelecom_smarthome_viewer_business_impl_NativeClient_writeLogToFile:118]I/AdViewModel: fetchAdList 2
05-11 11:02:17(14298) PID_SA INFO: [Java_com_chinatelecom_smarthome_viewer_business_impl_NativeClient_writeLogToFile:118]I/AdViewModel: doFetchAdList
05-11 11:02:17(493921259051) PID_SA INFO: [Java_com_chinatelecom_smarthome_viewer_business_impl_NativeUser_GetDomainAddr:1672]HM_GetDomainAddr ret = 0,  aucSvrDomain:, aucWebDomain:, aucLogDomain:, aucAlexaDomain:
05-11 11:02:17(20011) PID_SA INFO: [Java_com_chinatelecom_smarthome_viewer_business_impl_NativeClient_writeLogToFile:118]I/HmHostConfig: hostInfo:{svrHost:,webHost:,logHost:,alexaHost:}
05-11 11:02:17(12970367425043249114) PID_SA INFO: [Java_com_chinatelecom_smarthome_viewer_business_impl_NativeClient_writeLogToFile:118]I/HmLaunch: androidId:511ec1bb3bbb64c4
05-11 11:02:17(20013) PID_SA INFO: [Java_com_chinatelecom_smarthome_viewer_business_impl_NativeClient_writeLogToFile:118]I/AdViewModel: uid is empty, retry 1/3 after 3000ms
05-11 11:02:17(20013) PID_SA INFO: [Java_com_chinatelecom_smarthome_viewer_business_impl_NativeClient_writeLogToFile:118]I/HmAdManager: getAdQuestStatus mIsLoginRequest=false
05-11 11:02:17(20013) PID_SA INFO: [Java_com_chinatelecom_smarthome_viewer_business_impl_NativeClient_writeLogToFile:118]I/AdViewModel: requestAdListFromServer requestStatus: false，countryCode：GB
05-11 11:02:17(20012) PID_SA INFO: [Java_com_chinatelecom_smarthome_viewer_business_impl_NativeClient_writeLogToFile:118]I/ZJUtil: getCountryID: IN
05-11 11:02:17(493921259102) PID_SA INFO: [Java_com_chinatelecom_smarthome_viewer_business_impl_NativeClient_writeLogToFile:118]I/ZJUtil: getCountryID: IN
05-11 11:02:17(493921259051) PID_SA INFO: [Java_com_chinatelecom_smarthome_viewer_business_impl_NativeUser_GetDomainAddr:1672]HM_GetDomainAddr ret = 0,  aucSvrDomain:, aucWebDomain:, aucLogDomain:, aucAlexaDomain:
05-11 11:02:17(20011) PID_SA INFO: [Java_com_chinatelecom_smarthome_viewer_business_impl_NativeClient_writeLogToFile:118]I/HmHostConfig: hostInfo:{svrHost:,webHost:,logHost:,alexaHost:}
05-11 11:02:17(493921259051) PID_SA INFO: [Java_com_chinatelecom_smarthome_viewer_business_impl_NativeUser_GetDomainAddr:1672]HM_GetDomainAddr ret = 0,  aucSvrDomain:, aucWebDomain:, aucLogDomain:, aucAlexaDomain:
05-11 11:02:17(20011) PID_SA INFO: [Java_com_chinatelecom_smarthome_viewer_business_impl_NativeClient_writeLogToFile:118]I/HmHostConfig: hostInfo:{svrHost:,webHost:,logHost:,alexaHost:}
05-11 11:02:17(493921259051) PID_SA INFO: [Java_com_chinatelecom_smarthome_viewer_business_impl_NativeUser_GetDomainAddr:1672]HM_GetDomainAddr ret = 0,  aucSvrDomain:, aucWebDomain:, aucLogDomain:, aucAlexaDomain:
05-11 11:02:17(493921259053) PID_SA INFO: [Java_com_chinatelecom_smarthome_viewer_business_impl_NativeUser_GetDomainAddr:1672]HM_GetDomainAddr ret = 0,  aucSvrDomain:, aucWebDomain:, aucLogDomain:, aucAlexaDomain:
05-11 11:02:17(493921259051) PID_SA INFO: [Java_com_chinatelecom_smarthome_viewer_business_impl_NativeClient_writeLogToFile:118]I/HmHostConfig: hostInfo:{svrHost:,webHost:,logHost:,alexaHost:}
05-11 11:02:17(493921259053) PID_SA INFO: [Java_com_chinatelecom_smarthome_viewer_business_impl_NativeClient_writeLogToFile:118]I/HmHostConfig: hostInfo:{svrHost:,webHost:,logHost:,alexaHost:}
05-11 11:02:17(20144) PID_SA INFO: [Java_com_chinatelecom_smarthome_viewer_business_impl_NativeClient_writeLogToFile:118]I/RetrofitLog: retrofitBack = --> POST https://ims.smartcloudcon.com/loghub/app/getEventUploadEndpoint
05-11 11:02:17(498216226480) PID_SA INFO: [Java_com_chinatelecom_smarthome_viewer_business_impl_NativeClient_writeLogToFile:118]I/RetrofitLog: retrofitBack = Content-Type: application/json; charset=UTF-8
05-11 11:02:17(498216226480) PID_SA INFO: [Java_com_chinatelecom_smarthome_viewer_business_impl_NativeClient_writeLogToFile:118]I/RetrofitLog: retrofitBack = Content-Length: 149
05-11 11:02:17(498216226480) PID_SA INFO: [Java_com_chinatelecom_smarthome_viewer_business_impl_NativeClient_writeLogToFile:118]I/RetrofitLog: retrofitBack = 
05-11 11:02:17(493921259184) PID_SA INFO: [Java_com_chinatelecom_smarthome_viewer_business_impl_NativeClient_writeLogToFile:118]I/RetrofitLog: retrofitBack = {"METHOD":"3820","BODY":{"CountryCode":"IN","CompanyID":"0000213ed0cdb8bc","AppID":"1593592778513070","UID":"","AppVersion":"2.9.28"},"SEQID":"9640"}
05-11 11:02:17(493921259184) PID_SA INFO: [Java_com_chinatelecom_smarthome_viewer_business_impl_NativeClient_writeLogToFile:118]I/RetrofitLog: retrofitBack = --> END POST (149-byte body)
05-11 11:02:17(38654725811) PID_SA INFO: [Java_com_chinatelecom_smarthome_viewer_business_impl_NativeClient_writeLogToFile:118]I/RetrofitLog: retrofitBack = --> POST https://exsvr.smartcloudcon.com/adx/strategy/getDefault
05-11 11:02:17(38654725811) PID_SA INFO: [Java_com_chinatelecom_smarthome_viewer_business_impl_NativeClient_writeLogToFile:118]I/RetrofitLog: retrofitBack = Content-Type: application/json; charset=UTF-8
05-11 11:02:17(38654725811) PID_SA INFO: [Java_com_chinatelecom_smarthome_viewer_business_impl_NativeClient_writeLogToFile:118]I/RetrofitLog: retrofitBack = Content-Length: 109
05-11 11:02:17(38654725811) PID_SA INFO: [Java_com_chinatelecom_smarthome_viewer_business_impl_NativeClient_writeLogToFile:118]I/RetrofitLog: retrofitBack = 
05-11 11:02:17(493921259187) PID_SA INFO: [Java_com_chinatelecom_smarthome_viewer_business_impl_NativeClient_writeLogToFile:118]I/RetrofitLog: retrofitBack = {"AppID":"1593592778513070","AppVersion":"2.9.28","CompanyID":"0000213ed0cdb8bc","CountryCode":"GB","UID":""}
05-11 11:02:17(493921259187) PID_SA INFO: [Java_com_chinatelecom_smarthome_viewer_business_impl_NativeClient_writeLogToFile:118]I/RetrofitLog: retrofitBack = --> END POST (109-byte body)
05-11 11:02:17(20013) PID_SA INFO: [Java_com_chinatelecom_smarthome_viewer_business_impl_NativeClient_writeLogToFile:118]I/AdViewModel: getAdList uid is  1600010140c3ad11
05-11 11:02:17(20150) PID_SA INFO: [Java_com_chinatelecom_smarthome_viewer_business_impl_NativeClient_writeLogToFile:118]I/RetrofitLog: retrofitBack = --> POST https://exsvr.smartcloudcon.com/adx/strategy/getList
05-11 11:02:17(20150) PID_SA INFO: [Java_com_chinatelecom_smarthome_viewer_business_impl_NativeClient_writeLogToFile:118]I/RetrofitLog: retrofitBack = Content-Type: application/json; charset=UTF-8
05-11 11:02:17(20150) PID_SA INFO: [Java_com_chinatelecom_smarthome_viewer_business_impl_NativeClient_writeLogToFile:118]I/RetrofitLog: retrofitBack = Content-Length: 125
05-11 11:02:17(20150) PID_SA INFO: [Java_com_chinatelecom_smarthome_viewer_business_impl_NativeClient_writeLogToFile:118]I/RetrofitLog: retrofitBack = 
05-11 11:02:17(493921259190) PID_SA INFO: [Java_com_chinatelecom_smarthome_viewer_business_impl_NativeClient_writeLogToFile:118]I/RetrofitLog: retrofitBack = {"AppID":"1593592778513070","AppVersion":"2.9.28","CompanyID":"0000213ed0cdb8bc","CountryCode":"GB","UID":"1600010140c3ad11"}
05-11 11:02:17(493921259190) PID_SA INFO: [Java_com_chinatelecom_smarthome_viewer_business_impl_NativeClient_writeLogToFile:118]I/RetrofitLog: retrofitBack = --> END POST (125-byte body)
05-11 11:02:17(12970367425043249114) PID_SA INFO: [Java_com_chinatelecom_smarthome_viewer_business_impl_NativeClient_writeLogToFile:118]I/AdmobAdManager: googleGatherConsent curTime:1778477537862
05-11 11:02:17(12970367425043249114) PID_SA INFO: [Java_com_chinatelecom_smarthome_viewer_business_impl_NativeClient_writeLogToFile:118]I/AdmobAdManager: googleGatherConsent jsonStr:{"appVersion":0,"status":true,"time":1777787910079}
05-11 11:02:17(12970367425043249114) PID_SA INFO: [Java_com_chinatelecom_smarthome_viewer_business_impl_NativeClient_writeLogToFile:118]I/AdmobAdManager: isCanRequestAds：false
05-11 11:02:17(14298) PID_SA INFO: [Java_com_chinatelecom_smarthome_viewer_business_impl_NativeClient_writeLogToFile:118]I/HmAdManager: initAdSdk  ALL
05-11 11:02:17(14298) PID_SA INFO: [Java_com_chinatelecom_smarthome_viewer_business_impl_NativeClient_writeLogToFile:118]I/AdmobAdManager: initAdSdk
05-11 11:02:17(14298) PID_SA INFO: [Java_com_chinatelecom_smarthome_viewer_business_impl_NativeClient_writeLogToFile:118]I/HmAdManager: getDefaultAdListFromLocal size=4
05-11 11:02:17(14298) PID_SA INFO: [Java_com_chinatelecom_smarthome_viewer_business_impl_NativeClient_writeLogToFile:118]I/HmAdManager: getCachedAdListData from SP cache, size=4
05-11 11:02:17(14298) PID_SA INFO: [Java_com_chinatelecom_smarthome_viewer_business_impl_NativeClient_writeLogToFile:118]I/HmAdManager: getAdDataByStrategy: adPositionKey=pro_Android_en_launch_screen3 lastCountDate:2026-05-03,now:1778477537873,today:2026-05-11,displayMaxTimes:2
05-11 11:02:17(14298) PID_SA INFO: [Java_com_chinatelecom_smarthome_viewer_business_impl_NativeClient_writeLogToFile:118]I/HmAdManager: getAdDataByStrategy posHourCountKey: pro_Android_en_launch_screen3_hourShowCount, posHourStartKey pro_Android_en_launch_screen3_hourStartTime, hourStartTime:1777797770551,hourCount:0
05-11 11:02:17(14298) PID_SA INFO: [Java_com_chinatelecom_smarthome_viewer_business_impl_NativeClient_writeLogToFile:118]I/HmAdManager: currentAdType: 1
05-11 11:02:17(14298) PID_SA INFO: [Java_com_chinatelecom_smarthome_viewer_business_impl_NativeClient_writeLogToFile:118]I/HmAdManager: getAdDataByStrategy: curPositionKey:pro_Android_en_launch_screen3,lastAdKey：，latestDiffTypeShowTime=0, elapsedSec=1778477537,displayInterval:1200,splashAdCoolingInterval:300
05-11 11:02:17(14298) PID_SA INFO: [Java_com_chinatelecom_smarthome_viewer_business_impl_NativeClient_writeLogToFile:118]I/: UsrToken:1600010140c3ad111p3g5jmo63upuvo5
05-11 11:02:17(4294981594) PID_SA INFO: [Java_com_chinatelecom_smarthome_viewer_business_impl_NativeClient_writeLogToFile:118]I/AdmobAdManager: isCanRequestAds：false
05-11 11:02:17(14298) PID_SA INFO: [Java_com_chinatelecom_smarthome_viewer_business_impl_NativeClient_writeLogToFile:118]I/HmAdManager: loadOpenAd:/adforegin/admob
05-11 11:02:17(12970367425043249114) PID_SA INFO: [Java_com_chinatelecom_smarthome_viewer_business_impl_NativeClient_writeLogToFile:118]I/AdmobAdManager: loadAd:isLoadingAdfalse,isAdAvailable():false
05-11 11:02:17(14298) PID_SA INFO: [Java_com_chinatelecom_smarthome_viewer_business_impl_NativeClient_writeLogToFile:118]E/LowPowerHeart: Heartbeat resumeDeviceHeart duration:0,interval:3000,canHeartExt:true
05-11 11:02:17(14298) PID_SA INFO: [Java_com_chinatelecom_smarthome_viewer_business_impl_NativeClient_setBackgroundToFront:88]setBackgroundToFront 1
05-11 11:02:18(14298) PID_SA INFO: [Java_com_chinatelecom_smarthome_viewer_business_impl_NativeClient_writeLogToFile:118]I/ZJViewerSdk: connectionChangeReceiver, network changed
05-11 11:02:18(14298) PID_SA INFO: [Java_com_chinatelecom_smarthome_viewer_business_impl_NativeClient_writeLogToFile:118]I/CurrentWiFiInfo: wifiInfo:SSID: <unknown ssid>, BSSID: 02:00:00:00:00:00, MAC: 02:00:00:00:00:00, IP: /192.168.1.50, Security type: 2, Supplicant state: COMPLETED, Wi-Fi standard: 11n, RSSI: -57, Link speed: 130Mbps, Tx Link speed: 130Mbps, Max Supported Tx Link speed: 144Mbps, Rx Link speed: 144Mbps, Max Supported Rx Link speed: 144Mbps, Frequency: 2467MHz, Net ID: -1, Metered hint: false, score: 60, isUsable: true, CarrierMerged: false, SubscriptionId: -1, IsPrimary: -1, Trusted: true, Restricted: false, Ephemeral: false, OEM paid: false, OEM private: false, OSU AP: false, FQDN: <none>, Provider friendly name: <none>, Requesting package name: <none><none>MLO Information: , Is TID-To-Link negotiation supported by the AP: false, AP MLD Address: <none>, AP MLO Link Id: <none>, AP MLO Affiliated links: <none>, Vendor Data: <none>,ssid:<unknown ssid>
05-11 11:02:18(12970367425043249114) PID_SA INFO: [Java_com_chinatelecom_smarthome_viewer_business_impl_NativeClient_writeLogToFile:118]I/CurrentWiFiInfo: dhcp - ipaddr 192.168.1.50 gateway 192.168.1.1 netmask 0.0.0.0 dns1 192.168.1.1 dns2 0.0.0.0 DHCP server 192.168.1.1 lease 86400 seconds
05-11 11:02:18(545460860890) PID_SA INFO: [Java_com_chinatelecom_smarthome_viewer_business_impl_NativeClient_writeLogToFile:118]I/ZJViewerSdk: currentWiFiInfo:isConnected:true,ssid:,gateIp:192.168.1.1, lastGateIP: 
05-11 11:02:18(498216220634) PID_SA INFO: [Java_com_chinatelecom_smarthome_viewer_business_impl_NativeClient_writeLogToFile:118]getNetType123: flag = true  getTypeName = WIFI
05-11 11:02:18(14298) TRAS_TASK INFO: [Tras_SetNetworkType:71]set net work type 2 
05-11 11:02:18(20093) CFG_TASK INFO: [Cfg_SetPeerDevCanUseStatus:636]set device 12000103c0537c93 oldflag 0 group 22000101413a31a9 can use status 0
05-11 11:02:18(12970367425043254909) nvr_cfg WARN: [cfg_OnPeerDeviceStatusChange:454]Ignonre 12000103c0537c93 status changed
05-11 11:02:18(493921259133) PID_SA INFO: [FUN_DEVICE_STATUS:1240]FUN_DEVICE_STATUS deviceId:12000103c0537c93, status:1
05-11 11:02:18(12970367425043254909) TRAS_TASK INFO: [TrasPeer_ProcStatusCbFlag:630]device 12000103c0537c93 online status 1
05-11 11:02:18(20093) TRAS_TASK INFO: [TrasBase_ProcThread:495]net work change proc ok
05-11 11:02:18(20093) PID_SA INFO: [FUN_SERVER_STATUS:2529]FUN_SERVER_STATUS enServerStatus:0, iErr:0
05-11 11:02:18(20093) cos INFO: [Cand_InetGetLocalIps:370]start getLocalIp wlan0 ip= <192.168.1.50>.
05-11 11:02:18(12970367420748287613) TRAS_TASK INFO: [TrasNat_GetLocalIP:57]udpPort 192.168.1.50:8943 has been setted 
05-11 11:02:18(20085) cos INFO: [Cos_InetMgrProc:137]get local host ok ip 0 passive 1
05-11 11:02:18(12970367425043254926) PID_SA INFO: [Java_com_chinatelecom_smarthome_viewer_business_impl_NativeClient_writeLogToFile:118]I/AdmobAdManager: initAdSdk adInfo.id:fd3204f0-0817-4f5e-8458-8787d6193771
05-11 11:02:18(14298) PID_SA INFO: [Java_com_chinatelecom_smarthome_viewer_business_impl_NativeClient_writeLogToFile:118]I/LowPowerHeart: onDeviceStateChange awakeDevice groupId:22000101413a31a9//deviceId:12000103c0537c93//status:1//StatusEnum:1//statusName:ONLINE
05-11 11:02:18(14298) PID_SA INFO: [Java_com_chinatelecom_smarthome_viewer_business_impl_NativeClient_writeLogToFile:118]I/m0: onDeviceStateChange groupId:22000101413a31a9,deviceId:12000103c0537c93,devicePresenceState:1   deviceType = CAMERA  awakeAbility:NOT_SUPPORT
05-11 11:02:18(14298) PID_SA INFO: [Java_com_chinatelecom_smarthome_viewer_business_impl_NativeClient_writeLogToFile:118]I/m0: onSelfAuthStateChange serverStatus:0,hmError:0
05-11 11:02:18(493921259196) PID_SA INFO: [Java_com_chinatelecom_smarthome_viewer_business_impl_NativeClient_writeLogToFile:118]I/AdmobAdManager: initAdSdk adInfo.id:fd3204f0-0817-4f5e-8458-8787d6193771
05-11 11:02:18(493921259133) cos INFO: [Cos_SocketOpen:377]socket<298> open ok
05-11 11:02:18(12970367425043254909) TRAS_TASK INFO: [TrasLocalLan_ListenTCP:381]Lan TCP Listen OK socket type 0 Port:15668
05-11 11:02:18(20093) cos INFO: [Cos_SocketOpen:377]socket<307> open ok
05-11 11:02:18(12970367425043254909) TRAS_TASK INFO: [TrasLocalLan_ListenUDP:322]Lan UDP listen OK.socket type 0 Port 17758
05-11 11:02:18(8764904125050670717) cos INFO: [Cos_SocketOpen:377]socket<309> open ok
05-11 11:02:18(20093) cos INFO: [Cand_InetGetLocalIps:370]start getLocalIp wlan0 ip= <192.168.1.50>.
05-11 11:02:18(12970367425043254972) PID_SA INFO: [Java_com_chinatelecom_smarthome_viewer_business_impl_NativeClient_writeLogToFile:118]I/AdmobAdManager: isTestDevice:false
05-11 11:02:18(20093) TRAS_TASK INFO: [TrasLocalLan_Broadcast:151]send boadcast ok to peer port 16658
05-11 11:02:18(493921259133) cos INFO: [Cos_SocketClose:390]socket<309> closed
05-11 11:02:18(20110) PID_SA INFO: [Java_com_chinatelecom_smarthome_viewer_business_impl_NativeClient_writeLogToFile:118]I/AdmobAdManager: isTestDevice:false
05-11 11:02:18(20085) cos INFO: [Cos_InetMgrProc:133]get host 224.66.68.55 ok ip 927220448 passive 0
05-11 11:02:18(493921259133) cos INFO: [Cos_SocketOpen:377]socket<342> open ok
05-11 11:02:18(493921259133) cos INFO: [Cos_SocketClose:390]socket<342> closed
05-11 11:02:18(20093) cos INFO: [Cos_SocketOpen:377]socket<339> open ok
05-11 11:02:18(493921259133) cos INFO: [Cos_SocketClose:390]socket<339> closed
05-11 11:02:18(12970367420748287613) TRAS_TASK INFO: [TrasLocalLan_SearchDevice:189]locallan send boadcast ok
05-11 11:02:18(493921259133) PID_SA INFO: [FUN_SERVER_STATUS:2529]FUN_SERVER_STATUS enServerStatus:1, iErr:0
05-11 11:02:18(12970367425043249114) PID_SA INFO: [Java_com_chinatelecom_smarthome_viewer_business_impl_NativeClient_writeLogToFile:118]I/m0: onSelfAuthStateChange serverStatus:1,hmError:0
05-11 11:02:18(20085) cos INFO: [Cos_InetMgrProc:133]get host 43.133.96.204 ok ip 3428877611 passive 0
05-11 11:02:18(493921259133) cos INFO: [Cos_SocketOpen:377]socket<413> open ok
05-11 11:02:18(493921259133) TRAS_TASK INFO: [TrasLink_Connect:245]Link Connect Addr:43.133.96.204:19336,ConnFlag:1
05-11 11:02:18(8764904125050670717) cos INFO: [Cos_SocketOpen:377]socket<407> open ok
05-11 11:02:18(20093) cos INFO: [Cand_InetGetLocalIps:370]start getLocalIp wlan0 ip= <192.168.1.50>.
05-11 11:02:18(20093) cos ERR: [Cos_SocketErrFilterToLog:658]Cand_SocketSendTo:693 has error<13>
05-11 11:02:18(493921259133) TRAS_TASK INFO: [TrasLocalLan_Broadcast:151]send boadcast ok to peer port 16658
05-11 11:02:18(493921259133) cos INFO: [Cos_SocketClose:390]socket<407> closed
05-11 11:02:18(1675037265533) TRAS_TASK INFO: [TrasLocalLan_SearchDevice:189]locallan send boadcast ok
05-11 11:02:18(9268126558151790205) cos INFO: [Cos_SocketOpen:377]socket<423> open ok
05-11 11:02:18(12970367425043254909) TRAS_TASK INFO: [TrasOldLan_ListenTCP:261]Listen success, the port is 9001.
05-11 11:02:18(493921259133) cos INFO: [Cos_SocketOpen:377]socket<426> open ok
05-11 11:02:18(493921259133) cos INFO: [Cos_SocketOpen:377]socket<427> open ok
05-11 11:02:18(20093) cos INFO: [Cand_InetGetLocalIps:370]start getLocalIp wlan0 ip= <192.168.1.50>.
05-11 11:02:18(12970367420748287613) TRAS_TASK INFO: [TrasOldLan_SendBroadcast:147]get local ip 192.168.1.50:5564
05-11 11:02:18(493921259133) cos INFO: [Cos_SocketClose:390]socket<427> closed
05-11 11:02:18(12970367425043254909) TRAS_TASK INFO: [TrasOldLan_SendBroadcast:168]send broadcast ok lancnt 0
05-11 11:02:18(20093) cos INFO: [Cos_SocketOpen:377]socket<438> open ok
05-11 11:02:18(20093) cos INFO: [Cand_InetGetLocalIps:370]start getLocalIp wlan0 ip= <192.168.1.50>.
05-11 11:02:18(12970367420748287613) TRAS_TASK INFO: [TrasOldLan_SendBroadcast:147]get local ip 192.168.1.50:5564
05-11 11:02:18(493921259133) cos INFO: [Cos_SocketClose:390]socket<438> closed
05-11 11:02:18(12970367425043254909) TRAS_TASK INFO: [TrasOldLan_SendBroadcast:168]send broadcast ok lancnt 130
05-11 11:02:18(493921259133) TRAS_TASK INFO: [TrasBase_ProcBaseSock:703]Link Connect Addr:43.133.96.204:19336,ConnectFlag is: 2
05-11 11:02:18(493921259133) cos INFO: [Cos_SocketOpen:377]socket<436> open ok
05-11 11:02:18(20093) cos INFO: [Cand_InetGetLocalIps:370]start getLocalIp wlan0 ip= <192.168.1.50>.
05-11 11:02:18(12970367420748287613) TRAS_TASK INFO: [TrasOldLan_SendBroadcast:147]get local ip 192.168.1.50:5564
05-11 11:02:18(20093) cos ERR: [Cos_SocketErrFilterToLog:665]Cand_SocketSendTo:693 has error<13>, has 30 times
05-11 11:02:18(20093) cos ERR: [Cos_SocketErrFilterToLog:665]Cand_SocketSendTo:693 has error<13>, has 60 times
05-11 11:02:18(20093) cos ERR: [Cos_SocketErrFilterToLog:665]Cand_SocketSendTo:693 has error<13>, has 90 times
05-11 11:02:18(20093) cos ERR: [Cos_SocketErrFilterToLog:665]Cand_SocketSendTo:693 has error<13>, has 120 times
05-11 11:02:18(493921259133) cos INFO: [Cos_SocketClose:390]socket<436> closed
05-11 11:02:18(12970367425043254909) TRAS_TASK INFO: [TrasOldLan_SendBroadcast:168]send broadcast ok lancnt 260
05-11 11:02:18(12970367425043254909) PID_SA INFO: [FUN_SERVER_STATUS:2529]FUN_SERVER_STATUS enServerStatus:2, iErr:0
05-11 11:02:18(545460860890) PID_SA INFO: [Java_com_chinatelecom_smarthome_viewer_business_impl_NativeClient_writeLogToFile:118]I/m0: onSelfAuthStateChange serverStatus:2,hmError:0
05-11 11:02:18(493921259133) TRAS_TASK INFO: [TrasPeer_LoadDeviceList:329]Load Did 12000103c0537c93 CTEI 000CF025010605EL ok OldFlag 0
05-11 11:02:18(493921259133) TRAS_TASK INFO: [TrasPeer_LoadDeviceList:332]load group list number 2
05-11 11:02:18(493921259133) TRAS_TASK INFO: [TrasLink_AuthUserToken:188]ogct 4 send login requst body {"METHOD":"4116","SEQID":"4","BODY":{"UserToken":"1600010140c3ad111p3g5jmo63upuvo5","SDKVersion":"51712001","WebDomainAbilty":"1","TestFlag":"1"}} iRet 0 
05-11 11:02:18(493921259133) CFG_TASK INFO: [Cfg_SetPeerDevCanUseStatus:636]set device 12000103c0537c93 oldflag 0 group 22000101413a31a9 can use status 0
05-11 11:02:18(12970367425043254909) nvr_cfg WARN: [cfg_OnPeerDeviceStatusChange:454]Ignonre 12000103c0537c93 status changed
05-11 11:02:18(493921259133) PID_SA INFO: [FUN_DEVICE_STATUS:1240]FUN_DEVICE_STATUS deviceId:12000103c0537c93, status:1
05-11 11:02:18(5690490483587954650) PID_SA INFO: [Java_com_chinatelecom_smarthome_viewer_business_impl_NativeClient_writeLogToFile:118]I/LowPowerHeart: onDeviceStateChange awakeDevice groupId:22000101413a31a9//deviceId:12000103c0537c93//status:1//StatusEnum:1//statusName:ONLINE
05-11 11:02:18(545460860890) PID_SA INFO: [Java_com_chinatelecom_smarthome_viewer_business_impl_NativeClient_writeLogToFile:118]I/m0: onDeviceStateChange groupId:22000101413a31a9,deviceId:12000103c0537c93,devicePresenceState:1   deviceType = CAMERA  awakeAbility:NOT_SUPPORT
05-11 11:02:18(12970367425043254909) TRAS_TASK INFO: [TrasPeer_ProcStatusCbFlag:630]device 12000103c0537c93 online status 1
05-11 11:02:18(20093) CFG_TASK INFO: [Cfg_Task_RecvGetDomainRsp:45]ocgt 3 recv get domain rsp code 0
05-11 11:02:18(20093) PID_SA INFO: [FUN_SERVER_STATUS:2529]FUN_SERVER_STATUS enServerStatus:4, iErr:0
05-11 11:02:18(9223372032559822810) PID_SA INFO: [Java_com_chinatelecom_smarthome_viewer_business_impl_NativeClient_writeLogToFile:118]I/m0: onSelfAuthStateChange serverStatus:4,hmError:0
05-11 11:02:18(14298) ZJ_TASK INFO: [ZJ_GetPaasPlatAccessToken:3766]ogct 5 get paasplat token iRet 0
05-11 11:02:18(14298) PID_SA INFO: [Java_com_chinatelecom_smarthome_viewer_business_impl_NativeClient_writeLogToFile:118]I/ZJUtil: getCountryID: IN
05-11 11:02:18(493921259133) TRAS_TASK INFO: [TrasLink_ProcAuthTokenRsp:292]ogct 4 recv auth rsp code 0 
05-11 11:02:18(493921259133) TRAS_TASK INFO: [TrasNat_GetNatServer:144]ogct 6 Get Detect Server Addr iRet 0 
05-11 11:02:18(493921259133) TRAS_TASK INFO: [TrasPeer_GetProxySvr:892]ogct 7 start get proxy for peerid 12000103c0537c93 Relay mode 0 gid 22000101413a31a9 iret 0
05-11 11:02:18(493921259138) EVENT_TASK INFO: [Event_GetEventCalender:2345]Get event calender req route store reqid [8] device id [12000103c0537c93] channel[-1] from day [1970-01-01]
05-11 11:02:18(20012) PID_SA INFO: [Java_com_chinatelecom_smarthome_viewer_business_impl_NativeClient_writeLogToFile:118]I/ZJUtil: getCountryID: IN
05-11 11:02:18(493921259138) EVENT_TASK INFO: [Event_GetEventCalender_Req_ProcMsg:1803]reqid 8 creat get event calender task OK router 2
05-11 11:02:18(493921259138) EVENT_TASK INFO: [Event_SendGetEventCalenderReqToStore:172]ogct 9 send req msg {"METHOD":"3514","SEQID":"9","BODY":{"Date":"1970-01-01","DID":"12000103c0537c93","ChannelNum":"-1","Today":"2026-05-11","OwnerID":"1600010140c3ad11"}}
05-11 11:02:18(14298) PID_SA INFO: [Java_com_chinatelecom_smarthome_viewer_business_impl_NativeClient_writeLogToFile:118]I/AdmobAdManager: initializationStatus = {com.google.android.gms.ads.MobileAds=com.google.android.gms.internal.ads.zzblp@fdfc6c0, com.google.ads.mediation.vungle.VungleMediationAdapter=com.google.android.gms.internal.ads.zzblp@9564ff9, com.google.ads.mediation.facebook.FacebookMediationAdapter=com.google.android.gms.internal.ads.zzblp@9b41b3e, com.google.ads.mediation.mintegral.MintegralMediationAdapter=com.google.android.gms.internal.ads.zzblp@1f0ad9f, com.google.ads.mediation.pangle.PangleMediationAdapter=com.google.android.gms.internal.ads.zzblp@5a8eec}
05-11 11:02:18(12970367425043249114) PID_SA INFO: [Java_com_chinatelecom_smarthome_viewer_business_impl_NativeClient_writeLogToFile:118]I/HmAdManager: isInitSuccess:true
05-11 11:02:18(14298) PID_SA INFO: [Java_com_chinatelecom_smarthome_viewer_business_impl_NativeClient_writeLogToFile:118]I/AdmobAdManager: initializationStatus = {com.google.android.gms.ads.MobileAds=com.google.android.gms.internal.ads.zzblp@4a2f2b5, com.google.ads.mediation.vungle.VungleMediationAdapter=com.google.android.gms.internal.ads.zzblp@c52ad4a, com.google.ads.mediation.facebook.FacebookMediationAdapter=com.google.android.gms.internal.ads.zzblp@13c84bb, com.google.ads.mediation.mintegral.MintegralMediationAdapter=com.google.android.gms.internal.ads.zzblp@ad7add8, com.google.ads.mediation.pangle.PangleMediationAdapter=com.google.android.gms.internal.ads.zzblp@1dd0531}
05-11 11:02:18(545460860890) PID_SA INFO: [Java_com_chinatelecom_smarthome_viewer_business_impl_NativeClient_writeLogToFile:118]I/HmAdManager: isInitSuccess:true
05-11 11:02:18(20150) PID_SA INFO: [Java_com_chinatelecom_smarthome_viewer_business_impl_NativeClient_writeLogToFile:118]I/RetrofitLog: retrofitBack = <-- 200 OK https://exsvr.smartcloudcon.com/adx/strategy/getList (901ms)
05-11 11:02:18(20150) PID_SA INFO: [Java_com_chinatelecom_smarthome_viewer_business_impl_NativeClient_writeLogToFile:118]I/RetrofitLog: retrofitBack = Server: nginx/1.17.4
05-11 11:02:18(20150) PID_SA INFO: [Java_com_chinatelecom_smarthome_viewer_business_impl_NativeClient_writeLogToFile:118]I/RetrofitLog: retrofitBack = Date: Mon, 11 May 2026 05:32:18 GMT
05-11 11:02:18(20150) PID_SA INFO: [Java_com_chinatelecom_smarthome_viewer_business_impl_NativeClient_writeLogToFile:118]I/RetrofitLog: retrofitBack = Content-Type: application/json; charset=utf-8
05-11 11:02:18(20150) PID_SA INFO: [Java_com_chinatelecom_smarthome_viewer_business_impl_NativeClient_writeLogToFile:118]I/RetrofitLog: retrofitBack = Content-Length: 114
05-11 11:02:18(20150) PID_SA INFO: [Java_com_chinatelecom_smarthome_viewer_business_impl_NativeClient_writeLogToFile:118]I/RetrofitLog: retrofitBack = Connection: keep-alive
05-11 11:02:18(20150) PID_SA INFO: [Java_com_chinatelecom_smarthome_viewer_business_impl_NativeClient_writeLogToFile:118]I/RetrofitLog: retrofitBack = Access-Control-Allow-Credentials: true
05-11 11:02:18(20150) PID_SA INFO: [Java_com_chinatelecom_smarthome_viewer_business_impl_NativeClient_writeLogToFile:118]I/RetrofitLog: retrofitBack = Access-Control-Allow-Headers: *
05-11 11:02:18(20150) PID_SA INFO: [Java_com_chinatelecom_smarthome_viewer_business_impl_NativeClient_writeLogToFile:118]I/RetrofitLog: retrofitBack = Access-Control-Allow-Methods: POST, GET, OPTIONS, PUT, DELETE, UPDATE
05-11 11:02:18(20150) PID_SA INFO: [Java_com_chinatelecom_smarthome_viewer_business_impl_NativeClient_writeLogToFile:118]I/RetrofitLog: retrofitBack = Access-Control-Allow-Origin: *
05-11 11:02:18(20150) PID_SA INFO: [Java_com_chinatelecom_smarthome_viewer_business_impl_NativeClient_writeLogToFile:118]I/RetrofitLog: retrofitBack = Access-Control-Expose-Headers: Content-Length, Access-Control-Allow-Origin, Access-Control-Allow-Headers, Cache-Control, Content-Language, Content-Type
05-11 11:02:18(12970367425043249114) PID_SA INFO: [Java_com_chinatelecom_smarthome_viewer_business_impl_NativeClient_writeLogToFile:118]I/AdmobAdManager: googleGatherConsent==consentError:null,msg:null
05-11 11:02:18(8764904125050664922) PID_SA INFO: [Java_com_chinatelecom_smarthome_viewer_business_impl_NativeClient_writeLogToFile:118]I/AdmobAdManager: isCanRequestAds：true
05-11 11:02:18(493921259190) PID_SA INFO: [Java_com_chinatelecom_smarthome_viewer_business_impl_NativeClient_writeLogToFile:118]I/RetrofitLog: retrofitBack = 
05-11 11:02:18(493921259190) PID_SA INFO: [Java_com_chinatelecom_smarthome_viewer_business_impl_NativeClient_writeLogToFile:118]I/RetrofitLog: retrofitBack = {"code":"0","data":{"AdTagKey":"","AdStrategyUuid":"","AdStrategyName":"","StrategyDefaultConfig":{},"AdList":[]}}
05-11 11:02:18(498216226486) PID_SA INFO: [Java_com_chinatelecom_smarthome_viewer_business_impl_NativeClient_writeLogToFile:118]I/RetrofitLog: retrofitBack = <-- END HTTP (114-byte body)
05-11 11:02:18(20012) PID_SA INFO: [Java_com_chinatelecom_smarthome_viewer_business_impl_NativeClient_writeLogToFile:118]I/AdViewModel: getAdList isSuccessful is  true
05-11 11:02:18(502511187930) PID_SA INFO: [Java_com_chinatelecom_smarthome_viewer_business_impl_NativeClient_writeLogToFile:118]I/Internal: onGetPaasPlatToken accessTokenut6A0169E2-00000003-00G001-sc4gj/expireSeconds:86399//strPaasAddr:https://gm-ap.smartcloudcon.com
05-11 11:02:18(14298) PID_SA INFO: [Java_com_chinatelecom_smarthome_viewer_business_impl_NativeClient_writeLogToFile:118]I/HmSdkHelper: onServerStatusChange onTokenReturn accessToken:ut6A0169E2-00000003-00G001-sc4gj
05-11 11:02:18(14298) PID_SA INFO: [Java_com_chinatelecom_smarthome_viewer_business_impl_NativeClient_writeLogToFile:118]I/HmSdkHelper: onServerStatusChange onTokenReturn pTokenJson:{"accessToken":"ut6A0169E2-00000003-00G001-sc4gj","createTime":1778477538757,"expireSeconds":86399,"passAddress":"https://gm-ap.smartcloudcon.com"}
05-11 11:02:18(14298) PID_SA INFO: [Java_com_chinatelecom_smarthome_viewer_business_impl_NativeClient_writeLogToFile:118]I/AdViewModel: fetchAdList response invalid, use fallback
05-11 11:02:18(498216220634) PID_SA INFO: [Java_com_chinatelecom_smarthome_viewer_business_impl_NativeClient_writeLogToFile:118]I/HmAdManager: getDefaultAdListFromLocal size=4
05-11 11:02:18(14298) PID_SA INFO: [Java_com_chinatelecom_smarthome_viewer_business_impl_NativeClient_writeLogToFile:118]I/AdViewModel: loadFallbackDefault use getDefaultAdList local cache, size=4
05-11 11:02:18(14298) PID_SA INFO: [Java_com_chinatelecom_smarthome_viewer_business_impl_NativeClient_writeLogToFile:118]I/HmAdManager: cacheAdListData size=4, count=8
05-11 11:02:18(493921259142) BHAVR_TASK INFO: [BHavr_ProcRecvMsg:30]BHavior Add new opt BussID 0 bussinf {"Country":"IN","CompanyID":"0000213ed0cdb8bc","AppID":"1593592778513070","DeviceLanguage":"2","DeviceBrand":"realme","AppVersion":"2.9.28","SessionID":"e8bb26e3-b230-43cc-9d8f-410b6977eeed28782740","EventTime":"1778477538642"}
05-11 11:02:18(493921259133) ZJ_TASK INFO: [ZJ_RecvGetPaasTokenRsp:3750]ogct 5 recv rsp code 0
05-11 11:02:18(20147) PID_SA INFO: [Java_com_chinatelecom_smarthome_viewer_business_impl_NativeClient_writeLogToFile:118]I/RetrofitLog: retrofitBack = <-- 200 OK https://exsvr.smartcloudcon.com/adx/strategy/getDefault (1012ms)
05-11 11:02:18(20147) PID_SA INFO: [Java_com_chinatelecom_smarthome_viewer_business_impl_NativeClient_writeLogToFile:118]I/RetrofitLog: retrofitBack = Server: nginx/1.17.4
05-11 11:02:18(20147) PID_SA INFO: [Java_com_chinatelecom_smarthome_viewer_business_impl_NativeClient_writeLogToFile:118]I/RetrofitLog: retrofitBack = Date: Mon, 11 May 2026 05:32:18 GMT
05-11 11:02:18(20147) PID_SA INFO: [Java_com_chinatelecom_smarthome_viewer_business_impl_NativeClient_writeLogToFile:118]I/RetrofitLog: retrofitBack = Content-Type: application/json; charset=utf-8
05-11 11:02:18(20147) PID_SA INFO: [Java_com_chinatelecom_smarthome_viewer_business_impl_NativeClient_writeLogToFile:118]I/RetrofitLog: retrofitBack = Content-Length: 1416
05-11 11:02:18(20147) PID_SA INFO: [Java_com_chinatelecom_smarthome_viewer_business_impl_NativeClient_writeLogToFile:118]I/RetrofitLog: retrofitBack = Connection: keep-alive
05-11 11:02:18(20147) PID_SA INFO: [Java_com_chinatelecom_smarthome_viewer_business_impl_NativeClient_writeLogToFile:118]I/RetrofitLog: retrofitBack = Access-Control-Allow-Credentials: true
05-11 11:02:18(20147) PID_SA INFO: [Java_com_chinatelecom_smarthome_viewer_business_impl_NativeClient_writeLogToFile:118]I/RetrofitLog: retrofitBack = Access-Control-Allow-Headers: *
05-11 11:02:18(20147) PID_SA INFO: [Java_com_chinatelecom_smarthome_viewer_business_impl_NativeClient_writeLogToFile:118]I/RetrofitLog: retrofitBack = Access-Control-Allow-Methods: POST, GET, OPTIONS, PUT, DELETE, UPDATE
05-11 11:02:18(20147) PID_SA INFO: [Java_com_chinatelecom_smarthome_viewer_business_impl_NativeClient_writeLogToFile:118]I/RetrofitLog: retrofitBack = Access-Control-Allow-Origin: *
05-11 11:02:18(20147) PID_SA INFO: [Java_com_chinatelecom_smarthome_viewer_business_impl_NativeClient_writeLogToFile:118]I/RetrofitLog: retrofitBack = Access-Control-Expose-Headers: Content-Length, Access-Control-Allow-Origin, Access-Control-Allow-Headers, Cache-Control, Content-Language, Content-Type
05-11 11:02:18(493921259187) PID_SA INFO: [Java_com_chinatelecom_smarthome_viewer_business_impl_NativeClient_writeLogToFile:118]I/RetrofitLog: retrofitBack = 
05-11 11:02:18(493921259187) PID_SA INFO: [Java_com_chinatelecom_smarthome_viewer_business_impl_NativeClient_writeLogToFile:118]I/RetrofitLog: retrofitBack = {"code":"0","data":{"AdTagKey":"","AdStrategyUuid":"","AdStrategyName":"","StrategyDefaultConfig":{"splash_ad_cooling_interval":"300"},"AdList":[{"ad_position_key":"pro_Android_en_jili","ad_position_name":"","ad_uuid":"184309587234567899","ad_title":"福利中心激励视频","ad_source_id":"ca-app-pub-9693684136464091/3725576297","ad_third_platform_id":"AdMob","display_status":"0","display_max_times":"0","display_interval":"0","refresh_interval":"0"},{"ad_position_key":"pro_Android_en_launch_screen3","ad_position_name":"","ad_uuid":"184309587234567896","ad_title":"开屏","ad_source_id":"ca-app-pub-9693684136464091/6135032070","ad_third_platform_id":"AdMob","display_status":"0","display_max_times":"2","display_interval":"1200","refresh_interval":"1200"},{"ad_position_key":"pro_Android_en_Native1","ad_position_name":"","ad_uuid":"184309587234567897","ad_title":"列表页底部信息流banner","ad_source_id":"ca-app-pub-9693684136464091/7406038684","ad_third_platform_id":"AdMob","display_status":"0","display_max_times":"0","displa
05-11 11:02:18(6873725729931022003) PID_SA INFO: [Java_com_chinatelecom_smarthome_viewer_business_impl_NativeClient_writeLogToFile:118]I/RetrofitLog: y_interval":"60","refresh_interval":"60"},{"ad_position_key":"pro_Android_en_Exit_Live_Interstitial","ad_position_name":"","ad_uuid":"184309587234567898","ad_title":"退出视频插屏","ad_source_id":"ca-app-pub-9693684136464091/3466793676","ad_third_platform_id":"AdMob","display_status":"0","display_max_times":"1","display_interval":"300","refresh_interval":"300"}]}}
05-11 11:02:18(6873725729931022003) PID_SA INFO: [Java_com_chinatelecom_smarthome_viewer_business_impl_NativeClient_writeLogToFile:118]I/RetrofitLog: retrofitBack = <-- END HTTP (1416-byte body)
05-11 11:02:18(20012) PID_SA INFO: [Java_com_chinatelecom_smarthome_viewer_business_impl_NativeClient_writeLogToFile:118]I/AdViewModel: getDefaultAdList isSuccessful=true,countryCode:GB
05-11 11:02:18(20012) PID_SA INFO: [Java_com_chinatelecom_smarthome_viewer_business_impl_NativeClient_writeLogToFile:118]I/HmAdManager: refreshGetDefaultAd
05-11 11:02:18(14298) PID_SA INFO: [Java_com_chinatelecom_smarthome_viewer_business_impl_NativeClient_writeLogToFile:118]I/AdViewModel: fetchDefaultAdList success, size=4
05-11 11:02:18(14298) PID_SA INFO: [Java_com_chinatelecom_smarthome_viewer_business_impl_NativeClient_writeLogToFile:118]I/HmAdManager: cacheDefaultAdListToLocal size=4
05-11 11:02:18(493921259128) CFG_TASK INFO: [Cfg_ReqDevSrvItemsFromCloud:3724]ogct 10 get dev serveritem form link body {"METHOD":"3392","SEQID":"10","BODY":{"CompanyID":"0000213ed0cdb8bc","APPID":"1665373297326122","DID":"12000103c0537c93","Language":"2","Items":[{"ConfType":"1","Sign":"0"},{"ConfType":"2","Sign":"0"},{"ConfType":"8","Sign":"0"}]}}
05-11 11:02:18(20088) CFG_TASK INFO: [Cfg_Task_ProcOwnerCfg:801]ogct 11 start down owner inf
05-11 11:02:18(20088) CFG_TASK INFO: [Cfg_Task_GetGroupList:481]ogct 12 begain get group list
05-11 11:02:18(493921259128) TRAS_TASK INFO: [Tras_GetAppNewVersion:1865]ogct 13 send get app new version {"METHOD":"4162","SEQID":"13","BODY":{"AppVersion":"2.9.28","AppID":"1593592778513070","Language":"2"}} iret 0
05-11 11:02:18(20093) TRAS_TASK INFO: [TrasNat_ParseGetNatSvrRsp:119]ogct 6 recv rsp code 0 natip 156.59.51.97:30194 encflag 0
05-11 11:02:18(20085) cos INFO: [Cos_InetMgrProc:133]get host 156.59.51.50 ok ip 842218396 passive 0
05-11 11:02:18(20093) cos INFO: [Cos_SocketOpen:377]socket<474> open ok
05-11 11:02:18(493921259133) TRAS_TASK INFO: [TrasP2PSlot_NewTcp:26]p2pslot creat tcp slot 0xb400007331bbc480 peer addr: 156.59.51.50:port:25006
05-11 11:02:18(493921259133) TRAS_TASK INFO: [TrasPeer_ParseGetProxySvrRsp:1228]ogct 7 recv rsp code 0 prxoy 156.59.51.50:25006 enctype 49
05-11 11:02:19(20085) cos INFO: [Cos_InetMgrProc:133]get host 156.59.51.97 ok ip 1630747548 passive 0
05-11 11:02:19(493921259133) cos INFO: [Cos_SocketOpen:377]socket<445> open ok
05-11 11:02:19(12970367425043254909) TRAS_TASK INFO: [TrasNat_CreatNatHole:622]creat new nat hole get local udp port 8943 socket type 0
05-11 11:02:19(493921259133) TRAS_TASK INFO: [TrasNat_CheckNatType:391]natinf init ok socket 445 
05-11 11:02:19(498216226429) TRAS_TASK INFO: [TrasNat_CheckNat:226]send udp msg to server 156.59.51.97:30194 iret 72
05-11 11:02:19(12970367420748287613) TRAS_TASK INFO: [TrasNat_CheckNatType:397]natInf send msg to port1 30194 
05-11 11:02:19(493921259133) CFG_TASK INFO: [Cfg_RecvGetGroupListRsp:468]ogct 12 recv get grouplist response, code 0
05-11 11:02:19(498216226429) CFG_TASK INFO: [Cfg_RcvDownOwnerInfRsp:771]ogct 11 recv down owner info rsp ,nickname  regperiod  code 0 data {"METHOD":"3323","SEQID":"11","CODE":"0","BODY":{"Account":[{"Account":"faiz.ahmed321@gmail.com","AccountType":"1"}],"CountryFromIP":"IN","Icon":"","NickName":"","Param":{"City":"","Country":"GB"},"ParentUID":"","RegPeriod":"","RoleType":0}}
05-11 11:02:19(20093) CFG_TASK INFO: [Cfg_RecvDevSrvItemsFromCloudRsp:3521]ogct 10 recv srv dev rsp event id info {"EventIDs":[{"AIIoTType":"1000","AlgorithmID":[],"EventID":"100000","Name":"Motion Detection","OpenFlag":"1"},{"AIIoTType":"1000","AlgorithmID":[],"EventID":"100001","Name":"Human Detection","OpenFlag":"1"},{"AIIoTType":"1096","AlgorithmID":[],"EventID":"109600","Name":"","OpenFlag":"0"},{"AIIoTType":"1097","AlgorithmID":[],"EventID":"109700","Name":"","OpenFlag":"0"},{"AIIoTType":"1029","AlgorithmID":[],"EventID":"102900","Name":"Pet Detection","OpenFlag":"0"},{"AIIoTType":"1083","AlgorithmID":[],"EventID":"108300","Name":"Vehicle Detection","OpenFlag":"0"},{"AIIoTType":"1089","AlgorithmID":[],"EventID":"108901","Name":"","OpenFlag":"0"},{"AIIoTType":"1000","AlgorithmID":[],"EventID":"100017","Name":"Motion Detection Cross Line","OpenFlag":"0"},{"AIIoTType":"1029","AlgorithmID":[],"EventID":"102906","Name":"","OpenFlag":"0"},{"AIIoTType":"1000","AlgorithmID":[],"EventID":"300008","Name":"","OpenFlag":"0"},{"AIIoTType":"1097","AlgorithmID":[],"EventID":"109702","Name":"","OpenFlag":"0"},{"AIIoTType":"1097","AlgorithmID":[],"EventID":"109703","Name":"","OpenFlag":"0"},{"AIIoTType":"1103","AlgorithmID":[],"EventID":"110300","Name":"","OpenFlag":"0"},{"AIIoTType":"1104","AlgorithmID":[],"EventID":"110400","Name":"","OpenFlag":"0"},{"AIIoTType":"1029","AlgorithmID":[],"EventID":"102901","Name":"","OpenFlag":"0"},{"AIIoTType":"1097","AlgorithmID":[],"EventID":"109701","Name":"","OpenFlag":"0"},{"AIIoTType":"1025","AlgorithmID":[],"EventID":"102500","Name":"","OpenFlag":"0"},{"AIIoTType":"1026","AlgorithmID":[],"EventID":"102600","Name":"","OpenFlag":"0"},{"AIIoTType":"1109","AlgorithmID":[],"EventID":"110900","Name":"","OpenFlag":"0"},{"AIIoTType":"1105","AlgorithmID":[],"EventID":"110500","Name":"","OpenFlag":"0"},{"AIIoTType":"1029","AlgorithmID":[],"EventID":"102903","Name":"","OpenFlag":"0"},{"AIIoTType":"1029","AlgorithmID":[],"EventID":"102905","Name":"","OpenFlag":"0"},{"AIIoTType":"1029","A***
05-11 11:02:19(7449354306551041661) PID_SA INFO: [FUN_DEVICE_CFG_STATUS:1222]FUN_DEVICE_CFG_STATUS pucDeviceId:12000103c0537c93, enDeviceCfgItem:32768
05-11 11:02:19(498216226429) CFG_TASK INFO: [Cfg_RecvDevSrvItemsFromCloudRsp:3541]ogct 10 recv srv dev rsp app setting {"ClickAlarm":"1","EnCoderID":"0","FullColorMode":"0","JpgResample":"1","LampFlag":"0","LightLevelMode":"1","LightMaxTime":"43200","PlayLenth":"","PlayRestrictionFlag":"","PriorStreamID":"1","ResampleHight":"1296","ResampleWidth":"2304","ScreenSplit":{"OpenFlag":"","ShownPrecent":"","SplitCamID":""},"Sign":"1790","VideoResample":"0"}
05-11 11:02:19(20093) PID_SA INFO: [FUN_DEVICE_CFG_STATUS:1222]FUN_DEVICE_CFG_STATUS pucDeviceId:12000103c0537c93, enDeviceCfgItem:131072
05-11 11:02:19(493921259133) CFG_TASK INFO: [Cfg_RecvDevSrvItemsFromCloudRsp:3560]ogct 10 recv srv dev rsp charge info {"AutoPayStatus":"0","DayExpireFlag":0,"EventExpireFlag":0,"Packages":[]}
05-11 11:02:19(14298) PID_SA INFO: [Java_com_chinatelecom_smarthome_viewer_business_impl_NativeClient_writeLogToFile:118]I/m0: onDeviceConfigUpdate  deviceId is =12000103c0537c93,,,,UNKNOWN
05-11 11:02:19(493921259133) PID_SA INFO: [FUN_DEVICE_CFG_STATUS:1222]FUN_DEVICE_CFG_STATUS pucDeviceId:12000103c0537c93, enDeviceCfgItem:65536
05-11 11:02:19(493921259133) CFG_TASK INFO: [Cfg_RecvDevSrvItemsFromCloudRsp:3579]ogct 10 recv srv dev rsp nodel setting (null)
05-11 11:02:19(493921259133) CFG_TASK INFO: [Cfg_RecvDevSrvItemsFromCloudRsp:3640]ogct 10 recv srv dev rsp items 0 code 0
05-11 11:02:19(498216220634) PID_SA INFO: [Java_com_chinatelecom_smarthome_viewer_business_impl_NativeClient_writeLogToFile:118]DeviceManager: cache TF Card Info
05-11 11:02:19(498216220634) CMD_TASK INFO: [Cmd_GetPeerTfCardInf:827]reqid 15 send GetPeerTfCardInf msg {"METHOD":"344E","SEQID":"15","FROM":{"UserToken":"1600010140c3ad111p3g5jmo63upuvo5"},"TO":{"DID":"12000103c0537c93"}} to peer 12000103c0537c93, iret -1
05-11 11:02:19(545460860890) PID_SA INFO: [Java_com_chinatelecom_smarthome_viewer_business_impl_NativeCommand_getTFCardInfo:394]HM_GetSdCardInf ret = -1 puiReqId = 15
05-11 11:02:19(498216220634) PID_SA INFO: [Java_com_chinatelecom_smarthome_viewer_business_impl_NativeClient_writeLogToFile:118]DeviceManager: deviceId = 12000103c0537c93   get sdcard info errorCode = -1
05-11 11:02:19(14298) PID_SA INFO: [Java_com_chinatelecom_smarthome_viewer_business_impl_NativeClient_writeLogToFile:118]I/m0: onDeviceConfigUpdate  deviceId is =12000103c0537c93,,,,UNKNOWN
05-11 11:02:19(12970367425043249114) PID_SA INFO: [Java_com_chinatelecom_smarthome_viewer_business_impl_NativeClient_writeLogToFile:118]DeviceManager: cache TF Card Info
05-11 11:02:19(498216220634) CMD_TASK INFO: [Cmd_GetPeerTfCardInf:827]reqid 16 send GetPeerTfCardInf msg {"METHOD":"344E","SEQID":"16","FROM":{"UserToken":"1600010140c3ad111p3g5jmo63upuvo5"},"TO":{"DID":"12000103c0537c93"}} to peer 12000103c0537c93, iret -1
05-11 11:02:19(545460860890) PID_SA INFO: [Java_com_chinatelecom_smarthome_viewer_business_impl_NativeCommand_getTFCardInfo:394]HM_GetSdCardInf ret = -1 puiReqId = 16
05-11 11:02:19(14298) PID_SA INFO: [Java_com_chinatelecom_smarthome_viewer_business_impl_NativeClient_writeLogToFile:118]DeviceManager: deviceId = 12000103c0537c93   get sdcard info errorCode = -1
05-11 11:02:19(20088) CFG_TASK INFO: [Cfg_SetGroupDevOnlineStatus:574]set member 12000103c0537c93 online status 1
05-11 11:02:19(493921259128) CFG_TASK INFO: [Cfg_ProcDevStatusNtc:1258]ogct 3576328059 Ntc did 12000103c0537c93 oldflag 0 online status 1 pushflag 0 upstatus 0 Rate 0
05-11 11:02:19(15670257809465822840) CFG_TASK INFO: [Cfg_ParseRecvNetData:1492]recv msgtype 37 msgid 3e
05-11 11:02:19(20093) TRAS_TASK INFO: [TrasPeer_ProcOnLine:566]p2pslot 0xb400007331bbc480 set close for nat change 
05-11 11:02:19(493921259133) cos INFO: [Cos_SocketClose:390]socket<474> closed
05-11 11:02:19(12970367425043254909) TRAS_TASK INFO: [TrasP2PSlot_ProcTcpState:352]tcpslot 0xb400007331bbc480 closed ok reset bestslot 0
05-11 11:02:19(493921259133) TRAS_TASK INFO: [TrasPeer_GetProxySvr:892]ogct 17 start get proxy for peerid 12000103c0537c93 Relay mode 0 gid 22000101413a31a9 iret 0
05-11 11:02:19(20093) EVENT_TASK INFO: [Event_RecvGetEventCalenderRspFromStore:724]ogct 9 recv rsp json[0xa81e9300] 
05-11 11:02:19(493921259133) TRAS_TASK INFO: [TrasP2PSlot_Close:61]close the Slot 0xb400007331bbc480  flag 0 ok .
05-11 11:02:19(20098) PID_SA INFO: [FUN_GETEVENTCALENDER_RSP:1357]FUN_GETEVENTCALENDER_RSP reqId:8, error:0
05-11 11:02:19(20098) PID_SA INFO: [FUN_GETEVENTCALENDER_RSP:1359]list size: 0
05-11 11:02:19(20098) EVENT_TASK INFO: [Event_GetEventCalender_Rsp_ProcMsg:1844]event calender rsp msg uiRoute 2 uiReqId 9 rspstatus0 calender list 0
05-11 11:02:19(493921259138) EVENT_TASK INFO: [Event_GetNewEventCount:2773]ogct 18 send req msg {"METHOD":"3534","SEQID":"18","BODY":{"DID":"12000103c0537c93","Dates":["2026-05-11"]},"ChannelNum":"-1"}
05-11 11:02:19(498216220634) PID_SA INFO: [Java_com_chinatelecom_smarthome_viewer_business_impl_NativeClient_writeLogToFile:118]onInitPushSuccess: regid = eTaw3UHwT7yXDsUUjIDjw_:APA91bGOPrHHfPX6BI8lyu8Xuh2S_tcCJ1X6J2fTnbEulnllK4sV-ag66RoIN9ctFMucYPCZ7nWJDLxUD71DTrCmEUFuwrP9Ejga3KAQWdqdxzB2QJfr-f8
05-11 11:02:19(14298) ZJ_TASK INFO: [ZJ_SetPushToken:1024]ogct 19 set pushtoken eTaw3UHwT7yXDsUUjIDjw_:APA91bGOPrHHfPX6BI8lyu8Xuh2S_tcCJ1X6J2fTnbEulnllK4sV-ag66RoIN9ctFMucYPCZ7nWJDLxUD71DTrCmEUFuwrP9Ejga3KAQWdqdxzB2QJfr-f8 iRet 0
05-11 11:02:19(493921259128) CFG_TASK INFO: [Cfg_ReqDevSrvItemsFromCloud:3724]ogct 20 get dev serveritem form link body {"METHOD":"3392","SEQID":"20","BODY":{"CompanyID":"0000213ed0cdb8bc","APPID":"1665373297326122","DID":"12000103c0537c93","Language":"2","Modules":[{"AIIoTType":"1100","AIIoTID":"0","Sign":"0"},{"AIIoTType":"1093","AIIoTID":"0","Sign":"0"},{"AIIoTType":"1098","AIIoTID":"0","Sign":"0"}]}}
05-11 11:02:19(493921259128) CFG_TASK INFO: [Cfg_SavePeerDeviceItemFile:3235]peerid 12000103c0537c93 algorithm cfg {"Sign":"0","EventIDs":[{"EventID":"100000","AIIoTType":"1000","OpenFlag":"1","Name":"Motion Detection"},{"EventID":"100001","AIIoTType":"1000","OpenFlag":"1","Name":"Human Detection"},{"EventID":"109600","AIIoTType":"1096","OpenFlag":"0","Name":""},{"EventID":"109700","AIIoTType":"1097","OpenFlag":"0","Name":""},{"EventID":"102900","AIIoTType":"1029","OpenFlag":"0","Name":"Pet Detection"},{"EventID":"108300","AIIoTType":"1083","OpenFlag":"0","Name":"Vehicle Detection"},{"EventID":"108901","AIIoTType":"1089","OpenFlag":"0","Name":""},{"EventID":"100017","AIIoTType":"1000","OpenFlag":"0","Name":"Motion Detection Cross Line"},{"EventID":"102906","AIIoTType":"1029","OpenFlag":"0","Name":""},{"EventID":"300008","AIIoTType":"1000","OpenFlag":"0","Name":""},{"EventID":"109702","AIIoTType":"1097","OpenFlag":"0","Name":""},{"EventID":"109703","AIIoTType":"1097","OpenFlag":"0","Name":""},{"EventID":"110300","AIIoTType":"1103","OpenFlag":"0","Name":""},{"EventID":"110400","AIIoTType":"1104","OpenFlag":"0","Name":""},{"EventID":"102901","AIIoTType":"1029","OpenFlag":"0","Name":""},{"EventID":"109701","AIIoTType":"1097","OpenFlag":"0","Name":""},{"EventID":"102500","AIIoTType":"1025","OpenFlag":"0","Name":""},{"EventID":"102600","AIIoTType":"1026","OpenFlag":"0","Name":""},{"EventID":"110900","AIIoTType":"1109","OpenFlag":"0","Name":""},{"EventID":"110500","AIIoTType":"1105","OpenFlag":"0","Name":""},{"EventID":"102903","AIIoTType":"1029","OpenFlag":"0","Name":""},{"EventID":"102905","AIIoTType":"1029","OpenFlag":"0","Name":""},{"EventID":"102902","AIIoTType":"1029","OpenFlag":"0","Name":""},{"EventID":"102904","AIIoTType":"1029","OpenFlag":"0","Name":""},{"EventID":"110600","AIIoTType":"1106","OpenFlag":"0","Name":""}],"ServiceIDs":[{"OpenFlag":"1","ServiceID":"300027"},{"OpenFlag":"1","ServiceID":"300026"},{"OpenFlag":"0","ServiceID":"300009"},{"OpenFlag":"0","ServiceID":"300008"},{"OpenFlag":"0","Servi***
05-11 11:02:19(493921259128) CFG_TASK INFO: [Cfg_SavePeerDeviceItemFile:3246]peerid 12000103c0537c93 dev app cfg {"Sign":"1790","VideoResample":"0","JpgResample":"1","ResampleHight":"1296","ResampleWidth":"2304","LampFlag":"0","LightMaxTime":"43200","LightLevelMode":"1","PlayRestrictionFlag":"0","PlayLenth":"0","ClickAlarm":"1","PriorStreamID":"1","ScreenSplit":{"OpenFlag":"0","SplitCamID":"0","ShownPrecent":"0"},"EncoderID":"0","AutoSwitchMode":"0"}
05-11 11:02:19(493921259128) CFG_TASK INFO: [Cfg_SavePeerDeviceItemFile:3256]peerid 12000103c0537c93 dev chargelist cfg {"Sign":"0","AutoPayStatus":"0","DayExpireFlag":"0","EventExpireFlag":"0","Packages":[]}
05-11 11:02:19(12970367425043254904) CFG_TASK INFO: [Cfg_SetOwnerVCardInf:580]set owner nick name  country GB RegPeriod 
05-11 11:02:19(493921259133) CFG_TASK INFO: [Cfg_Task_RecvAppversionRsp:1655]ocgt 13 recv get new appversion  updateflag 0
05-11 11:02:19(20093) cos INFO: [Cos_SocketOpen:377]socket<188> open ok
05-11 11:02:19(493921259133) TRAS_TASK INFO: [TrasP2PSlot_NewTcp:26]p2pslot creat tcp slot 0xb400007331bbc600 peer addr: 156.59.51.50:port:25006
05-11 11:02:19(493921259133) TRAS_TASK INFO: [TrasPeer_ParseGetProxySvrRsp:1228]ogct 17 recv rsp code 0 prxoy 156.59.51.50:25006 enctype 49
05-11 11:02:19(20093) PID_SA INFO: [FUN_DEVICE_COMMON_RSP:1189]FUN_DEVICE_COMMON_RSP uiReqId:19, iErr:0
05-11 11:02:19(493921259133) ZJ_TASK INFO: [ZJ_UserProcSetPushTokenRsp:1001]ogct 19 recv rsp code 0 
05-11 11:02:19(20093) EVENT_TASK INFO: [Event_RecvGetNewEventCountRspFromStore:1065]ogct 18 recv rsp json, set new event count 0 day 2026-05-11 msg rsp code 0
05-11 11:02:19(20093) PID_SA INFO: [FUN_NEWEVENT_CB:1574]onNewEventNotify pucDeviceId:12000103c0537c93, uiNewEventCount:0, pucDay:2026-05-11, uiRouterType:2
05-11 11:02:19(20093) CFG_TASK INFO: [Cfg_RecvDevSrvItemsFromCloudRsp:3579]ogct 20 recv srv dev rsp nodel setting [{"AIIoTID":"0","AIIoTType":"1100","Buss":null,"OpenFlag":"","Prop":null,"Sign":"","SupportFlag":"0"},{"AIIoTID":"0","AIIoTType":"1093","Buss":{"TimeArea":"","TimeZone":""},"OpenFlag":"0","Prop":null,"Sign":"","SupportFlag":"1"},{"AIIoTID":"0","AIIoTType":"1098","Buss":{"EventList":[{"EventID":"108300","OpenFlag":"0"},{"EventID":"102900","OpenFlag":"0"},{"EventID":"109600","OpenFlag":"0"},{"EventID":"109700","OpenFlag":"0"}]},"OpenFlag":"1","Prop":{"EventList":[{"EventID":"108300"},{"EventID":"102900"},{"EventID":"109600"},{"EventID":"109700"}],"hm_editable":"0"},"Sign":"","SupportFlag":"1"}]
05-11 11:02:19(20093) CFG_TASK INFO: [Cfg_RecvDevSrvItemsFromCloudRsp:3640]ogct 20 recv srv dev rsp items 0 code 0
05-11 11:02:19(493921259133) TRAS_TASK INFO: [TrasP2PSlot_ProcTcpState:210]tcpslot 0xb400007331bbc600 send match req;turn to matching status
05-11 11:02:19(20093) BHAVR_TASK INFO: [BHavr_ProcUploadOptRsp:50]Ogct 21 recv rsp code 0
05-11 11:02:19(12970367420748287615) TRAS_TASK INFO: [Tras_ParseP2PSlot_ProxyMatchRsp:353]peer 12000103c0537c93 Slot 0xb400007331bbc600 recv proxy match rsp
05-11 11:02:19(493921259133) TRAS_TASK INFO: [TrasP2PSlot_ProcTcpState:243]tcpslot 0xb400007331bbc600 send test req and turn to testing status
05-11 11:02:19(493921259128) CFG_TASK INFO: [Cfg_SavePeerDeviceItemFile:3104]peerid 12000103c0537c93 iots cfg {"PTZAbility":"3","AttachPTZAbility":"0","PTZSpeedAbility":"1","MotionAbility":"1","DoorbellAbility":"0","RecordAbility":"1","PIRAbility":"0","VoiceAlarmAbility":"0","SnapshotAbility":"1","BuzzerAbility":"1","StatusLampAbility":"0","LampAbility":"1","CloudRecordAbility":"0","CloudSnapshotAbility":"1","CameraAbility":"1","EventAbility":"1","SupportCloudFlag":"1","Sign":"41496","IoTS":[{"AIIoTType":"1006","AIIoTID":"0","OpenFlag":"1","Sign":"0"},{"AIIoTType":"1005","AIIoTID":"0","OpenFlag":"1","Sign":"0","Prop":{"SnapLoopFlag":"1","SnapInterval":"180","SnapFullFlag":"0","SnapPicType":"2"}},{"AIIoTType":"1000","AIIoTID":"0","OpenFlag":"1","Sign":"0","Prop":{"Motion":{"Status":"0","Interval":"60","Trace":"0","Sensitive":"50"},"Human":{"Sensitive":"50","Status":"0","Interval":"60","Trace":"0"},"Face":{"Sensitive":"50","Status":"0","Interval":"60","Trace":"0"}}},{"AIIoTType":"1009","AIIoTID":"0","OpenFlag":"1","Sign":"0","Prop":{"Status":"1"}},{"AIIoTType":"1014","AIIoTID":"0","OpenFlag":"1","Sign":"0","Prop":{"IrcutType":"2"}},{"AIIoTType":"1007","AIIoTID":"0","OpenFlag":"1","Sign":"0","Prop":{}},{"AIIoTType":"1002","AIIoTID":"0","OpenFlag":"1","Sign":"0","Prop":{"RecordLoop":"1","RecordFull":"0","StreamID":"0","Duration":"0"}},{"AIIoTType":"1011","AIIoTID":"0","OpenFlag":"1","Sign":"0","Prop":{"GifFlag":"1","GifOpenFlag":"0","Interval":"30","LoopDays":"3","PicType":"2","RecordType":"1","SnapJpgCnt":"1","StorageType":"0","Support":"1","hm_editable":"0"}},{"AIIoTType":"1013","AIIoTID":"0","OpenFlag":"1","Sign":"0","Prop":{"PushFlag":"7","SMSFlag":"1","EmailFlag":"1","Interval":"300","EmailAddr":"","StartTime":"0","EndTime":"86400","SpanFlag":"0","Week":"127"}},{"AIIoTType":"1012","AIIoTID":"0","OpenFlag":"1","Sign":"0"},{"AIIoTType":"1093","AIIoTID":"0","OpenFlag":"1","Sign":"0","Prop":null,"Buss":{"TimeArea":"","TimeZone":""}},{"AIIoTType":"1098","AIIoTID":"0","OpenFlag":"1","Sign":"0","Prop":{"EventLis***
05-11 11:02:19(493921259128) PID_SA INFO: [FUN_OWNER_CFG_STATUS:2565]FUN_OWNER_CFG_STATUS enUserCfgItem:3
05-11 11:02:19(493921259128) PID_SA INFO: [FUN_GROUP_STATE:1173]FUN_GROUP_STATE
05-11 11:02:19(20088) CFG_TASK INFO: [Cfg_Task_ProcOwnerCfg:844]ogct 24 start upload owner info
05-11 11:02:19(12970367420748287608) CFG_TASK INFO: [Cfg_Task_GetGroupInfo:680]ogct 25 start get group 1600010140c3ad11A0000001 item 255
05-11 11:02:19(12970367420748287608) CFG_TASK INFO: [Cfg_Task_GetGroupInfo:680]ogct 26 start get group 22000101413a31a9 item 255
05-11 11:02:19(493921259128) CFG_TASK INFO: [Cfg_Task_ProcAppVersion:1704]ntc app version ok ntcflag 0 updateflag 0
05-11 11:02:19(14298) PID_SA INFO: [Java_com_chinatelecom_smarthome_viewer_business_impl_NativeClient_writeLogToFile:118]I/Internal: onOwnerCfgUpdate userId:
05-11 11:02:19(14298) PID_SA INFO: [Java_com_chinatelecom_smarthome_viewer_business_impl_NativeUser_getOwnerVCardInfo:354]uiMarried:0,  uiSex:0, aucMobile:, aucEmail:, aucAddress:,aucBirthday:, aucCity:, aucCountry:GB,aucVMid:, aucNickName:, aucProvice:,aucPhotoProfile:,aucRegPeriod:,
05-11 11:02:19(20093) CFG_TASK INFO: [Cfg_RecvGetGroupInfRsp:645]ogct 25 recv groupinf rsp, code 0
05-11 11:02:19(20093) CFG_TASK INFO: [Cfg_RecvGetGroupInfRsp:645]ogct 26 recv groupinf rsp, code 0
05-11 11:02:19(9250420048667889277) TRAS_TASK INFO: [TrasPeer_ProcOnLine:566]p2pslot 0xb400007331bbc600 set close for nat change 
05-11 11:02:19(493921259133) cos INFO: [Cos_SocketClose:390]socket<188> closed
05-11 11:02:19(12970367425043254909) TRAS_TASK INFO: [TrasP2PSlot_ProcTcpState:352]tcpslot 0xb400007331bbc600 closed ok reset bestslot 0
05-11 11:02:20(493921259133) TRAS_TASK INFO: [TrasPeer_GetProxySvr:892]ogct 27 start get proxy for peerid 12000103c0537c93 Relay mode 0 gid 22000101413a31a9 iret 0
05-11 11:02:20(493921259133) TRAS_TASK INFO: [TrasP2PSlot_Close:61]close the Slot 0xb400007331bbc600  flag 0 ok .
05-11 11:02:20(20093) CFG_TASK INFO: [Cfg_RecvUpOwnerInfRsp:786]ogct 24 recv upload owner info rsp
05-11 11:02:20(20093) cos INFO: [Cos_SocketOpen:377]socket<131> open ok
05-11 11:02:20(493921259133) TRAS_TASK INFO: [TrasP2PSlot_NewTcp:26]p2pslot creat tcp slot 0xb400007331bbc780 peer addr: 156.59.51.50:port:25006
05-11 11:02:20(493921259133) TRAS_TASK INFO: [TrasPeer_ParseGetProxySvrRsp:1228]ogct 27 recv rsp code 0 prxoy 156.59.51.50:25006 enctype 49
05-11 11:02:20(493921259133) TRAS_TASK INFO: [TrasP2PSlot_ProcTcpState:210]tcpslot 0xb400007331bbc780 send match req;turn to matching status
05-11 11:02:20(12970367420748287608) CFG_TASK INFO: [Cfg_ProcDevCfgChangeNotice:1150]recv devcfg 12000103c0537c93 from link_server OldFlg 0 cfg item 0 changed notice
05-11 11:02:20(12970367420748287608) CFG_TASK INFO: [Cfg_ParseRecvNetData:1492]recv msgtype 37 msgid 42
05-11 11:02:20(12970367420748287615) TRAS_TASK INFO: [Tras_ParseP2PSlot_ProxyMatchRsp:353]peer 12000103c0537c93 Slot 0xb400007331bbc780 recv proxy match rsp
05-11 11:02:20(493921259133) TRAS_TASK INFO: [TrasP2PSlot_ProcTcpState:243]tcpslot 0xb400007331bbc780 send test req and turn to testing status
05-11 11:02:20(493921259128) CFG_TASK INFO: [Cfg_ReqDevSrvItemsFromCloud:3724]ogct 30 get dev serveritem form link body {"METHOD":"3392","SEQID":"30","BODY":{"CompanyID":"0000213ed0cdb8bc","APPID":"1665373297326122","DID":"12000103c0537c93","Language":"2","Modules":[{"AIIoTType":"1200","AIIoTID":"0","Sign":"0"}]}}
05-11 11:02:20(493921259128) PID_SA INFO: [FUN_GROUP_STATE:1173]FUN_GROUP_STATE
05-11 11:02:20(20093) TRAS_TASK INFO: [TrasP2PSlot_SetToUser:1052]tcpslot 0xb400007331bbc780 set bestest to peer 12000103c0537c93,old 0x0 udpflag 0 
05-11 11:02:20(493921259133) TRAS_TASK INFO: [TrasP2PSlot_ProcTcpState:282]tcpslot 0xb400007331bbc780 tested ok tickcnt 53030361
05-11 11:02:20(20093) cos INFO: [Cos_SocketOpen:377]socket<141> open ok
05-11 11:02:20(12970367425043254909) TRAS_TASK INFO: [TrasNat_CreatNatHole:622]creat new nat hole get local udp port 8944 socket type 0
05-11 11:02:20(498216226429) TRAS_TASK INFO: [TrasNat_CheckNat:226]send udp msg to server 156.59.51.97:30194 iret 72
05-11 11:02:20(20093) TRAS_TASK INFO: [TrasPeer_ProcGetNetInfo:482]peer 12000103c0537c93 get natinf status 2
05-11 11:02:20(12970367425043254909) CFG_TASK INFO: [Cfg_SetPeerDevCanUseStatus:636]set device 12000103c0537c93 oldflag 0 group 22000101413a31a9 can use status 1
05-11 11:02:20(12970367425043254909) PID_SA INFO: [FUN_DEVICE_STATUS:1240]FUN_DEVICE_STATUS deviceId:12000103c0537c93, status:5
05-11 11:02:20(12970367425043249114) PID_SA INFO: [Java_com_chinatelecom_smarthome_viewer_business_impl_NativeClient_writeLogToFile:118]I/LowPowerHeart: onDeviceStateChange awakeDevice groupId:22000101413a31a9//deviceId:12000103c0537c93//status:5//StatusEnum:5//statusName:CANUSE
05-11 11:02:20(545460860890) PID_SA INFO: [Java_com_chinatelecom_smarthome_viewer_business_impl_NativeClient_writeLogToFile:118]I/m0: onDeviceStateChange groupId:22000101413a31a9,deviceId:12000103c0537c93,devicePresenceState:5   deviceType = CAMERA  awakeAbility:NOT_SUPPORT
05-11 11:02:20(20093) nvr_cfg WARN: [cfg_OnPeerDeviceStatusChange:454]Ignonre 12000103c0537c93 status changed
05-11 11:02:20(12970367425043254909) TRAS_TASK INFO: [TrasPeer_ProcStatusCbFlag:618]device 12000103c0537c93 slot can use
05-11 11:02:21(20093) CFG_TASK INFO: [Cfg_RecvDevSrvItemsFromCloudRsp:3579]ogct 30 recv srv dev rsp nodel setting [{"AIIoTID":"0","AIIoTType":"1200","Buss":{"Language":"2"},"OpenFlag":"1","Prop":null,"Sign":"","SupportFlag":"0"}]
05-11 11:02:21(20093) CFG_TASK INFO: [Cfg_RecvDevSrvItemsFromCloudRsp:3640]ogct 30 recv srv dev rsp items 0 code 0
05-11 11:02:21(498216226480) PID_SA INFO: [Java_com_chinatelecom_smarthome_viewer_business_impl_NativeClient_writeLogToFile:118]I/RetrofitLog: retrofitBack = <-- 200 OK https://ims.smartcloudcon.com/loghub/app/getEventUploadEndpoint (3503ms)
05-11 11:02:21(20144) PID_SA INFO: [Java_com_chinatelecom_smarthome_viewer_business_impl_NativeClient_writeLogToFile:118]I/RetrofitLog: retrofitBack = Server: nginx/1.14.0 (Ubuntu)
05-11 11:02:21(20144) PID_SA INFO: [Java_com_chinatelecom_smarthome_viewer_business_impl_NativeClient_writeLogToFile:118]I/RetrofitLog: retrofitBack = Date: Mon, 11 May 2026 05:32:20 GMT
05-11 11:02:21(20144) PID_SA INFO: [Java_com_chinatelecom_smarthome_viewer_business_impl_NativeClient_writeLogToFile:118]I/RetrofitLog: retrofitBack = Content-Type: application/json; charset=utf-8
05-11 11:02:21(20144) PID_SA INFO: [Java_com_chinatelecom_smarthome_viewer_business_impl_NativeClient_writeLogToFile:118]I/RetrofitLog: retrofitBack = Connection: keep-alive
05-11 11:02:21(20144) PID_SA INFO: [Java_com_chinatelecom_smarthome_viewer_business_impl_NativeClient_writeLogToFile:118]I/RetrofitLog: retrofitBack = Access-Control-Allow-Credentials: true
05-11 11:02:21(20144) PID_SA INFO: [Java_com_chinatelecom_smarthome_viewer_business_impl_NativeClient_writeLogToFile:118]I/RetrofitLog: retrofitBack = Access-Control-Allow-Headers: *
05-11 11:02:21(20144) PID_SA INFO: [Java_com_chinatelecom_smarthome_viewer_business_impl_NativeClient_writeLogToFile:118]I/RetrofitLog: retrofitBack = Access-Control-Allow-Methods: POST, GET, OPTIONS, PUT, DELETE, UPDATE
05-11 11:02:21(20144) PID_SA INFO: [Java_com_chinatelecom_smarthome_viewer_business_impl_NativeClient_writeLogToFile:118]I/RetrofitLog: retrofitBack = Access-Control-Allow-Origin: *
05-11 11:02:21(20144) PID_SA INFO: [Java_com_chinatelecom_smarthome_viewer_business_impl_NativeClient_writeLogToFile:118]I/RetrofitLog: retrofitBack = Access-Control-Expose-Headers: Content-Length, Access-Control-Allow-Origin, Access-Control-Allow-Headers, Cache-Control, Content-Language, Content-Type
05-11 11:02:21(20144) PID_SA INFO: [Java_com_chinatelecom_smarthome_viewer_business_impl_NativeClient_writeLogToFile:118]I/RetrofitLog: retrofitBack = Vary: Accept-Encoding
05-11 11:02:21(493921259184) PID_SA INFO: [Java_com_chinatelecom_smarthome_viewer_business_impl_NativeClient_writeLogToFile:118]I/RetrofitLog: retrofitBack = 
05-11 11:02:21(493921259184) PID_SA INFO: [Java_com_chinatelecom_smarthome_viewer_business_impl_NativeClient_writeLogToFile:118]I/RetrofitLog: retrofitBack = {"CODE":0,"Msg":"","BODY":{"Token":"eyJhbGciOiJIUzUxMiIsInR5cCI6IkpXVCJ9.eyJleHAiOjE3ODEwNjk1MzksImlhdCI6MTc3ODQ3NzUzOSwiQ29tcGFueUlEIjoiMDAwMDIxM2VkMGNkYjhiYyIsIkFwcElEIjoiMTU5MzU5Mjc3ODUxMzA3MCIsIlVJRCI6IiIsIkFwcFZlcnNpb24iOiIyLjkuMjgifQ.IbkJntM96qI2q51ia9hBluRCcGW68rgaSCRIJW4r7o-z4IVvjIObdcv7PfeFcR-NxRawwWSHqE8pLyCuwgRuig","Region":"003","MDURL":"https://yatai-loggw.smartcloudcon.com/loggw/app/eventTrack"}}
05-11 11:02:21(493921259184) PID_SA INFO: [Java_com_chinatelecom_smarthome_viewer_business_impl_NativeClient_writeLogToFile:118]I/RetrofitLog: retrofitBack = <-- END HTTP (413-byte body)
05-11 11:02:21(20088) CFG_TASK INFO: [Cfg_ProcPeerDeviceCfg:3969]peer 12000103c0537c93 sync cfg by p2p
05-11 11:02:21(493921259128) CFG_TASK INFO: [Cfg_SavePeerDeviceItemFile:3104]peerid 12000103c0537c93 iots cfg {"PTZAbility":"3","AttachPTZAbility":"0","PTZSpeedAbility":"1","MotionAbility":"1","DoorbellAbility":"0","RecordAbility":"1","PIRAbility":"0","VoiceAlarmAbility":"0","SnapshotAbility":"1","BuzzerAbility":"1","StatusLampAbility":"0","LampAbility":"1","CloudRecordAbility":"0","CloudSnapshotAbility":"1","CameraAbility":"1","EventAbility":"1","SupportCloudFlag":"1","Sign":"41496","IoTS":[{"AIIoTType":"1006","AIIoTID":"0","OpenFlag":"1","Sign":"0"},{"AIIoTType":"1005","AIIoTID":"0","OpenFlag":"1","Sign":"0","Prop":{"SnapLoopFlag":"1","SnapInterval":"180","SnapFullFlag":"0","SnapPicType":"2"}},{"AIIoTType":"1000","AIIoTID":"0","OpenFlag":"1","Sign":"0","Prop":{"Motion":{"Status":"0","Interval":"60","Trace":"0","Sensitive":"50"},"Human":{"Sensitive":"50","Status":"0","Interval":"60","Trace":"0"},"Face":{"Sensitive":"50","Status":"0","Interval":"60","Trace":"0"}}},{"AIIoTType":"1009","AIIoTID":"0","OpenFlag":"1","Sign":"0","Prop":{"Status":"1"}},{"AIIoTType":"1014","AIIoTID":"0","OpenFlag":"1","Sign":"0","Prop":{"IrcutType":"2"}},{"AIIoTType":"1007","AIIoTID":"0","OpenFlag":"1","Sign":"0","Prop":{}},{"AIIoTType":"1002","AIIoTID":"0","OpenFlag":"1","Sign":"0","Prop":{"RecordLoop":"1","RecordFull":"0","StreamID":"0","Duration":"0"}},{"AIIoTType":"1011","AIIoTID":"0","OpenFlag":"1","Sign":"0","Prop":{"GifFlag":"1","GifOpenFlag":"0","Interval":"30","LoopDays":"3","PicType":"2","RecordType":"1","SnapJpgCnt":"1","StorageType":"0","Support":"1","hm_editable":"0"}},{"AIIoTType":"1013","AIIoTID":"0","OpenFlag":"1","Sign":"0","Prop":{"PushFlag":"7","SMSFlag":"1","EmailFlag":"1","Interval":"300","EmailAddr":"","StartTime":"0","EndTime":"86400","SpanFlag":"0","Week":"127"}},{"AIIoTType":"1012","AIIoTID":"0","OpenFlag":"1","Sign":"0"},{"AIIoTType":"1093","AIIoTID":"0","OpenFlag":"1","Sign":"0","Prop":null,"Buss":{"TimeArea":"","TimeZone":""}},{"AIIoTType":"1098","AIIoTID":"0","OpenFlag":"1","Sign":"0","Prop":{"EventLis***
05-11 11:02:21(493921259133) cos INFO: [Cos_SocketAccept:447]socket<142> accepted
05-11 11:02:21(493921259133) TRAS_TASK INFO: [TrasP2PSlot_NewTcp:26]p2pslot creat tcp slot 0xb400007331bbc900 peer addr: 192.168.1.192:port:34956
05-11 11:02:21(493921259133) TRAS_TASK INFO: [TrasLocalLan_TCPAccept:433]tcpslot 0xb400007331bbc900 turn to connected for accept peer port 34956
05-11 11:02:21(493921259133) TRAS_TASK INFO: [TrasP2PSlot_ProcTcpState:230]tcpslot 0xb400007331bbc900 have peerid 0; slottype 0 send tcp req turn to testing status
05-11 11:02:21(20095) TRAS_TASK INFO: [TrasP2PSlot_TCPSendLocalTCPRsp:711]send local rsp rsp {"METHOD":"3115","SEQID":"52","CODE":"0","BODY":{"OsType":"3"}} to peer 12000103c0537c93
05-11 11:02:21(20093) TRAS_TASK INFO: [TrasP2PSlot_SetToUser:1052]tcpslot 0xb400007331bbc900 set bestest to peer 12000103c0537c93,old 0xb400007331bbc780 udpflag 0 
05-11 11:02:21(493921259133) TRAS_TASK INFO: [TrasP2PSlot_ProcTcpState:282]tcpslot 0xb400007331bbc900 tested ok tickcnt 53031190
05-11 11:02:21(493921259128) PID_SA INFO: [FUN_DEVICE_CFG_STATUS:1222]FUN_DEVICE_CFG_STATUS pucDeviceId:12000103c0537c93, enDeviceCfgItem:1
05-11 11:02:21(17000050654347016154) PID_SA INFO: [Java_com_chinatelecom_smarthome_viewer_business_impl_NativeClient_writeLogToFile:118]I/m0: onDeviceConfigUpdate  deviceId is =12000103c0537c93,,,,DEVICE
05-11 11:02:21(20093) CFG_TASK INFO: [Cfg_SetPeerDevCanUseStatus:636]set device 12000103c0537c93 oldflag 0 group 22000101413a31a9 can use status 1
05-11 11:02:21(20093) PID_SA INFO: [FUN_DEVICE_STATUS:1240]FUN_DEVICE_STATUS deviceId:12000103c0537c93, status:5
05-11 11:02:21(20093) nvr_cfg WARN: [cfg_OnPeerDeviceStatusChange:454]Ignonre 12000103c0537c93 status changed
05-11 11:02:21(12970367425043254909) TRAS_TASK INFO: [TrasPeer_ProcStatusCbFlag:618]device 12000103c0537c93 slot can use
05-11 11:02:21(493921259133) TRAS_TASK INFO: [TrasPeer_ProcStatusCbFlag:673]device 12000103c0537c93 udpslot 0x0 p2p status 1, local NatType:0, ConeType:0, NetType:2
05-11 11:02:21(502511187930) PID_SA INFO: [Java_com_chinatelecom_smarthome_viewer_business_impl_NativeClient_writeLogToFile:118]I/LowPowerHeart: onDeviceStateChange awakeDevice groupId:22000101413a31a9//deviceId:12000103c0537c93//status:5//StatusEnum:5//statusName:CANUSE
05-11 11:02:21(545460860890) PID_SA INFO: [Java_com_chinatelecom_smarthome_viewer_business_impl_NativeClient_writeLogToFile:118]I/m0: onDeviceStateChange groupId:22000101413a31a9,deviceId:12000103c0537c93,devicePresenceState:5   deviceType = CAMERA  awakeAbility:NOT_SUPPORT
05-11 11:02:21(20088) PID_SA INFO: [FUN_DEVICE_CFG_STATUS:1222]FUN_DEVICE_CFG_STATUS pucDeviceId:12000103c0537c93, enDeviceCfgItem:2
05-11 11:02:21(545460860890) PID_SA INFO: [Java_com_chinatelecom_smarthome_viewer_business_impl_NativeClient_writeLogToFile:118]I/m0: onDeviceConfigUpdate  deviceId is =12000103c0537c93,,,,CAMERA
05-11 11:02:21(12970367425043254904) CFG_TASK INFO: [Cfg_SetCamSupportPtz:7319]peerid 12000103c0537c93 camid 3 set ptz 2139062143
05-11 11:02:21(493921259128) PID_SA INFO: [FUN_DEVICE_CFG_STATUS:1222]FUN_DEVICE_CFG_STATUS pucDeviceId:12000103c0537c93, enDeviceCfgItem:8
05-11 11:02:21(545460860890) PID_SA INFO: [Java_com_chinatelecom_smarthome_viewer_business_impl_NativeClient_writeLogToFile:118]I/m0: onDeviceConfigUpdate  deviceId is =12000103c0537c93,,,,IN_IOT
05-11 11:02:21(493921259128) CFG_TASK INFO: [Cfg_SavePeerDeviceItemFile:3084]peerid 12000103c0537c93 dev cfg {"Sign":"1075","EncAbility":"0","OTAAbility":"7","OTAType":"0","WifiSetAbility":"25","EnergyType":"0","AwakeAbility":"0","AOVAbility":"0","SwitchAOVFrameRateAbility":"0","MicVolumeAbility":"0","SIMAbility":"0","OneClickShowAbility":"0","LogCollectAbility":"1","Powersupply":"1","SupplyShowPowerAbility":"0","DualFrequency":"0","ApSetPasswd":"0","TimerOpenAbility":"0","PowerLevel":"100","SdkVersion":"50664832","DevVersion":"YGT.AJ-L33PQ08A1-v241030.1014","OldDevFlag":"0","DevName":"GateCameras","OsType":"1","DevType":"1","AwakeInterval":"0","MaxSessionCnt":"4","AliveSessionCnt":"0","WifiStrength":"0","AutoSync":"1","DevModel":"AJ-L33PQ08A1","SSID":"","MacAddr":"","DstArea":"Asia/Kolkata","Dst":"IST-5:30","DstUseFlag":"1","TimeMode":"0","StatusLedMode":"1","SimSlotCnt":"0","WorkSimSlotId":"0","IMEI":"","Language":"0","PromptSet":"0","ApHasPassWd":"0","AOVFrameInterval":"0","SimSlots":[],"MulMedia":{"Port":"0","Ipv4":"","ReSource":"","EncType":"0","EncKey":"","EncLv":""}}
05-11 11:02:21(493921259128) CFG_TASK INFO: [Cfg_SavePeerDeviceItemFile:3094]peerid 12000103c0537c93 caminf cfg {"Sign":"73921","CamCnt":"1","CamWorkType":"0","CamList":[{"CamId":"0","StreamCount":"2","PIPAblity":"0","VoicePlayAbility":"1","MicroPhoneAbility":"1","OSDSetAbility":"1","IRRedAbility":"1","InversionAbility":"1","MirrorAbility":"0","StorageAbility":"1","WDRAbility":"1","HDRAbility":"0","FullColorMode":"0","HumanRgnAblity":"1","OSDAblity":"1","SupportPtz":"3","PTZMode":"3","AntiFlickerAbility":"0","PrivacyMaskAbility":"0","OSDName":"","OSDPosition":"0","OSDCustomSwitch":"0","OSDCommonSwitch":"0","Sensor":{"MaxLenCount":"1","CurrentLenID":"0","AutoFlag":"1","DefaultLenId":"0","RectifyAbility":"0","ZoomAbility":"0","CurZoomValue":0,"CombineFlag":0,"Lens":[{"LenID":"0","LenName":"0","LensType":"0","LenFocalLenth":"4","MinLenFocalLenth":"0","MaxLenFocalLenth":"0"}]},"MicroPhoneStatus":"1","CamStatus":"1","InversionType":"1","MirrorType":"0","IRRedMode":"0","ScanFrequery":"0","StorageStatus":"1","Volumn":"50","WDRMode":"0","HDRMode":"0","PlayMode":"3","RingToneSetAbility":"1","RingToneDecAbility":"5","AudioParam":{"EncType":"4","SampleRate":"8000","Channel":"1","Depth":"16"},"PrivacyList":[],"Streamers":[{"ResolutionAbility":"28","EncAbility":"2","HideFlag":"0","StreamID":"0","Resolution":"16","Width":"1920","Height":"1080","EncType":"2","SmartEncFlag":"0","Quality":"2","FrameRate":"17","BiteRate":"8","RateType":"1","FrameInterval":"100"},{"ResolutionAbility":"1","EncAbility":"2","HideFlag":"0","StreamID":"1","Resolution":"1","Width":"640","Height":"360","EncType":"2","SmartEncFlag":"0","Quality":"2","FrameRate":"17","BiteRate":"5","RateType":"1","FrameInterval":"100"}]}]}
05-11 11:02:21(493921259128) CFG_TASK INFO: [Cfg_SavePeerDeviceItemFile:3104]peerid 12000103c0537c93 iots cfg {"PTZAbility":"3","AttachPTZAbility":"0","PTZSpeedAbility":"1","MotionAbility":"1","DoorbellAbility":"0","RecordAbility":"1","PIRAbility":"0","VoiceAlarmAbility":"0","SnapshotAbility":"1","BuzzerAbility":"1","StatusLampAbility":"0","LampAbility":"1","CloudRecordAbility":"0","CloudSnapshotAbility":"1","CameraAbility":"1","EventAbility":"1","SupportCloudFlag":"1","Sign":"45050","IoTS":[{"AIIoTType":"1006","AIIoTID":"0","OpenFlag":"1","Sign":"0"},{"AIIoTType":"1005","AIIoTID":"0","OpenFlag":"1","Sign":"0","Prop":{"SnapLoopFlag":"1","SnapInterval":"180","SnapFullFlag":"0","SnapPicType":"2"}},{"AIIoTType":"1000","AIIoTID":"0","OpenFlag":"1","Sign":"0","Prop":{"Motion":{"Status":"0","Interval":"60","Trace":"0","Sensitive":"50"},"Human":{"Sensitive":"50","Status":"0","Interval":"60","Trace":"0"},"Face":{"Sensitive":"50","Status":"0","Interval":"60","Trace":"0"}}},{"AIIoTType":"1009","AIIoTID":"0","OpenFlag":"1","Sign":"0","Prop":{"Status":"1"}},{"AIIoTType":"1014","AIIoTID":"0","OpenFlag":"1","Sign":"0","Prop":{"IrcutType":"2"}},{"AIIoTType":"1007","AIIoTID":"0","OpenFlag":"1","Sign":"0","Prop":{}},{"AIIoTType":"1002","AIIoTID":"0","OpenFlag":"1","Sign":"0","Prop":{"RecordLoop":"1","RecordFull":"0","StreamID":"0","Duration":"0"}},{"AIIoTType":"1011","AIIoTID":"0","OpenFlag":"1","Sign":"0","Prop":{"GifFlag":"1","GifOpenFlag":"0","Interval":"30","LoopDays":"3","PicType":"2","RecordType":"1","SnapJpgCnt":"1","StorageType":"0","Support":"1","hm_editable":"0"}},{"AIIoTType":"1013","AIIoTID":"0","OpenFlag":"1","Sign":"0","Prop":{"PushFlag":"7","SMSFlag":"1","EmailFlag":"1","Interval":"300","EmailAddr":"","StartTime":"0","EndTime":"86400","SpanFlag":"0","Week":"127"}},{"AIIoTType":"1012","AIIoTID":"0","OpenFlag":"1","Sign":"0"},{"AIIoTType":"1093","AIIoTID":"0","OpenFlag":"1","Sign":"0","Prop":null,"Buss":{"TimeArea":"","TimeZone":""}},{"AIIoTType":"1098","AIIoTID":"0","OpenFlag":"1","Sign":"0","Prop":{"EventLis***
05-11 11:02:22(493921259128) PID_SA INFO: [FUN_DEVICE_CFG_STATUS:1222]FUN_DEVICE_CFG_STATUS pucDeviceId:12000103c0537c93, enDeviceCfgItem:64
05-11 11:02:22(12970367425043249114) PID_SA INFO: [Java_com_chinatelecom_smarthome_viewer_business_impl_NativeClient_writeLogToFile:118]I/m0: onDeviceConfigUpdate  deviceId is =12000103c0537c93,,,,ALARM_POLICY
05-11 11:02:22(20088) PID_SA INFO: [FUN_DEVICE_CFG_STATUS:1222]FUN_DEVICE_CFG_STATUS pucDeviceId:12000103c0537c93, enDeviceCfgItem:128
05-11 11:02:22(14298) PID_SA INFO: [Java_com_chinatelecom_smarthome_viewer_business_impl_NativeClient_writeLogToFile:118]I/m0: onDeviceConfigUpdate  deviceId is =12000103c0537c93,,,,SYSTEM
05-11 11:02:22(493921259128) CFG_TASK INFO: [Cfg_SavePeerDeviceItemFile:3144]peerid 12000103c0537c93 alarm policy cfg {"Sign":"42101","Policys":[{"AIIoTType":"1000","AIIoTID":"0","OpenFlag":"1","PolicyName":"Alarm_100","PolicyID":"100","Prop":{"Motion":{"Trace":"0","Sensitive":"50","Status":"0","Interval":"35"},"Human":{"Trace":"0","Sensitive":"50","Status":"0","Interval":"50"},"Face":{"Trace":"0","DiscernFlag":"0","Sensitive":"25","Status":"0","Interval":"30"}},"Events":[{"EventID":"100001","OpenFlag":"0","Week":"127","StartTime":"0","EndTime":"86399","SpanFlag":"0","Action":[{"AIIoTType":"1009","AIIoTID":"0","OutPut":{"AlarmType":"1000","CtrlType":"0","LoopCnt":"1","SoundName":"","SoundType":"2"}},{"AIIoTType":"1002","AIIoTID":"0","OutPut":{"CtrlType":"1","Duration":"30","StreamID":"0"}},{"AIIoTType":"1005","AIIoTID":"0","OutPut":{"PicType":"2","Interval":"","GifFlag":"0"}},{"AIIoTType":"1013","AIIoTID":"0","OutPut":{"EmailFlag":"1","EndTime":"86400","Interval":"0","PushFlag":"7","SMSFlag":"1","SpanFlag":"1","StartTime":"0","Week":"127"}},{"AIIoTType":"1011","AIIoTID":"0","OutPut":{"PicType":"2","Interval":"","GifFlag":"1"}},{"AIIoTType":"1010","AIIoTID":"0","OutPut":{"CtrlType":"1","Duration":"30","StreamID":"0"}},{"AIIoTType":"0","AIIoTID":"0"},{"AIIoTType":"1007","AIIoTID":"0","OutPut":{"CtrlType":"1","Duration":"31"}}],"FenceID":[],"SceneID":[],"TriggerInfo":[]},{"EventID":"100002","OpenFlag":"0","Week":"127","StartTime":"0","EndTime":"86399","SpanFlag":"0","Action":[{"AIIoTType":"1009","AIIoTID":"0","OutPut":{"AlarmType":"1000","CtrlType":"0","LoopCnt":"1","SoundName":"","SoundType":"2"}},{"AIIoTType":"1002","AIIoTID":"0","OutPut":{"CtrlType":"1","Duration":"30","StreamID":"0"}},{"AIIoTType":"1005","AIIoTID":"0","OutPut":{"PicType":"2","Interval":"","GifFlag":"0"}},{"AIIoTType":"1013","AIIoTID":"0","OutPut":{"EmailFlag":"1","EndTime":"86400","Interval":"0","PushFlag":"7","SMSFlag":"1","SpanFlag":"1","StartTime":"0","Week":"127"}},{"AIIoTType":"1011","AIIoTID":"0","OutPut":{"PicType":"2","Interval":"***
05-11 11:02:22(7310589354940845688) PID_SA INFO: [FUN_DEVICE_CFG_STATUS:1222]FUN_DEVICE_CFG_STATUS pucDeviceId:12000103c0537c93, enDeviceCfgItem:0
05-11 11:02:22(12970367425043249114) PID_SA INFO: [Java_com_chinatelecom_smarthome_viewer_business_impl_NativeClient_writeLogToFile:118]I/m0: onDeviceConfigUpdate  deviceId is =12000103c0537c93,,,,ALL
05-11 11:02:22(12970367425043249114) PID_SA INFO: [Java_com_chinatelecom_smarthome_viewer_business_impl_NativeClient_writeLogToFile:118]DeviceManager: cache TF Card Info
05-11 11:02:22(12970367420748281818) CMD_TASK INFO: [Cmd_GetPeerTfCardInf:827]reqid 53 send GetPeerTfCardInf msg {"METHOD":"344E","SEQID":"53","FROM":{"UserToken":"1600010140c3ad111p3g5jmo63upuvo5"},"TO":{"DID":"12000103c0537c93"}} to peer 12000103c0537c93, iret 0
05-11 11:02:22(545460860890) PID_SA INFO: [Java_com_chinatelecom_smarthome_viewer_business_impl_NativeCommand_getTFCardInfo:394]HM_GetSdCardInf ret = 0 puiReqId = 53
05-11 11:02:23(498216226429) TRAS_TASK INFO: [TrasNat_CheckNat:226]send udp msg to server 156.59.51.97:30194 iret 72
05-11 11:02:23(12970367425043254909) TRAS_TASK INFO: [TrasNat_CheckNatType:397]natInf send msg to port1 30194 
05-11 11:02:23(498216226425) CMD_TASK INFO: [Cmd_ProcRecvNetMsg:5735]reqid 53 recv rsp content {"CODE":"0","METHOD":"344F","SEQID":"53","FROM":{"DID":"12000103c0537c93"},"TO":{"UserToken":"1600010140c3ad111p3g5jmo63upuvo5"},"BODY":{"StorageAbility":"1","TotalSize":"0","FreeSize":"0","CardStatus":"1"}}
05-11 11:02:23(20089) PID_SA INFO: [FUN_DEVICE_RSP_GET_TFCARD_INFO:2315]FUN_DEVICE_RSP_GET_TFCARD_INFO uiReqId:53, uiTotalSize:0, uiRemainSize:0, iErr:1
05-11 11:02:23(4294981594) PID_SA INFO: [Java_com_chinatelecom_smarthome_viewer_business_impl_NativeClient_writeLogToFile:118]DeviceManager: deviceId = 12000103c0537c93   get sdcard info errorCode = 1
05-11 11:02:24(14298) PID_SA INFO: [Java_com_chinatelecom_smarthome_viewer_business_impl_NativeClient_writeLogToFile:118]I/AppLovinAdManager: initializeSdk isTestModeEnabled: false,countryCode: IN,enabledAmazonAdUnitIds?.size: null,sdkConfig string: AppLovinSdkConfiguration{, countryCode=IN, enabledAmazonAdUnitIds=null, testModeEnabled=false}
05-11 11:02:24(20062) PID_SA INFO: [Java_com_chinatelecom_smarthome_viewer_business_impl_NativeClient_writeLogToFile:118]I/ZJUtil: getCountryID: IN
05-11 11:02:24(493921259053) PID_SA INFO: [Java_com_chinatelecom_smarthome_viewer_business_impl_NativeClient_writeLogToFile:118]I/ZJUtil: getCountryID: IN
05-11 11:02:24(493921259142) BHAVR_TASK INFO: [BHavr_ProcRecvMsg:30]BHavior Add new opt BussID 800 bussinf {"EventTime":"1778477537885","OptID":"Pstart","PageName":"P1","SessionID":"e8bb26e3-b230-43cc-9d8f-410b6977eeed28782740","Country":"IN","CompanyID":"0000213ed0cdb8bc","AppID":"1593592778513070","DeviceLanguage":"2","DeviceBrand":"realme","AppVersion":"2.9.28"}
05-11 11:02:24(493921259142) BHAVR_TASK INFO: [BHavr_ProcRecvMsg:30]BHavior Add new opt BussID 800 bussinf {"OptID":"Pend","PageName":"P1","SessionID":"e8bb26e3-b230-43cc-9d8f-410b6977eeed28782740","EventTime":"1778477544941","Country":"IN","CompanyID":"0000213ed0cdb8bc","AppID":"1593592778513070","DeviceLanguage":"2","DeviceBrand":"realme","AppVersion":"2.9.28"}
05-11 11:02:24(14298) ZJ_TASK INFO: [ZJ_GetSupportAccoutTypList:306]ogct 55 get support regist accout types iRet 0
05-11 11:02:24(14298) PID_SA INFO: [Java_com_chinatelecom_smarthome_viewer_business_impl_NativeUser_getOwnerVCardInfo:354]uiMarried:0,  uiSex:0, aucMobile:, aucEmail:, aucAddress:,aucBirthday:, aucCity:, aucCountry:GB,aucVMid:, aucNickName:, aucProvice:,aucPhotoProfile:,aucRegPeriod:,
05-11 11:02:24(20652) PID_SA INFO: [Java_com_chinatelecom_smarthome_viewer_business_impl_NativeClient_writeLogToFile:118]I/AdViewModel: CareMainActivity AdViewModel.fetchAdList()
05-11 11:02:24(20652) PID_SA INFO: [Java_com_chinatelecom_smarthome_viewer_business_impl_NativeClient_writeLogToFile:118]I/AdViewModel: fetchAdList 1
05-11 11:02:24(20652) PID_SA INFO: [Java_com_chinatelecom_smarthome_viewer_business_impl_NativeClient_writeLogToFile:118]I/HmAdManager: getAdQuestStatus mIsLoginRequest=false
05-11 11:02:24(20652) PID_SA INFO: [Java_com_chinatelecom_smarthome_viewer_business_impl_NativeClient_writeLogToFile:118]I/AdViewModel: fetchAdList skip, already requested
05-11 11:02:24(498216226988) PID_SA INFO: [Java_com_chinatelecom_smarthome_viewer_business_impl_NativeClient_writeLogToFile:118]HmAdManager: updateAd==isClean:false，isShowAd：true
05-11 11:02:24(493921259692) PID_SA INFO: [Java_com_chinatelecom_smarthome_viewer_business_impl_NativeUser_GetDomainAddr:1672]HM_GetDomainAddr ret = 0,  aucSvrDomain:, aucWebDomain:, aucLogDomain:, aucAlexaDomain:
05-11 11:02:24(20652) PID_SA INFO: [Java_com_chinatelecom_smarthome_viewer_business_impl_NativeClient_writeLogToFile:118]I/HmHostConfig: hostInfo:{svrHost:,webHost:,logHost:,alexaHost:}
05-11 11:02:25(493921259692) PID_SA INFO: [Java_com_chinatelecom_smarthome_viewer_business_impl_NativeUser_GetDomainAddr:1672]HM_GetDomainAddr ret = 0,  aucSvrDomain:, aucWebDomain:, aucLogDomain:, aucAlexaDomain:
05-11 11:02:25(20652) PID_SA INFO: [Java_com_chinatelecom_smarthome_viewer_business_impl_NativeClient_writeLogToFile:118]I/HmHostConfig: hostInfo:{svrHost:,webHost:,logHost:,alexaHost:}
05-11 11:02:25(493921259692) PID_SA INFO: [Java_com_chinatelecom_smarthome_viewer_business_impl_NativeUser_GetDomainAddr:1672]HM_GetDomainAddr ret = 0,  aucSvrDomain:, aucWebDomain:, aucLogDomain:, aucAlexaDomain:
05-11 11:02:25(20652) PID_SA INFO: [Java_com_chinatelecom_smarthome_viewer_business_impl_NativeClient_writeLogToFile:118]I/HmHostConfig: hostInfo:{svrHost:,webHost:,logHost:,alexaHost:}
05-11 11:02:25(493921259692) PID_SA INFO: [Java_com_chinatelecom_smarthome_viewer_business_impl_NativeUser_GetDomainAddr:1672]HM_GetDomainAddr ret = 0,  aucSvrDomain:, aucWebDomain:, aucLogDomain:, aucAlexaDomain:
05-11 11:02:25(20652) PID_SA INFO: [Java_com_chinatelecom_smarthome_viewer_business_impl_NativeClient_writeLogToFile:118]I/HmHostConfig: hostInfo:{svrHost:,webHost:,logHost:,alexaHost:}
05-11 11:02:25(493921259692) PID_SA INFO: [Java_com_chinatelecom_smarthome_viewer_business_impl_NativeUser_GetDomainAddr:1672]HM_GetDomainAddr ret = 0,  aucSvrDomain:, aucWebDomain:, aucLogDomain:, aucAlexaDomain:
05-11 11:02:25(20652) PID_SA INFO: [Java_com_chinatelecom_smarthome_viewer_business_impl_NativeClient_writeLogToFile:118]I/HmHostConfig: hostInfo:{svrHost:,webHost:,logHost:,alexaHost:}
05-11 11:02:25(493921259692) PID_SA INFO: [Java_com_chinatelecom_smarthome_viewer_business_impl_NativeUser_GetDomainAddr:1672]HM_GetDomainAddr ret = 0,  aucSvrDomain:, aucWebDomain:, aucLogDomain:, aucAlexaDomain:
05-11 11:02:25(20652) PID_SA INFO: [Java_com_chinatelecom_smarthome_viewer_business_impl_NativeClient_writeLogToFile:118]I/HmHostConfig: hostInfo:{svrHost:,webHost:,logHost:,alexaHost:}
05-11 11:02:25(493921259692) PID_SA INFO: [Java_com_chinatelecom_smarthome_viewer_business_impl_NativeUser_GetDomainAddr:1672]HM_GetDomainAddr ret = 0,  aucSvrDomain:, aucWebDomain:, aucLogDomain:, aucAlexaDomain:
05-11 11:02:25(20652) PID_SA INFO: [Java_com_chinatelecom_smarthome_viewer_business_impl_NativeClient_writeLogToFile:118]I/HmHostConfig: hostInfo:{svrHost:,webHost:,logHost:,alexaHost:}
05-11 11:02:25(14298) PID_SA INFO: [Java_com_chinatelecom_smarthome_viewer_business_impl_NativeClient_writeLogToFile:118]I/DeviceList: dispatchAction:RequestUserMenus
05-11 11:02:25(493921259692) PID_SA INFO: [Java_com_chinatelecom_smarthome_viewer_business_impl_NativeUser_GetDomainAddr:1672]HM_GetDomainAddr ret = 0,  aucSvrDomain:, aucWebDomain:, aucLogDomain:, aucAlexaDomain:
05-11 11:02:25(502511187930) PID_SA INFO: [Java_com_chinatelecom_smarthome_viewer_business_impl_NativeUser_GetDomainAddr:1672]HM_GetDomainAddr ret = 0,  aucSvrDomain:, aucWebDomain:, aucLogDomain:, aucAlexaDomain:
05-11 11:02:25(14298) PID_SA INFO: [Java_com_chinatelecom_smarthome_viewer_business_impl_NativeClient_writeLogToFile:118]I/HmHostConfig: hostInfo:{svrHost:,webHost:,logHost:,alexaHost:}
05-11 11:02:25(493921259692) PID_SA INFO: [Java_com_chinatelecom_smarthome_viewer_business_impl_NativeClient_writeLogToFile:118]I/HmHostConfig: hostInfo:{svrHost:,webHost:,logHost:,alexaHost:}
05-11 11:02:25(14298) PID_SA INFO: [Java_com_chinatelecom_smarthome_viewer_business_impl_NativeClient_writeLogToFile:118]I/DeviceList: dispatchAction:com.huiyun.care.viewer.main.deviceList.a$a@de3d44
05-11 11:02:25(14298) PID_SA INFO: [Java_com_chinatelecom_smarthome_viewer_business_impl_NativeClient_writeLogToFile:118]I/DeviceList: dispatchAction:RequestUserCouponStatus
05-11 11:02:25(20144) PID_SA INFO: [Java_com_chinatelecom_smarthome_viewer_business_impl_NativeClient_writeLogToFile:118]I/RetrofitLog: retrofitBack = --> POST https://exsvr.smartcloudcon.com/carewebin/GetAppMenus
05-11 11:02:25(20144) PID_SA INFO: [Java_com_chinatelecom_smarthome_viewer_business_impl_NativeClient_writeLogToFile:118]I/RetrofitLog: retrofitBack = Content-Type: application/json; charset=UTF-8
05-11 11:02:25(20144) PID_SA INFO: [Java_com_chinatelecom_smarthome_viewer_business_impl_NativeClient_writeLogToFile:118]I/RetrofitLog: retrofitBack = Content-Length: 68
05-11 11:02:25(20144) PID_SA INFO: [Java_com_chinatelecom_smarthome_viewer_business_impl_NativeClient_writeLogToFile:118]I/RetrofitLog: retrofitBack = 
05-11 11:02:25(20144) PID_SA INFO: [Java_com_chinatelecom_smarthome_viewer_business_impl_NativeClient_writeLogToFile:118]I/RetrofitLog: retrofitBack = {"appid":"1593592778513070","language":"2","uid":"1600010140c3ad11"}
05-11 11:02:25(20144) PID_SA INFO: [Java_com_chinatelecom_smarthome_viewer_business_impl_NativeClient_writeLogToFile:118]I/RetrofitLog: retrofitBack = --> END POST (68-byte body)
05-11 11:02:25(20653) PID_SA INFO: [Java_com_chinatelecom_smarthome_viewer_business_impl_NativeClient_writeLogToFile:118]I/RetrofitLog: retrofitBack = --> POST https://exsvr.smartcloudcon.com/carewebin/coupon/unusedCouponStatus
05-11 11:02:25(20653) PID_SA INFO: [Java_com_chinatelecom_smarthome_viewer_business_impl_NativeClient_writeLogToFile:118]I/RetrofitLog: retrofitBack = Content-Type: application/json; charset=UTF-8
05-11 11:02:25(20653) PID_SA INFO: [Java_com_chinatelecom_smarthome_viewer_business_impl_NativeClient_writeLogToFile:118]I/RetrofitLog: retrofitBack = Content-Length: 85
05-11 11:02:25(20653) PID_SA INFO: [Java_com_chinatelecom_smarthome_viewer_business_impl_NativeClient_writeLogToFile:118]I/RetrofitLog: retrofitBack = 
05-11 11:02:25(20653) PID_SA INFO: [Java_com_chinatelecom_smarthome_viewer_business_impl_NativeClient_writeLogToFile:118]I/RetrofitLog: retrofitBack = {"appid":"1593592778513070","language":2,"utoken":"1600010140c3ad111p3g5jmo63upuvo5"}
05-11 11:02:25(20653) PID_SA INFO: [Java_com_chinatelecom_smarthome_viewer_business_impl_NativeClient_writeLogToFile:118]I/RetrofitLog: retrofitBack = --> END POST (85-byte body)
05-11 11:02:25(77309431980) PID_SA INFO: [Java_com_chinatelecom_smarthome_viewer_business_impl_NativeClient_writeLogToFile:118]AdList: AdvertisingRequst(id=, adcode=pro_Android_en_list_banner,pro_Android_en_qiandao,pro_Android_en_Me,pro_Android_en_alert_banner,pro_Android_en_Me_banner4,pro_Android_en_Me_Full_banner,pro_Android_en_Me_left_half_banner,pro_Android_en_Me_right_half_banner,pro_Android_en_cloud_Native2,Android_en_sale_window, width=1080, height=2400, appver=2.9.28, appid=1593592778513070, companyid=0000213ed0cdb8bc, countryCode=GB, platform=2, lang=2, uid=1600010140c3ad11)
05-11 11:02:25(8764904125050670717) ZJ_TASK INFO: [ZJ_RecvRegistAccoutTypesRsp:291]ogct 55 recv rsp code 0 
05-11 11:02:25(493921259692) PID_SA INFO: [Java_com_chinatelecom_smarthome_viewer_business_impl_NativeClient_writeLogToFile:118]I/HmAdManager: posCode:home_interstitial,activity:CareMainActivity
05-11 11:02:25(20652) PID_SA INFO: [Java_com_chinatelecom_smarthome_viewer_business_impl_NativeClient_writeLogToFile:118]I/HmAdManager: getCachedAdListData from memory, size=4
05-11 11:02:25(493921259692) PID_SA INFO: [Java_com_chinatelecom_smarthome_viewer_business_impl_NativeClient_writeLogToFile:118]I/HmAdManager: getAdDataByStrategy: adPositionKey=pro_Android_en_List_Interstitial not found
05-11 11:02:25(12970367425043255468) PID_SA INFO: [Java_com_chinatelecom_smarthome_viewer_business_impl_NativeClient_writeLogToFile:118]I/HmAdManager: loadInterstitialAd posCode:home_interstitial,adModel:ImageTitleBean{imageUrl='null', title='null', imageId=0, clickUrl='null', adsource='null', adsourcecode='null', skip=0, skip_type=0, click=0, show_time_length=5, adcode='', isDowload=false, jumpType='null', adtype=0, req_ad_timeout=0, strategy_type=-1, rule_conf=null, after_click_action=null, rule_update_times=0, showPrice='null', price='null', unit='null', currency_symbol='null', adId='null', page_name='null'}
05-11 11:02:25(14298) PID_SA INFO: [Java_com_chinatelecom_smarthome_viewer_business_impl_NativeClient_writeLogToFile:118]I/MsgFragmentV2: initDeviceControlObserve device id:null,name:null
05-11 11:02:25(20012) PID_SA INFO: [Java_com_chinatelecom_smarthome_viewer_business_impl_NativeClient_writeLogToFile:118]I/initCalendarDate: oldDay:2026-04-11,index:30,split:[2026, 04, 11]
05-11 11:02:25(20012) PID_SA INFO: [Java_com_chinatelecom_smarthome_viewer_business_impl_NativeClient_writeLogToFile:118]I/initCalendarDate: oldDay:2026-04-12,index:29,split:[2026, 04, 12]
05-11 11:02:25(20012) PID_SA INFO: [Java_com_chinatelecom_smarthome_viewer_business_impl_NativeClient_writeLogToFile:118]I/initCalendarDate: oldDay:2026-04-13,index:28,split:[2026, 04, 13]
05-11 11:02:25(20012) PID_SA INFO: [Java_com_chinatelecom_smarthome_viewer_business_impl_NativeClient_writeLogToFile:118]I/initCalendarDate: oldDay:2026-04-14,index:27,split:[2026, 04, 14]
05-11 11:02:25(20012) PID_SA INFO: [Java_com_chinatelecom_smarthome_viewer_business_impl_NativeClient_writeLogToFile:118]I/initCalendarDate: oldDay:2026-04-15,index:26,split:[2026, 04, 15]
05-11 11:02:25(20012) PID_SA INFO: [Java_com_chinatelecom_smarthome_viewer_business_impl_NativeClient_writeLogToFile:118]I/initCalendarDate: oldDay:2026-04-16,index:25,split:[2026, 04, 16]
05-11 11:02:25(20012) PID_SA INFO: [Java_com_chinatelecom_smarthome_viewer_business_impl_NativeClient_writeLogToFile:118]I/initCalendarDate: oldDay:2026-04-17,index:24,split:[2026, 04, 17]
05-11 11:02:25(20012) PID_SA INFO: [Java_com_chinatelecom_smarthome_viewer_business_impl_NativeClient_writeLogToFile:118]I/initCalendarDate: oldDay:2026-04-18,index:23,split:[2026, 04, 18]
05-11 11:02:25(20012) PID_SA INFO: [Java_com_chinatelecom_smarthome_viewer_business_impl_NativeClient_writeLogToFile:118]I/initCalendarDate: oldDay:2026-04-19,index:22,split:[2026, 04, 19]
05-11 11:02:25(20012) PID_SA INFO: [Java_com_chinatelecom_smarthome_viewer_business_impl_NativeClient_writeLogToFile:118]I/initCalendarDate: oldDay:2026-04-20,index:21,split:[2026, 04, 20]
05-11 11:02:25(20012) PID_SA INFO: [Java_com_chinatelecom_smarthome_viewer_business_impl_NativeClient_writeLogToFile:118]I/initCalendarDate: oldDay:2026-04-21,index:20,split:[2026, 04, 21]
05-11 11:02:25(20012) PID_SA INFO: [Java_com_chinatelecom_smarthome_viewer_business_impl_NativeClient_writeLogToFile:118]I/initCalendarDate: oldDay:2026-04-22,index:19,split:[2026, 04, 22]
05-11 11:02:25(20012) PID_SA INFO: [Java_com_chinatelecom_smarthome_viewer_business_impl_NativeClient_writeLogToFile:118]I/initCalendarDate: oldDay:2026-04-23,index:18,split:[2026, 04, 23]
05-11 11:02:25(20012) PID_SA INFO: [Java_com_chinatelecom_smarthome_viewer_business_impl_NativeClient_writeLogToFile:118]I/initCalendarDate: oldDay:2026-04-24,index:17,split:[2026, 04, 24]
05-11 11:02:25(20012) PID_SA INFO: [Java_com_chinatelecom_smarthome_viewer_business_impl_NativeClient_writeLogToFile:118]I/initCalendarDate: oldDay:2026-04-25,index:16,split:[2026, 04, 25]
05-11 11:02:25(20012) PID_SA INFO: [Java_com_chinatelecom_smarthome_viewer_business_impl_NativeClient_writeLogToFile:118]I/initCalendarDate: oldDay:2026-04-26,index:15,split:[2026, 04, 26]
05-11 11:02:25(20012) PID_SA INFO: [Java_com_chinatelecom_smarthome_viewer_business_impl_NativeClient_writeLogToFile:118]I/initCalendarDate: oldDay:2026-04-27,index:14,split:[2026, 04, 27]
05-11 11:02:25(20012) PID_SA INFO: [Java_com_chinatelecom_smarthome_viewer_business_impl_NativeClient_writeLogToFile:118]I/initCalendarDate: oldDay:2026-04-28,index:13,split:[2026, 04, 28]
05-11 11:02:25(20012) PID_SA INFO: [Java_com_chinatelecom_smarthome_viewer_business_impl_NativeClient_writeLogToFile:118]I/initCalendarDate: oldDay:2026-04-29,index:12,split:[2026, 04, 29]
05-11 11:02:25(20012) PID_SA INFO: [Java_com_chinatelecom_smarthome_viewer_business_impl_NativeClient_writeLogToFile:118]I/initCalendarDate: oldDay:2026-04-30,index:11,split:[2026, 04, 30]
05-11 11:02:25(20012) PID_SA INFO: [Java_com_chinatelecom_smarthome_viewer_business_impl_NativeClient_writeLogToFile:118]I/initCalendarDate: oldDay:2026-05-01,index:10,split:[2026, 05, 01]
05-11 11:02:25(20012) PID_SA INFO: [Java_com_chinatelecom_smarthome_viewer_business_impl_NativeClient_writeLogToFile:118]I/initCalendarDate: oldDay:2026-05-02,index:9,split:[2026, 05, 02]
05-11 11:02:25(20012) PID_SA INFO: [Java_com_chinatelecom_smarthome_viewer_business_impl_NativeClient_writeLogToFile:118]I/initCalendarDate: oldDay:2026-05-03,index:8,split:[2026, 05, 03]
05-11 11:02:25(20012) PID_SA INFO: [Java_com_chinatelecom_smarthome_viewer_business_impl_NativeClient_writeLogToFile:118]I/initCalendarDate: oldDay:2026-05-04,index:7,split:[2026, 05, 04]
05-11 11:02:25(20012) PID_SA INFO: [Java_com_chinatelecom_smarthome_viewer_business_impl_NativeClient_writeLogToFile:118]I/initCalendarDate: oldDay:2026-05-05,index:6,split:[2026, 05, 05]
05-11 11:02:25(20012) PID_SA INFO: [Java_com_chinatelecom_smarthome_viewer_business_impl_NativeClient_writeLogToFile:118]I/initCalendarDate: oldDay:2026-05-06,index:5,split:[2026, 05, 06]
05-11 11:02:25(20012) PID_SA INFO: [Java_com_chinatelecom_smarthome_viewer_business_impl_NativeClient_writeLogToFile:118]I/initCalendarDate: oldDay:2026-05-07,index:4,split:[2026, 05, 07]
05-11 11:02:25(20012) PID_SA INFO: [Java_com_chinatelecom_smarthome_viewer_business_impl_NativeClient_writeLogToFile:118]I/initCalendarDate: oldDay:2026-05-08,index:3,split:[2026, 05, 08]
05-11 11:02:25(20012) PID_SA INFO: [Java_com_chinatelecom_smarthome_viewer_business_impl_NativeClient_writeLogToFile:118]I/initCalendarDate: oldDay:2026-05-09,index:2,split:[2026, 05, 09]
05-11 11:02:25(20012) PID_SA INFO: [Java_com_chinatelecom_smarthome_viewer_business_impl_NativeClient_writeLogToFile:118]I/initCalendarDate: oldDay:2026-05-10,index:1,split:[2026, 05, 10]
05-11 11:02:25(20012) PID_SA INFO: [Java_com_chinatelecom_smarthome_viewer_business_impl_NativeClient_writeLogToFile:118]I/initCalendarDate: oldDay:2026-05-11,index:0,split:[2026, 05, 11]
05-11 11:02:25(545460860890) PID_SA INFO: [Java_com_chinatelecom_smarthome_viewer_business_impl_NativeUser_GetDomainAddr:1672]HM_GetDomainAddr ret = 0,  aucSvrDomain:, aucWebDomain:, aucLogDomain:, aucAlexaDomain:
05-11 11:02:25(14298) PID_SA INFO: [Java_com_chinatelecom_smarthome_viewer_business_impl_NativeClient_writeLogToFile:118]I/HmHostConfig: hostInfo:{svrHost:,webHost:,logHost:,alexaHost:}
05-11 11:02:25(20660) PID_SA INFO: [Java_com_chinatelecom_smarthome_viewer_business_impl_NativeClient_writeLogToFile:118]I/RetrofitLog: retrofitBack = --> POST https://exsvr.smartcloudcon.com/carewebin/GetAppMenus
05-11 11:02:25(20660) PID_SA INFO: [Java_com_chinatelecom_smarthome_viewer_business_impl_NativeClient_writeLogToFile:118]I/RetrofitLog: retrofitBack = Content-Type: application/json; charset=UTF-8
05-11 11:02:25(20660) PID_SA INFO: [Java_com_chinatelecom_smarthome_viewer_business_impl_NativeClient_writeLogToFile:118]I/RetrofitLog: retrofitBack = Content-Length: 68
05-11 11:02:25(20660) PID_SA INFO: [Java_com_chinatelecom_smarthome_viewer_business_impl_NativeClient_writeLogToFile:118]I/RetrofitLog: retrofitBack = 
05-11 11:02:25(20660) PID_SA INFO: [Java_com_chinatelecom_smarthome_viewer_business_impl_NativeClient_writeLogToFile:118]I/RetrofitLog: retrofitBack = {"appid":"1593592778513070","language":"2","uid":"1600010140c3ad11"}
05-11 11:02:25(20660) PID_SA INFO: [Java_com_chinatelecom_smarthome_viewer_business_impl_NativeClient_writeLogToFile:118]I/RetrofitLog: retrofitBack = --> END POST (68-byte body)
05-11 11:02:25(493921259137) cos ERR: [Cand_DirOpen:233]opendir pucDirName:/storage/emulated/0/Android/data/com.huiyun.care.viewerpro.googleplay/files/Care/timesicon
05-11 11:02:25(12970367425043254913) DP_MNG ERR: [DiskSpace_GetSubDirCacheSize:68]dir /storage/emulated/0/Android/data/com.huiyun.care.viewerpro.googleplay/files/Care/timesicon open fail errno 2 
05-11 11:02:25(493921259137) cos ERR: [Cand_DirOpen:233]opendir pucDirName:/storage/emulated/0/Android/data/com.huiyun.care.viewerpro.googleplay/files/Care/cloud
05-11 11:02:25(12970367425043254913) DP_MNG ERR: [DiskSpace_GetSubDirCacheSize:68]dir /storage/emulated/0/Android/data/com.huiyun.care.viewerpro.googleplay/files/Care/cloud open fail errno 2 
05-11 11:02:25(8764904125050670721) PID_SA INFO: [FUN_GET_DISKCACHESIZE:2193]FUN_GET_DISKCACHESIZE uiReqId:56, uiCacheSize:25
05-11 11:02:25(493921259137) DP_MNG INFO: [DiskSpace_ProcGetSizeMsg:118]reqid 56 get disk cache size 25
05-11 11:02:25(545460860890) PID_SA INFO: [Java_com_chinatelecom_smarthome_viewer_business_impl_NativeUser_GetDomainAddr:1672]HM_GetDomainAddr ret = 0,  aucSvrDomain:, aucWebDomain:, aucLogDomain:, aucAlexaDomain:
05-11 11:02:25(14298) PID_SA INFO: [Java_com_chinatelecom_smarthome_viewer_business_impl_NativeClient_writeLogToFile:118]I/HmHostConfig: hostInfo:{svrHost:,webHost:,logHost:,alexaHost:}
05-11 11:02:25(14298) PID_SA INFO: [Java_com_chinatelecom_smarthome_viewer_business_impl_NativeClient_writeLogToFile:118]I/BaseActivity: onResume==mIsShowAd:false//activity is CareMainActivity
05-11 11:02:25(14298) PID_SA INFO: [Java_com_chinatelecom_smarthome_viewer_business_impl_NativeUser_getOwnerVCardInfo:354]uiMarried:0,  uiSex:0, aucMobile:, aucEmail:, aucAddress:,aucBirthday:, aucCity:, aucCountry:GB,aucVMid:, aucNickName:, aucProvice:,aucPhotoProfile:,aucRegPeriod:,
05-11 11:02:25(20013) PID_SA INFO: [Java_com_chinatelecom_smarthome_viewer_business_impl_NativeClient_writeLogToFile:118]I/ZJUtil: getCountryID: IN
05-11 11:02:25(12970367425043254829) PID_SA INFO: [Java_com_chinatelecom_smarthome_viewer_business_impl_NativeClient_writeLogToFile:118]I/ZJUtil: getCountryID: IN
05-11 11:02:25(502511187930) PID_SA INFO: [Java_com_chinatelecom_smarthome_viewer_business_impl_NativeClient_writeLogToFile:118]I/DeviceList: dispatchAction:RequestMarketAd
05-11 11:02:25(14298) PID_SA INFO: [Java_com_chinatelecom_smarthome_viewer_business_impl_NativeClient_writeLogToFile:118]AdList: AdvertisingRequst(id=, adcode=Android_en_sale_window, width=1080, height=2400, appver=2.9.28, appid=1593592778513070, companyid=0000213ed0cdb8bc, countryCode=GB, platform=2, lang=2, uid=1600010140c3ad11)
05-11 11:02:25(545460860890) PID_SA INFO: [Java_com_chinatelecom_smarthome_viewer_business_impl_NativeClient_writeLogToFile:118]onInitPushSuccess: regid = eTaw3UHwT7yXDsUUjIDjw_:APA91bGOPrHHfPX6BI8lyu8Xuh2S_tcCJ1X6J2fTnbEulnllK4sV-ag66RoIN9ctFMucYPCZ7nWJDLxUD71DTrCmEUFuwrP9Ejga3KAQWdqdxzB2QJfr-f8
05-11 11:02:25(14298) ZJ_TASK INFO: [ZJ_SetPushToken:1024]ogct 57 set pushtoken eTaw3UHwT7yXDsUUjIDjw_:APA91bGOPrHHfPX6BI8lyu8Xuh2S_tcCJ1X6J2fTnbEulnllK4sV-ag66RoIN9ctFMucYPCZ7nWJDLxUD71DTrCmEUFuwrP9Ejga3KAQWdqdxzB2QJfr-f8 iRet 0
05-11 11:02:25(493921253338) PID_SA INFO: [Java_com_chinatelecom_smarthome_viewer_business_impl_NativeClient_writeLogToFile:118]Internal: onGetAccoutTypeList=requestId:55,errorCode:0//regAccoutTypeList:[RegisterAccountTypeId(type=1), RegisterAccountTypeId(type=2)]
05-11 11:02:25(12970367425043249114) PID_SA INFO: [Java_com_chinatelecom_smarthome_viewer_business_impl_NativeClient_writeLogToFile:118]I/ZJUtil: getCountryID: IN
05-11 11:02:25(12970367425043249114) PID_SA INFO: [Java_com_chinatelecom_smarthome_viewer_business_impl_NativeClient_writeLogToFile:118]I/ZJUtil: getCountryID: IN
05-11 11:02:25(12970367425043249114) PID_SA INFO: [Java_com_chinatelecom_smarthome_viewer_business_impl_NativeClient_writeLogToFile:118]I/ZJUtil: getCountryID: IN
05-11 11:02:25(12970367425043249114) PID_SA INFO: [Java_com_chinatelecom_smarthome_viewer_business_impl_NativeClient_writeLogToFile:118]I/ZJUtil: getCountryID: IN
05-11 11:02:25(20672) PID_SA INFO: [Java_com_chinatelecom_smarthome_viewer_business_impl_NativeClient_writeLogToFile:118]I/RetrofitLog: retrofitBack = --> POST https://yatai-loggw.smartcloudcon.com/loggw/app/eventTrack/
05-11 11:02:25(20672) PID_SA INFO: [Java_com_chinatelecom_smarthome_viewer_business_impl_NativeClient_writeLogToFile:118]I/RetrofitLog: retrofitBack = Content-Type: application/json; charset=UTF-8
05-11 11:02:25(20672) PID_SA INFO: [Java_com_chinatelecom_smarthome_viewer_business_impl_NativeClient_writeLogToFile:118]I/RetrofitLog: retrofitBack = Content-Length: 1532
05-11 11:02:25(20672) PID_SA INFO: [Java_com_chinatelecom_smarthome_viewer_business_impl_NativeClient_writeLogToFile:118]I/RetrofitLog: retrofitBack = 
05-11 11:02:25(493921259712) PID_SA INFO: [Java_com_chinatelecom_smarthome_viewer_business_impl_NativeClient_writeLogToFile:118]I/RetrofitLog: retrofitBack = {"METHOD":"3822","BODY":{"Data":[{"event_type":"0","event_id":"homepage_view","refress_event_id":"app_launch","user_id":"1600010140c3ad11","event_params":"","event_time":"1778477545","session_id":"e8bb26e3-b230-43cc-9d8f-410b6977eeed28782740","os_type":"Android","os_version":"16","app_version":"2.9.28","app_id":"1593592778513070","brand":"realme","country":"IN","city":"","company_id":"0000213ed0cdb8bc"},{"event_type":"0","event_id":"app_launch","refress_event_id":"","user_id":"1600010140c3ad11","event_params":"","event_time":"1778477537","session_id":"e8bb26e3-b230-43cc-9d8f-410b6977eeed28782740","os_type":"Android","os_version":"16","app_version":"2.9.28","app_id":"1593592778513070","brand":"realme","country":"IN","city":"","company_id":"0000213ed0cdb8bc"},{"event_type":"0","event_id":"app_launch","refress_event_id":"","user_id":"1600010140c3ad11","event_params":"","event_time":"1777798742","session_id":"45dd081e-b984-45ce-b3e2-3ea207699e4c35300654","os_type":"Android","os_version":"16","app_v
05-11 11:02:25(2484628534807515328) PID_SA INFO: [Java_com_chinatelecom_smarthome_viewer_business_impl_NativeClient_writeLogToFile:118]I/RetrofitLog: ersion":"2.9.28","app_id":"1593592778513070","brand":"realme","country":"IN","city":"","company_id":"0000213ed0cdb8bc"},{"event_type":"0","event_id":"livevideo_page_exit","refress_event_id":"playback_success","user_id":"1600010140c3ad11","event_params":"","event_time":"1777797827","session_id":"5c94da6a-0fc2-44ef-8186-eb53f35b92eb73285708","os_type":"Android","os_version":"16","app_version":"2.9.28","app_id":"1593592778513070","brand":"realme","country":"IN","city":"","company_id":"0000213ed0cdb8bc"}]},"SEQID":"7922"}
05-11 11:02:25(2484628534807515328) PID_SA INFO: [Java_com_chinatelecom_smarthome_viewer_business_impl_NativeClient_writeLogToFile:118]I/RetrofitLog: retrofitBack = --> END POST (1532-byte body)
05-11 11:02:25(20670) PID_SA INFO: [Java_com_chinatelecom_smarthome_viewer_business_impl_NativeClient_writeLogToFile:118]I/GooglePayManagerV2: startConnection onBillingSetupFinished success.run orderInfo.isRetry:true
05-11 11:02:25(30064791751) PID_SA INFO: [Java_com_chinatelecom_smarthome_viewer_business_impl_NativeClient_writeLogToFile:118]I/GooglePayManagerV2: checkPendingPurchases INAPP billingResult = Response Code: OK, Debug Message:  size = 0
05-11 11:02:25(20680) PID_SA INFO: [Java_com_chinatelecom_smarthome_viewer_business_impl_NativeClient_writeLogToFile:118]I/GooglePayManagerV2: checkPendingPurchases SUBS billingResult = Response Code: OK, Debug Message:  size = 0
05-11 11:02:25(20093) PID_SA INFO: [FUN_DEVICE_COMMON_RSP:1189]FUN_DEVICE_COMMON_RSP uiReqId:57, iErr:0
05-11 11:02:25(493921259133) ZJ_TASK INFO: [ZJ_UserProcSetPushTokenRsp:1001]ogct 57 recv rsp code 0 
05-11 11:02:25(20102) BHAVR_TASK INFO: [BHavr_ProcRecvMsg:30]BHavior Add new opt BussID 800 bussinf {"OptID":"Pstart","PageName":"P2","SessionID":"e8bb26e3-b230-43cc-9d8f-410b6977eeed28782740","EventTime":"1778477545188","Country":"IN","CompanyID":"0000213ed0cdb8bc","AppID":"1593592778513070","DeviceLanguage":"2","DeviceBrand":"realme","AppVersion":"2.9.28"}
05-11 11:02:25(20653) PID_SA INFO: [Java_com_chinatelecom_smarthome_viewer_business_impl_NativeClient_writeLogToFile:118]I/RetrofitLog: retrofitBack = <-- 200 OK https://exsvr.smartcloudcon.com/carewebin/coupon/unusedCouponStatus (377ms)
05-11 11:02:25(20653) PID_SA INFO: [Java_com_chinatelecom_smarthome_viewer_business_impl_NativeClient_writeLogToFile:118]I/RetrofitLog: retrofitBack = Server: nginx/1.17.4
05-11 11:02:25(20653) PID_SA INFO: [Java_com_chinatelecom_smarthome_viewer_business_impl_NativeClient_writeLogToFile:118]I/RetrofitLog: retrofitBack = Date: Mon, 11 May 2026 05:32:25 GMT
05-11 11:02:25(20653) PID_SA INFO: [Java_com_chinatelecom_smarthome_viewer_business_impl_NativeClient_writeLogToFile:118]I/RetrofitLog: retrofitBack = Content-Type: application/json; charset=utf-8
05-11 11:02:25(20653) PID_SA INFO: [Java_com_chinatelecom_smarthome_viewer_business_impl_NativeClient_writeLogToFile:118]I/RetrofitLog: retrofitBack = Content-Length: 48
05-11 11:02:25(493921259693) PID_SA INFO: [Java_com_chinatelecom_smarthome_viewer_business_impl_NativeClient_writeLogToFile:118]I/RetrofitLog: retrofitBack = Connection: keep-alive
05-11 11:02:25(493921259693) PID_SA INFO: [Java_com_chinatelecom_smarthome_viewer_business_impl_NativeClient_writeLogToFile:118]I/RetrofitLog: retrofitBack = Access-Control-Allow-Credentials: true
05-11 11:02:25(493921259693) PID_SA INFO: [Java_com_chinatelecom_smarthome_viewer_business_impl_NativeClient_writeLogToFile:118]I/RetrofitLog: retrofitBack = Access-Control-Allow-Headers: *
05-11 11:02:25(493921259693) PID_SA INFO: [Java_com_chinatelecom_smarthome_viewer_business_impl_NativeClient_writeLogToFile:118]I/RetrofitLog: retrofitBack = Access-Control-Allow-Methods: POST, GET, OPTIONS, PUT, DELETE, UPDATE
05-11 11:02:25(493921259693) PID_SA INFO: [Java_com_chinatelecom_smarthome_viewer_business_impl_NativeClient_writeLogToFile:118]I/RetrofitLog: retrofitBack = Access-Control-Allow-Origin: *
05-11 11:02:25(493921259693) PID_SA INFO: [Java_com_chinatelecom_smarthome_viewer_business_impl_NativeClient_writeLogToFile:118]I/RetrofitLog: retrofitBack = Access-Control-Expose-Headers: Content-Length, Access-Control-Allow-Origin, Access-Control-Allow-Headers, Cache-Control, Content-Language, Content-Type
05-11 11:02:25(12970367420748288173) PID_SA INFO: [Java_com_chinatelecom_smarthome_viewer_business_impl_NativeClient_writeLogToFile:118]I/RetrofitLog: retrofitBack = 
05-11 11:02:25(20653) PID_SA INFO: [Java_com_chinatelecom_smarthome_viewer_business_impl_NativeClient_writeLogToFile:118]I/RetrofitLog: retrofitBack = {"code":"0","data":{"mediaUrl":"","status":"0"}}
05-11 11:02:25(20653) PID_SA INFO: [Java_com_chinatelecom_smarthome_viewer_business_impl_NativeClient_writeLogToFile:118]I/RetrofitLog: retrofitBack = <-- END HTTP (48-byte body)
05-11 11:02:25(14298) PID_SA INFO: [Java_com_chinatelecom_smarthome_viewer_business_impl_NativeClient_writeLogToFile:118]I/HmAdManager: getCachedAdListData from memory, size=4
05-11 11:02:25(493921253338) PID_SA INFO: [Java_com_chinatelecom_smarthome_viewer_business_impl_NativeClient_writeLogToFile:118]I/HmAdManager: getAdDataByStrategy: adPositionKey= not found
05-11 11:02:25(20093) BHAVR_TASK INFO: [BHavr_ProcUploadOptRsp:50]Ogct 58 recv rsp code 0
05-11 11:02:26(14298) ZJ_TASK INFO: [ZJ_RefreshDevicesStatus:612]ogct 59 refresh all devices status iRet 0
05-11 11:02:26(14298) PID_SA INFO: [Java_com_chinatelecom_smarthome_viewer_business_impl_NativeClient_writeLogToFile:118]I/DeviceList: dispatchAction:RequestAllAd
05-11 11:02:26(14298) PID_SA INFO: [Java_com_chinatelecom_smarthome_viewer_business_impl_NativeClient_writeLogToFile:118]AdList: AdvertisingRequst(id=, adcode=pro_Android_en_list_banner, width=1080, height=2400, appver=2.9.28, appid=1593592778513070, companyid=0000213ed0cdb8bc, countryCode=GB, platform=2, lang=2, uid=1600010140c3ad11)
05-11 11:02:26(493921259052) PID_SA INFO: [Java_com_chinatelecom_smarthome_viewer_business_impl_NativeClient_writeLogToFile:118]I/DeviceBean: getDeviceName:GateCameras
05-11 11:02:26(498216220634) PID_SA INFO: [Java_com_chinatelecom_smarthome_viewer_business_impl_NativeClient_writeLogToFile:118]I/HmAdManager: getCachedAdListData from memory, size=4
05-11 11:02:26(14298) PID_SA INFO: [Java_com_chinatelecom_smarthome_viewer_business_impl_NativeClient_writeLogToFile:118]I/HmAdManager: getAdDataByStrategy: adPositionKey=pro_Android_en_Native1 lastCountDate:2026-05-11,now:1778477546132,today:2026-05-11,displayMaxTimes:0
05-11 11:02:26(14298) PID_SA INFO: [Java_com_chinatelecom_smarthome_viewer_business_impl_NativeClient_writeLogToFile:118]I/HmAdManager: currentAdType: 3
05-11 11:02:26(14298) PID_SA INFO: [Java_com_chinatelecom_smarthome_viewer_business_impl_NativeClient_writeLogToFile:118]I/HmAdManager: lastShowTime: 0
05-11 11:02:26(12970367425043249114) PID_SA INFO: [Java_com_chinatelecom_smarthome_viewer_business_impl_NativeClient_writeLogToFile:118]I/HmAdManager: loadHomeBannerAD==isAdBuyNoShowad:false,Model:ImageTitleBean{imageUrl='null', title='null', imageId=0, clickUrl='null', adsource='AdMob', adsourcecode='ca-app-pub-9693684136464091/7406038684', skip=0, skip_type=0, click=0, show_time_length=5, adcode='pro_Android_en_Native1', isDowload=false, jumpType='null', adtype=3, req_ad_timeout=0, strategy_type=-1, rule_conf=null, after_click_action=null, rule_update_times=0, showPrice='null', price='null', unit='null', currency_symbol='null', adId='null', page_name='null'}
05-11 11:02:26(545460860890) PID_SA INFO: [Java_com_chinatelecom_smarthome_viewer_business_impl_NativeClient_writeLogToFile:118]I/HmAdManager: loadHomeBannerAD==adModel:ImageTitleBean{imageUrl='null', title='null', imageId=0, clickUrl='null', adsource='AdMob', adsourcecode='ca-app-pub-9693684136464091/7406038684', skip=0, skip_type=0, click=0, show_time_length=5, adcode='pro_Android_en_Native1', isDowload=false, jumpType='null', adtype=3, req_ad_timeout=0, strategy_type=-1, rule_conf=null, after_click_action=null, rule_update_times=0, showPrice='null', price='null', unit='null', currency_symbol='null', adId='null', page_name='null'}
05-11 11:02:26(14298) PID_SA INFO: [Java_com_chinatelecom_smarthome_viewer_business_impl_NativeClient_writeLogToFile:118]AdList: AdvertisingRequst(id=, adcode=pro_Android_en_right_sidebar, width=1080, height=2400, appver=2.9.28, appid=1593592778513070, companyid=0000213ed0cdb8bc, countryCode=GB, platform=2, lang=2, uid=1600010140c3ad11)
05-11 11:02:26(14298) PID_SA INFO: [Java_com_chinatelecom_smarthome_viewer_business_impl_NativeClient_writeLogToFile:118]I/DeviceList: dispatchAction:RequestUserMenus
05-11 11:02:26(14298) PID_SA INFO: [Java_com_chinatelecom_smarthome_viewer_business_impl_NativeClient_writeLogToFile:118]I/DeviceList: dispatchAction:com.huiyun.care.viewer.main.deviceList.a$b@73434a
05-11 11:02:26(493921259184) PID_SA INFO: [Java_com_chinatelecom_smarthome_viewer_business_impl_NativeClient_writeLogToFile:118]I/RetrofitLog: retrofitBack = <-- HTTP FAILED: java.io.IOException: Canceled
05-11 11:02:26(20144) PID_SA INFO: [Java_com_chinatelecom_smarthome_viewer_business_impl_NativeClient_writeLogToFile:118]I/RetrofitLog: retrofitBack = --> POST https://exsvr.smartcloudcon.com/carewebin/GetAppMenus
05-11 11:02:26(20144) PID_SA INFO: [Java_com_chinatelecom_smarthome_viewer_business_impl_NativeClient_writeLogToFile:118]I/RetrofitLog: retrofitBack = Content-Type: application/json; charset=UTF-8
05-11 11:02:26(20144) PID_SA INFO: [Java_com_chinatelecom_smarthome_viewer_business_impl_NativeClient_writeLogToFile:118]I/RetrofitLog: retrofitBack = Content-Length: 68
05-11 11:02:26(20144) PID_SA INFO: [Java_com_chinatelecom_smarthome_viewer_business_impl_NativeClient_writeLogToFile:118]I/RetrofitLog: retrofitBack = 
05-11 11:02:26(20144) PID_SA INFO: [Java_com_chinatelecom_smarthome_viewer_business_impl_NativeClient_writeLogToFile:118]I/RetrofitLog: retrofitBack = {"appid":"1593592778513070","language":"2","uid":"1600010140c3ad11"}
05-11 11:02:26(20144) PID_SA INFO: [Java_com_chinatelecom_smarthome_viewer_business_impl_NativeClient_writeLogToFile:118]I/RetrofitLog: retrofitBack = --> END POST (68-byte body)
05-11 11:02:26(545460860890) PID_SA INFO: [Java_com_chinatelecom_smarthome_viewer_business_impl_NativeClient_writeLogToFile:118]I/DeviceBean: getDeviceName:GateCameras
05-11 11:02:26(545460860890) PID_SA INFO: [Java_com_chinatelecom_smarthome_viewer_business_impl_NativeClient_writeLogToFile:118]I/DeviceBean: getDeviceName:GateCameras
05-11 11:02:26(8764904125050671296) PID_SA INFO: [Java_com_chinatelecom_smarthome_viewer_business_impl_NativeClient_writeLogToFile:118]I/RetrofitLog: retrofitBack = <-- 200 OK https://yatai-loggw.smartcloudcon.com/loggw/app/eventTrack (1056ms)
05-11 11:02:26(20672) PID_SA INFO: [Java_com_chinatelecom_smarthome_viewer_business_impl_NativeClient_writeLogToFile:118]I/RetrofitLog: retrofitBack = Server: nginx
05-11 11:02:26(20672) PID_SA INFO: [Java_com_chinatelecom_smarthome_viewer_business_impl_NativeClient_writeLogToFile:118]I/RetrofitLog: retrofitBack = Date: Mon, 11 May 2026 05:32:25 GMT
05-11 11:02:26(20672) PID_SA INFO: [Java_com_chinatelecom_smarthome_viewer_business_impl_NativeClient_writeLogToFile:118]I/RetrofitLog: retrofitBack = Content-Type: application/json; charset=utf-8
05-11 11:02:26(20672) PID_SA INFO: [Java_com_chinatelecom_smarthome_viewer_business_impl_NativeClient_writeLogToFile:118]I/RetrofitLog: retrofitBack = Connection: keep-alive
05-11 11:02:26(20672) PID_SA INFO: [Java_com_chinatelecom_smarthome_viewer_business_impl_NativeClient_writeLogToFile:118]I/RetrofitLog: retrofitBack = Access-Control-Allow-Credentials: true
05-11 11:02:26(493921259712) PID_SA INFO: [Java_com_chinatelecom_smarthome_viewer_business_impl_NativeClient_writeLogToFile:118]I/RetrofitLog: retrofitBack = Access-Control-Allow-Headers: *
05-11 11:02:26(493921259712) PID_SA INFO: [Java_com_chinatelecom_smarthome_viewer_business_impl_NativeClient_writeLogToFile:118]I/RetrofitLog: retrofitBack = Access-Control-Allow-Methods: POST, GET, OPTIONS, PUT, DELETE, UPDATE
05-11 11:02:26(493921259712) PID_SA INFO: [Java_com_chinatelecom_smarthome_viewer_business_impl_NativeClient_writeLogToFile:118]I/RetrofitLog: retrofitBack = Access-Control-Allow-Origin: *
05-11 11:02:26(493921259712) PID_SA INFO: [Java_com_chinatelecom_smarthome_viewer_business_impl_NativeClient_writeLogToFile:118]I/RetrofitLog: retrofitBack = Access-Control-Expose-Headers: Content-Length, Access-Control-Allow-Origin, Access-Control-Allow-Headers, Cache-Control, Content-Language, Content-Type
05-11 11:02:26(493921259712) PID_SA INFO: [Java_com_chinatelecom_smarthome_viewer_business_impl_NativeClient_writeLogToFile:118]I/RetrofitLog: retrofitBack = Vary: Accept-Encoding
05-11 11:02:26(493921259712) PID_SA INFO: [Java_com_chinatelecom_smarthome_viewer_business_impl_NativeClient_writeLogToFile:118]I/RetrofitLog: retrofitBack = 
05-11 11:02:26(493921259712) PID_SA INFO: [Java_com_chinatelecom_smarthome_viewer_business_impl_NativeClient_writeLogToFile:118]I/RetrofitLog: retrofitBack = {"CODE":0,"Msg":"","BODY":{}}
05-11 11:02:26(493921259712) PID_SA INFO: [Java_com_chinatelecom_smarthome_viewer_business_impl_NativeClient_writeLogToFile:118]I/RetrofitLog: retrofitBack = <-- END HTTP (29-byte body)
05-11 11:02:26(545460860890) PID_SA INFO: [Java_com_chinatelecom_smarthome_viewer_business_impl_NativeClient_writeLogToFile:118]I/AdmobAdManager: loadAd==onAdFailedToLoad=loadAdError:0,msgLUnable to obtain a JavascriptEngine.
05-11 11:02:26(20113) PID_SA INFO: [Java_com_chinatelecom_smarthome_viewer_business_impl_NativeClient_writeLogToFile:118]I/ZJUtil: getCountryID: IN
05-11 11:02:26(545460860890) PID_SA INFO: [Java_com_chinatelecom_smarthome_viewer_business_impl_NativeClient_writeLogToFile:118]I/AdmobAdManager: showFeedAd==onAdFailedToLoad=error:domain: com.google.android.gms.ads, code: 0, message: Unable to obtain a JavascriptEngine.
05-11 11:02:26(20113) PID_SA INFO: [Java_com_chinatelecom_smarthome_viewer_business_impl_NativeClient_writeLogToFile:118]I/ZJUtil: getCountryID: IN
05-11 11:02:26(20093) PID_SA INFO: [FUN_DEVICE_COMMON_RSP:1189]FUN_DEVICE_COMMON_RSP uiReqId:59, iErr:0
05-11 11:02:26(493921259133) ZJ_TASK INFO: [ZJ_UserProcCommonRsp:220]ogct 59 recv rsp code 0 
05-11 11:02:26(493921259128) CFG_TASK INFO: [Cfg_ProcDevStatusNtc:1258]ogct 3576343162 Ntc did 12000103c0537c93 oldflag 0 online status 1 pushflag 0 upstatus 0 Rate 0
05-11 11:02:26(15670257809465822840) CFG_TASK INFO: [Cfg_ParseRecvNetData:1492]recv msgtype 37 msgid 3e
05-11 11:02:26(493921259142) BHAVR_TASK INFO: [BHavr_ProcRecvMsg:30]BHavior Add new opt BussID 100 bussinf {"AdSrcID":"三方","EventTime":"1778477546391","SuccessFlag":"0","AdPlatForm":"AdMob","AdvertiserID":"AdMob","AdType":"1","OptID":"102","SessionID":"e8bb26e3-b230-43cc-9d8f-410b6977eeed28782740","Country":"IN","CompanyID":"0000213ed0cdb8bc","AppID":"1593592778513070","DeviceLanguage":"2","DeviceBrand":"realme","AppVersion":"2.9.28"}
05-11 11:02:26(493921259142) BHAVR_TASK INFO: [BHavr_ProcRecvMsg:30]BHavior Add new opt BussID 100 bussinf {"AdSrcID":"三方","EventTime":"1778477546392","SuccessFlag":"0","AdPlatForm":"AdMob","AdvertiserID":"AdMob","AdType":"3","OptID":"102","SessionID":"e8bb26e3-b230-43cc-9d8f-410b6977eeed28782740","Country":"IN","CompanyID":"0000213ed0cdb8bc","AppID":"1593592778513070","DeviceLanguage":"2","DeviceBrand":"realme","AppVersion":"2.9.28"}
05-11 11:02:26(20658) PID_SA INFO: [Java_com_chinatelecom_smarthome_viewer_business_impl_NativeClient_writeLogToFile:118]I/CurlLogger: response:{"code":"1000","data":{"ext":{"buyed":"1","noThirdAd":0,"reg":"2024-04-09 16:36:37","useCache":1},"list":[{"ad_id":"N00380","ad_space_height":"","ad_space_size":1,"ad_space_width":"","adcode":"pro_Android_en_cloud_Native2","adsource":"zzy","adsourcecode":"","adtype":2,"after_click_action":"","click":1,"click_url":"","id":"380","imglist":[{"height":596,"img_url":"https://hmstatic-1311597033.cos.ap-nanjing.myqcloud.com/media/ads/1730164928604458057/yingyu.jpg","jumpType":"0","jump_url":"","lang":1,"resolution":"750x596","width":750}],"name":"云存优势","no_display_ad_people":0,"no_display_user_reg_days":0,"page_name":"","rate_times":"0-23","rate_week":"1,2,3,4,5,6,7","reg_gt_date":"","req_ad_timeout":5,"rule_conf":"","rule_update_times":2605110,"show_time_end":"","show_time_length":5,"show_time_start":"2024-10-29","show_time_type":1,"skip":1,"skip_type":0,"strategy_type":0},{"ad_id":"B00378","ad_space_height":"","ad_space_size":1,"ad_space_width":"","adcode":"pro_Android_en_list_banner","adsource":"zzy","ad
05-11 11:02:26(493921259698) PID_SA INFO: [Java_com_chinatelecom_smarthome_viewer_business_impl_NativeClient_writeLogToFile:118]I/CurlLogger: sourcecode":"","adtype":2,"after_click_action":"{\"body\": {\"pkg_id\": \"\", \"group_id\": \"\", \"group_code\": \"\", \"is_user_no_pay\": \"\"}, \"type\": 1}","click":1,"click_url":"","id":"378","imglist":[{"height":375,"img_url":"https://hmstatic-1311597033.cos.ap-nanjing.myqcloud.com/media/ads/1733283688209760000/en banner.png","jumpType":"0","jump_url":"https://exwebsvr.smartcloudcon.com/careProcloud/#/packages-new","lang":1,"resolution":"1080x375","width":1080},{"height":375,"img_url":"https://hmstatic-1311597033.cos.ap-nanjing.myqcloud.com/media/ads/1750666446275539862/banner en.png","jumpType":"0","jump_url":"https://exwebsvr.smartcloudcon.com/careProcloud/#/intelligentAlarm","lang":1,"resolution":"1080x375","width":1080},{"height":375,"img_url":"https://hmstatic-1311597033.cos.ap-nanjing.myqcloud.com/media/ads/1777564016732268340/banner2.png","jumpType":"0","jump_url":"https://exwebsvr.smartcloudcon.com/careProcloud/#/packages-mother","lang":1,"resolution":"1080x375","width":1080}],"name":"日常","no_di
05-11 11:02:26(3544670667263725746) PID_SA INFO: [Java_com_chinatelecom_smarthome_viewer_business_impl_NativeClient_writeLogToFile:118]I/CurlLogger: splay_ad_people":0,"no_display_user_reg_days":0,"page_name":"","rate_times":"0-23","rate_week":"1,2,3,4,5,6,7","reg_gt_date":"","req_ad_timeout":5,"rule_conf":"{\"pop_type\": 1, \"pop_value\": \"\"}","rule_update_times":2605110,"show_time_end":"","show_time_length":5,"show_time_start":"2026-05-01","show_time_type":1,"skip":1,"skip_type":0,"strategy_type":0}]},"desc":"Success"}
05-11 11:02:26(20665) PID_SA INFO: [Java_com_chinatelecom_smarthome_viewer_business_impl_NativeClient_writeLogToFile:118]I/CurlLogger: response:{"code":"1000","data":{"ext":{"buyed":"1","noThirdAd":0,"reg":"2024-04-09 16:36:37","useCache":0},"list":[]},"desc":"Success"}
05-11 11:02:26(68719497394) PID_SA INFO: [Java_com_chinatelecom_smarthome_viewer_business_impl_NativeClient_writeLogToFile:118]AdList: AdvertisingResp(code=1000, data=DataBean(list=[ListBean(adId=N00380,adtype=2, adsource='zzy', adsourcecode='', show_time_end='', show_time_type=1, skip=1, skip_type=0, click=1, imglist=[Imglist(adId=,img_url='https://hmstatic-1311597033.cos.ap-nanjing.myqcloud.com/media/ads/1730164928604458057/yingyu.jpg', width=750, lang=1, resolution='750x596', height=596, jump_url='', jumpType='0', isDownload=false)], show_time_start='2024-10-29', show_time_length=5, rate_times='0-23', name='云存优势', rate_week='1,2,3,4,5,6,7', adId='380', click_url='', jumpType='', adcode='pro_Android_en_cloud_Native2', req_ad_timeout=5, strategy_type=0, rule_conf='', after_click_action='', rule_update_times=2605110,page_name=), ListBean(adId=B00378,adtype=2, adsource='zzy', adsourcecode='', show_time_end='', show_time_type=1, skip=1, skip_type=0, click=1, imglist=[Imglist(adId=,img_url='https://hmstatic-1311597033.cos.ap-nanjing.myqcloud.com/media/ads/1733283688209760000/en banner.png', width=1080, lang=1, resolution='1080x375', height=375, jump_url='https://exwebsvr.smartcloudcon.com/careProcloud/#/packages-new', jumpType='0', isDownload=false), Imglist(adId=,img_url='https://hmstatic-1311597033.cos.ap-nanjing.myqcloud.com/media/ads/1750666446275539862/banner en.png', width=1080, lang=1, resolution='1080x375', height=375, jump_url='https://exwebsvr.smartcloudcon.com/careProcloud/#/intelligentAlarm', jumpType='0', isDownload=false), Imglist(adId=,img_url='https://hmstatic-1311597033.cos.ap-nanjing.myqcloud.com/media/ads/1777564016732268340/banner2.png', width=1080, lang=1, resolution='1080x375', height=375, jump_url='https://exwebsvr.smartcloudcon.com/careProcloud/#/packages-mother', jumpType='0', isDownload=false)], show_time_start='2026-05-01', show_time_length=5, rate_times='0-23', name='日常', rate_week='1,2,3,4,5,6,7', adId='378', click_url='', jumpType='', adcode='pro_Android_en_list_banne***
05-11 11:02:26(498216226994) PID_SA INFO: [Java_com_chinatelecom_smarthome_viewer_business_impl_NativeClient_writeLogToFile:118]AdList: AdvertisingResp bean:ListBean(adId=N00380,adtype=2, adsource='zzy', adsourcecode='', show_time_end='', show_time_type=1, skip=1, skip_type=0, click=1, imglist=[Imglist(adId=,img_url='https://hmstatic-1311597033.cos.ap-nanjing.myqcloud.com/media/ads/1730164928604458057/yingyu.jpg', width=750, lang=1, resolution='750x596', height=596, jump_url='', jumpType='0', isDownload=false)], show_time_start='2024-10-29', show_time_length=5, rate_times='0-23', name='云存优势', rate_week='1,2,3,4,5,6,7', adId='380', click_url='', jumpType='', adcode='pro_Android_en_cloud_Native2', req_ad_timeout=5, strategy_type=0, rule_conf='', after_click_action='', rule_update_times=2605110,page_name=)
05-11 11:02:26(20665) PID_SA INFO: [Java_com_chinatelecom_smarthome_viewer_business_impl_NativeClient_writeLogToFile:118]AdList: AdvertisingResp(code=1000, data=DataBean(list=[]), desc=Success)
05-11 11:02:26(20658) PID_SA INFO: [Java_com_chinatelecom_smarthome_viewer_business_impl_NativeClient_writeLogToFile:118]AdList: AdvertisingResp bean:ListBean(adId=B00378,adtype=2, adsource='zzy', adsourcecode='', show_time_end='', show_time_type=1, skip=1, skip_type=0, click=1, imglist=[Imglist(adId=,img_url='https://hmstatic-1311597033.cos.ap-nanjing.myqcloud.com/media/ads/1733283688209760000/en banner.png', width=1080, lang=1, resolution='1080x375', height=375, jump_url='https://exwebsvr.smartcloudcon.com/careProcloud/#/packages-new', jumpType='0', isDownload=false), Imglist(adId=,img_url='https://hmstatic-1311597033.cos.ap-nanjing.myqcloud.com/media/ads/1750666446275539862/banner en.png', width=1080, lang=1, resolution='1080x375', height=375, jump_url='https://exwebsvr.smartcloudcon.com/careProcloud/#/intelligentAlarm', jumpType='0', isDownload=false), Imglist(adId=,img_url='https://hmstatic-1311597033.cos.ap-nanjing.myqcloud.com/media/ads/1777564016732268340/banner2.png', width=1080, lang=1, resolution='1080x375', height=375, jump_url='https://exwebsvr.smartcloudcon.com/careProcloud/#/packages-mother', jumpType='0', isDownload=false)], show_time_start='2026-05-01', show_time_length=5, rate_times='0-23', name='日常', rate_week='1,2,3,4,5,6,7', adId='378', click_url='', jumpType='', adcode='pro_Android_en_list_banner', req_ad_timeout=5, strategy_type=0, rule_conf='{"pop_type": 1, "pop_value": ""}', after_click_action='{"body": {"pkg_id": "", "group_id": "", "group_code": "", "is_user_no_pay": ""}, "type": 1}', rule_update_times=2605110,page_name=)
05-11 11:02:26(20660) PID_SA INFO: [Java_com_chinatelecom_smarthome_viewer_business_impl_NativeClient_writeLogToFile:118]I/RetrofitLog: retrofitBack = <-- 200 OK https://exsvr.smartcloudcon.com/carewebin/GetAppMenus (1801ms)
05-11 11:02:26(20660) PID_SA INFO: [Java_com_chinatelecom_smarthome_viewer_business_impl_NativeClient_writeLogToFile:118]I/RetrofitLog: retrofitBack = Server: nginx/1.17.4
05-11 11:02:26(20660) PID_SA INFO: [Java_com_chinatelecom_smarthome_viewer_business_impl_NativeClient_writeLogToFile:118]I/RetrofitLog: retrofitBack = Date: Mon, 11 May 2026 05:32:26 GMT
05-11 11:02:26(20660) PID_SA INFO: [Java_com_chinatelecom_smarthome_viewer_business_impl_NativeClient_writeLogToFile:118]I/RetrofitLog: retrofitBack = Content-Type: application/json; charset=utf-8
05-11 11:02:26(20660) PID_SA INFO: [Java_com_chinatelecom_smarthome_viewer_business_impl_NativeClient_writeLogToFile:118]I/RetrofitLog: retrofitBack = Content-Length: 2036
05-11 11:02:26(20660) PID_SA INFO: [Java_com_chinatelecom_smarthome_viewer_business_impl_NativeClient_writeLogToFile:118]I/RetrofitLog: retrofitBack = Connection: keep-alive
05-11 11:02:26(20660) PID_SA INFO: [Java_com_chinatelecom_smarthome_viewer_business_impl_NativeClient_writeLogToFile:118]I/RetrofitLog: retrofitBack = Access-Control-Allow-Credentials: true
05-11 11:02:26(20660) PID_SA INFO: [Java_com_chinatelecom_smarthome_viewer_business_impl_NativeClient_writeLogToFile:118]I/RetrofitLog: retrofitBack = Access-Control-Allow-Headers: *
05-11 11:02:26(20660) PID_SA INFO: [Java_com_chinatelecom_smarthome_viewer_business_impl_NativeClient_writeLogToFile:118]I/RetrofitLog: retrofitBack = Access-Control-Allow-Methods: POST, GET, OPTIONS, PUT, DELETE, UPDATE
05-11 11:02:26(20660) PID_SA INFO: [Java_com_chinatelecom_smarthome_viewer_business_impl_NativeClient_writeLogToFile:118]I/RetrofitLog: retrofitBack = Access-Control-Allow-Origin: *
05-11 11:02:26(20660) PID_SA INFO: [Java_com_chinatelecom_smarthome_viewer_business_impl_NativeClient_writeLogToFile:118]I/RetrofitLog: retrofitBack = Access-Control-Expose-Headers: Content-Length, Access-Control-Allow-Origin, Access-Control-Allow-Headers, Cache-Control, Content-Language, Content-Type
05-11 11:02:26(12970367420748288180) PID_SA INFO: [Java_com_chinatelecom_smarthome_viewer_business_impl_NativeClient_writeLogToFile:118]I/RetrofitLog: retrofitBack = 
05-11 11:02:26(20660) PID_SA INFO: [Java_com_chinatelecom_smarthome_viewer_business_impl_NativeClient_writeLogToFile:118]I/RetrofitLog: retrofitBack = {"code":1000,"data":{"more":[{"black_white_pic":"https://hmstatic.obs.cn-east-2.myhuaweicloud.com/imsm/202604/1777536604506.png","name":"act","red_point":"1","url":"https://exwebsvr.smartcloudcon.com/careProcloud/#/packages-mother"},{"black_white_pic":"https://hmstatic.obs.cn-east-2.myhuaweicloud.com/imsm/202501/1736841125545.png","name":"Cloud","red_point":"0","url":"https://exwebsvr.smartcloudcon.com/careProcloud/#/packages-new"},{"black_white_pic":"https://hmstatic.obs.cn-east-2.myhuaweicloud.com/imsm/1723185846399.png","name":" Voice Assistant","red_point":"0","url":"https://exwebsvr.smartcloudcon.com/careProcloud/#/alexa"},{"black_white_pic":"https://hmstatic.obs.cn-east-2.myhuaweicloud.com/imsm/1723188055566.png","name":"No Ads\n","red_point":"0","url":"https://exwebsvr.smartcloudcon.com/careProcloud/#/advert"},{"black_white_pic":"https://hmstatic.obs.cn-east-2.myhuaweicloud.com/imsm/202501/1737683275552.png","name":"AiAlarm","red_point":"0","url":"https://exwebsvr.smartcloudcon.com/careP
05-11 11:02:26(3403159393305383092) PID_SA INFO: [Java_com_chinatelecom_smarthome_viewer_business_impl_NativeClient_writeLogToFile:118]I/RetrofitLog: rocloud/#/intelligentAlarm"},{"black_white_pic":"https://hmstatic.obs.cn-east-2.myhuaweicloud.com/imsm/202504/1744098525645.png","name":"Spring Sale","red_point":"1","url":"https://exwebsvr.smartcloudcon.com/h5Payment/#/packages-new?appdata="}],"top":[{"colorful_pic":"https://hmstatic.obs.cn-east-2.myhuaweicloud.com/imsm/1730528590152.png","name":"Cloud","tags_pic":"","url":"https://exwebsvr.smartcloudcon.com/careProcloud/#/packages-new"},{"colorful_pic":"https://hmstatic.obs.cn-east-2.myhuaweicloud.com/imsm/1730360642309.png","name":"TimeAlbum","tags_pic":"","url":"https://exwebsvr.smartcloudcon.com/careProcloud/#/photo"},{"colorful_pic":"https://hmstatic.obs.cn-east-2.myhuaweicloud.com/imsm/202501/1737164504451.png","name":"Offline Monitor","tags_pic":"https://hmstatic.obs.cn-east-2.myhuaweicloud.com/imsm/202501/1737164511464.png","url":"https://exwebsvr.smartcloudcon.com/careProcloud/#/offLine"}],"traceId":"272a6e76-03eb-4be5-9624-efc6c7fc22ae"},"desc":"Success","msg":"OK","timestamp":1778477546540,"type":
05-11 11:02:26(7022364630966096052) PID_SA INFO: [Java_com_chinatelecom_smarthome_viewer_business_impl_NativeClient_writeLogToFile:118]I/RetrofitLog: ""}
05-11 11:02:26(7022364630966096052) PID_SA INFO: [Java_com_chinatelecom_smarthome_viewer_business_impl_NativeClient_writeLogToFile:118]I/RetrofitLog: retrofitBack = <-- END HTTP (2036-byte body)
05-11 11:02:26(545460860890) PID_SA INFO: [Java_com_chinatelecom_smarthome_viewer_business_impl_NativeClient_writeLogToFile:118]UserFragment: getUserMenus:{"code":1000,"data":{"more":[{"black_white_pic":"https://hmstatic.obs.cn-east-2.myhuaweicloud.com/imsm/202604/1777536604506.png","index":0,"name":"act","red_point":1,"url":"https://exwebsvr.smartcloudcon.com/careProcloud/#/packages-mother"},{"black_white_pic":"https://hmstatic.obs.cn-east-2.myhuaweicloud.com/imsm/202501/1736841125545.png","index":0,"name":"Cloud","red_point":0,"url":"https://exwebsvr.smartcloudcon.com/careProcloud/#/packages-new"},{"black_white_pic":"https://hmstatic.obs.cn-east-2.myhuaweicloud.com/imsm/1723185846399.png","index":0,"name":" Voice Assistant","red_point":0,"url":"https://exwebsvr.smartcloudcon.com/careProcloud/#/alexa"},{"black_white_pic":"https://hmstatic.obs.cn-east-2.myhuaweicloud.com/imsm/1723188055566.png","index":0,"name":"No Ads\n","red_point":0,"url":"https://exwebsvr.smartcloudcon.com/careProcloud/#/advert"},{"black_white_pic":"https://hmstatic.obs.cn-east-2.myhuaweicloud.com/imsm/202501/1737683275552.png","index":0,"name":"AiAlarm","red_point":0,"url":"https://exwebsvr.smartcloudcon.com/careProcloud/#/intelligentAlarm"},{"black_white_pic":"https://hmstatic.obs.cn-east-2.myhuaweicloud.com/imsm/202504/1744098525645.png","index":0,"name":"Spring Sale","red_point":1,"url":"https://exwebsvr.smartcloudcon.com/h5Payment/#/packages-new?appdata="}],"top":[{"colorful_pic":"https://hmstatic.obs.cn-east-2.myhuaweicloud.com/imsm/1730528590152.png","index":0,"name":"Cloud","tags_pic":"","url":"https://exwebsvr.smartcloudcon.com/careProcloud/#/packages-new"},{"colorful_pic":"https://hmstatic.obs.cn-east-2.myhuaweicloud.com/imsm/1730360642309.png","index":0,"name":"TimeAlbum","tags_pic":"","url":"https://exwebsvr.smartcloudcon.com/careProcloud/#/photo"},{"colorful_pic":"https://hmstatic.obs.cn-east-2.myhuaweicloud.com/imsm/202501/1737164504451.png","index":0,"name":"Offline Monitor","tags_pic":"https://hmstatic.obs.cn-east-2.myh***
05-11 11:02:26(498216220634) PID_SA INFO: [Java_com_chinatelecom_smarthome_viewer_business_impl_NativeClient_writeLogToFile:118]UserFragment: getUserMenus accountTypeList:[EMAIL, PHONE]
05-11 11:02:27(20144) PID_SA INFO: [Java_com_chinatelecom_smarthome_viewer_business_impl_NativeClient_writeLogToFile:118]I/RetrofitLog: retrofitBack = <-- 200 OK https://exsvr.smartcloudcon.com/carewebin/GetAppMenus (1646ms)
05-11 11:02:27(20144) PID_SA INFO: [Java_com_chinatelecom_smarthome_viewer_business_impl_NativeClient_writeLogToFile:118]I/RetrofitLog: retrofitBack = Server: nginx/1.17.4
05-11 11:02:27(20144) PID_SA INFO: [Java_com_chinatelecom_smarthome_viewer_business_impl_NativeClient_writeLogToFile:118]I/RetrofitLog: retrofitBack = Date: Mon, 11 May 2026 05:32:27 GMT
05-11 11:02:27(20144) PID_SA INFO: [Java_com_chinatelecom_smarthome_viewer_business_impl_NativeClient_writeLogToFile:118]I/RetrofitLog: retrofitBack = Content-Type: application/json; charset=utf-8
05-11 11:02:27(20144) PID_SA INFO: [Java_com_chinatelecom_smarthome_viewer_business_impl_NativeClient_writeLogToFile:118]I/RetrofitLog: retrofitBack = Content-Length: 2036
05-11 11:02:27(20144) PID_SA INFO: [Java_com_chinatelecom_smarthome_viewer_business_impl_NativeClient_writeLogToFile:118]I/RetrofitLog: retrofitBack = Connection: keep-alive
05-11 11:02:27(20144) PID_SA INFO: [Java_com_chinatelecom_smarthome_viewer_business_impl_NativeClient_writeLogToFile:118]I/RetrofitLog: retrofitBack = Access-Control-Allow-Credentials: true
05-11 11:02:27(20144) PID_SA INFO: [Java_com_chinatelecom_smarthome_viewer_business_impl_NativeClient_writeLogToFile:118]I/RetrofitLog: retrofitBack = Access-Control-Allow-Headers: *
05-11 11:02:27(20144) PID_SA INFO: [Java_com_chinatelecom_smarthome_viewer_business_impl_NativeClient_writeLogToFile:118]I/RetrofitLog: retrofitBack = Access-Control-Allow-Methods: POST, GET, OPTIONS, PUT, DELETE, UPDATE
05-11 11:02:27(20144) PID_SA INFO: [Java_com_chinatelecom_smarthome_viewer_business_impl_NativeClient_writeLogToFile:118]I/RetrofitLog: retrofitBack = Access-Control-Allow-Origin: *
05-11 11:02:27(20144) PID_SA INFO: [Java_com_chinatelecom_smarthome_viewer_business_impl_NativeClient_writeLogToFile:118]I/RetrofitLog: retrofitBack = Access-Control-Expose-Headers: Content-Length, Access-Control-Allow-Origin, Access-Control-Allow-Headers, Cache-Control, Content-Language, Content-Type
05-11 11:02:27(12970367420748287664) PID_SA INFO: [Java_com_chinatelecom_smarthome_viewer_business_impl_NativeClient_writeLogToFile:118]I/RetrofitLog: retrofitBack = 
05-11 11:02:27(20144) PID_SA INFO: [Java_com_chinatelecom_smarthome_viewer_business_impl_NativeClient_writeLogToFile:118]I/RetrofitLog: retrofitBack = {"code":1000,"data":{"more":[{"black_white_pic":"https://hmstatic.obs.cn-east-2.myhuaweicloud.com/imsm/202604/1777536604506.png","name":"act","red_point":"1","url":"https://exwebsvr.smartcloudcon.com/careProcloud/#/packages-mother"},{"black_white_pic":"https://hmstatic.obs.cn-east-2.myhuaweicloud.com/imsm/202501/1736841125545.png","name":"Cloud","red_point":"0","url":"https://exwebsvr.smartcloudcon.com/careProcloud/#/packages-new"},{"black_white_pic":"https://hmstatic.obs.cn-east-2.myhuaweicloud.com/imsm/1723185846399.png","name":" Voice Assistant","red_point":"0","url":"https://exwebsvr.smartcloudcon.com/careProcloud/#/alexa"},{"black_white_pic":"https://hmstatic.obs.cn-east-2.myhuaweicloud.com/imsm/1723188055566.png","name":"No Ads\n","red_point":"0","url":"https://exwebsvr.smartcloudcon.com/careProcloud/#/advert"},{"black_white_pic":"https://hmstatic.obs.cn-east-2.myhuaweicloud.com/imsm/202501/1737683275552.png","name":"AiAlarm","red_point":"0","url":"https://exwebsvr.smartcloudcon.com/careP
05-11 11:02:27(3403159393305382576) PID_SA INFO: [Java_com_chinatelecom_smarthome_viewer_business_impl_NativeClient_writeLogToFile:118]I/RetrofitLog: rocloud/#/intelligentAlarm"},{"black_white_pic":"https://hmstatic.obs.cn-east-2.myhuaweicloud.com/imsm/202504/1744098525645.png","name":"Spring Sale","red_point":"1","url":"https://exwebsvr.smartcloudcon.com/h5Payment/#/packages-new?appdata="}],"top":[{"colorful_pic":"https://hmstatic.obs.cn-east-2.myhuaweicloud.com/imsm/1730528590152.png","name":"Cloud","tags_pic":"","url":"https://exwebsvr.smartcloudcon.com/careProcloud/#/packages-new"},{"colorful_pic":"https://hmstatic.obs.cn-east-2.myhuaweicloud.com/imsm/1730360642309.png","name":"TimeAlbum","tags_pic":"","url":"https://exwebsvr.smartcloudcon.com/careProcloud/#/photo"},{"colorful_pic":"https://hmstatic.obs.cn-east-2.myhuaweicloud.com/imsm/202501/1737164504451.png","name":"Offline Monitor","tags_pic":"https://hmstatic.obs.cn-east-2.myhuaweicloud.com/imsm/202501/1737164511464.png","url":"https://exwebsvr.smartcloudcon.com/careProcloud/#/offLine"}],"traceId":"272a6e76-03eb-4be5-9624-efc6c7fc22ae"},"desc":"Success","msg":"OK","timestamp":1778477547221,"type":
05-11 11:02:27(7022364630966095536) PID_SA INFO: [Java_com_chinatelecom_smarthome_viewer_business_impl_NativeClient_writeLogToFile:118]I/RetrofitLog: ""}
05-11 11:02:27(7022364630966095536) PID_SA INFO: [Java_com_chinatelecom_smarthome_viewer_business_impl_NativeClient_writeLogToFile:118]I/RetrofitLog: retrofitBack = <-- END HTTP (2036-byte body)
05-11 11:02:28(498216226429) TRAS_TASK INFO: [TrasNat_CheckNat:226]send udp msg to server 156.59.51.97:30194 iret 72
05-11 11:02:28(12970367420748287613) TRAS_TASK INFO: [TrasNat_CheckNatType:397]natInf send msg to port1 30194 
05-11 11:02:28(14298) PID_SA INFO: [Java_com_chinatelecom_smarthome_viewer_business_impl_NativeClient_writeLogToFile:118]I/ActivityPop: isShow:false,isLoadActivity:false
05-11 11:02:28(14298) PID_SA INFO: [Java_com_chinatelecom_smarthome_viewer_business_impl_NativeClient_writeLogToFile:118]I/ActivityPop: activityPopBean:firstTime:1762013333764,lastTime:1762013375162,did:12000103c0537c93，：isHasDid：true,isXcfalse
05-11 11:02:28(20653) PID_SA INFO: [Java_com_chinatelecom_smarthome_viewer_business_impl_NativeClient_writeLogToFile:118]I/CurlLogger: response:{"code":"1000","data":{"ext":{"buyed":"1","noThirdAd":0,"reg":"2024-04-09 16:36:37","useCache":1},"list":[{"ad_id":"B00378","ad_space_height":"","ad_space_size":1,"ad_space_width":"","adcode":"pro_Android_en_list_banner","adsource":"zzy","adsourcecode":"","adtype":2,"after_click_action":"{\"body\": {\"pkg_id\": \"\", \"group_id\": \"\", \"group_code\": \"\", \"is_user_no_pay\": \"\"}, \"type\": 1}","click":1,"click_url":"","id":"378","imglist":[{"height":375,"img_url":"https://hmstatic-1311597033.cos.ap-nanjing.myqcloud.com/media/ads/1733283688209760000/en banner.png","jumpType":"0","jump_url":"https://exwebsvr.smartcloudcon.com/careProcloud/#/packages-new","lang":1,"resolution":"1080x375","width":1080},{"height":375,"img_url":"https://hmstatic-1311597033.cos.ap-nanjing.myqcloud.com/media/ads/1750666446275539862/banner en.png","jumpType":"0","jump_url":"https://exwebsvr.smartcloudcon.com/careProcloud/#/intelligentAlarm","lang":1,"resolution":"1080x375","width":1080},{"height":375,"img_url":"https://h
05-11 11:02:28(493921259693) PID_SA INFO: [Java_com_chinatelecom_smarthome_viewer_business_impl_NativeClient_writeLogToFile:118]I/CurlLogger: mstatic-1311597033.cos.ap-nanjing.myqcloud.com/media/ads/1777564016732268340/banner2.png","jumpType":"0","jump_url":"https://exwebsvr.smartcloudcon.com/careProcloud/#/packages-mother","lang":1,"resolution":"1080x375","width":1080}],"name":"日常","no_display_ad_people":0,"no_display_user_reg_days":0,"page_name":"","rate_times":"0-23","rate_week":"1,2,3,4,5,6,7","reg_gt_date":"","req_ad_timeout":5,"rule_conf":"{\"pop_type\": 1, \"pop_value\": \"\"}","rule_update_times":2605110,"show_time_end":"","show_time_length":5,"show_time_start":"2026-05-01","show_time_type":1,"skip":1,"skip_type":0,"strategy_type":0}]},"desc":"Success"}
05-11 11:02:28(12970367420748288173) PID_SA INFO: [Java_com_chinatelecom_smarthome_viewer_business_impl_NativeClient_writeLogToFile:118]AdList: AdvertisingResp(code=1000, data=DataBean(list=[ListBean(adId=B00378,adtype=2, adsource='zzy', adsourcecode='', show_time_end='', show_time_type=1, skip=1, skip_type=0, click=1, imglist=[Imglist(adId=,img_url='https://hmstatic-1311597033.cos.ap-nanjing.myqcloud.com/media/ads/1733283688209760000/en banner.png', width=1080, lang=1, resolution='1080x375', height=375, jump_url='https://exwebsvr.smartcloudcon.com/careProcloud/#/packages-new', jumpType='0', isDownload=false), Imglist(adId=,img_url='https://hmstatic-1311597033.cos.ap-nanjing.myqcloud.com/media/ads/1750666446275539862/banner en.png', width=1080, lang=1, resolution='1080x375', height=375, jump_url='https://exwebsvr.smartcloudcon.com/careProcloud/#/intelligentAlarm', jumpType='0', isDownload=false), Imglist(adId=,img_url='https://hmstatic-1311597033.cos.ap-nanjing.myqcloud.com/media/ads/1777564016732268340/banner2.png', width=1080, lang=1, resolution='1080x375', height=375, jump_url='https://exwebsvr.smartcloudcon.com/careProcloud/#/packages-mother', jumpType='0', isDownload=false)], show_time_start='2026-05-01', show_time_length=5, rate_times='0-23', name='日常', rate_week='1,2,3,4,5,6,7', adId='378', click_url='', jumpType='', adcode='pro_Android_en_list_banner', req_ad_timeout=5, strategy_type=0, rule_conf='{"pop_type": 1, "pop_value": ""}', after_click_action='{"body": {"pkg_id": "", "group_id": "", "group_code": "", "is_user_no_pay": ""}, "type": 1}', rule_update_times=2605110,page_name=)]), desc=Success)
05-11 11:02:28(6874583653943365805) PID_SA INFO: [Java_com_chinatelecom_smarthome_viewer_business_impl_NativeClient_writeLogToFile:118]AdList: AdvertisingResp bean:ListBean(adId=B00378,adtype=2, adsource='zzy', adsourcecode='', show_time_end='', show_time_type=1, skip=1, skip_type=0, click=1, imglist=[Imglist(adId=,img_url='https://hmstatic-1311597033.cos.ap-nanjing.myqcloud.com/media/ads/1733283688209760000/en banner.png', width=1080, lang=1, resolution='1080x375', height=375, jump_url='https://exwebsvr.smartcloudcon.com/careProcloud/#/packages-new', jumpType='0', isDownload=false), Imglist(adId=,img_url='https://hmstatic-1311597033.cos.ap-nanjing.myqcloud.com/media/ads/1750666446275539862/banner en.png', width=1080, lang=1, resolution='1080x375', height=375, jump_url='https://exwebsvr.smartcloudcon.com/careProcloud/#/intelligentAlarm', jumpType='0', isDownload=false), Imglist(adId=,img_url='https://hmstatic-1311597033.cos.ap-nanjing.myqcloud.com/media/ads/1777564016732268340/banner2.png', width=1080, lang=1, resolution='1080x375', height=375, jump_url='https://exwebsvr.smartcloudcon.com/careProcloud/#/packages-mother', jumpType='0', isDownload=false)], show_time_start='2026-05-01', show_time_length=5, rate_times='0-23', name='日常', rate_week='1,2,3,4,5,6,7', adId='378', click_url='', jumpType='', adcode='pro_Android_en_list_banner', req_ad_timeout=5, strategy_type=0, rule_conf='{"pop_type": 1, "pop_value": ""}', after_click_action='{"body": {"pkg_id": "", "group_id": "", "group_code": "", "is_user_no_pay": ""}, "type": 1}', rule_update_times=2605110,page_name=)
05-11 11:02:28(493921253338) PID_SA INFO: [Java_com_chinatelecom_smarthome_viewer_business_impl_NativeClient_writeLogToFile:118]BaseActivity: onPause==//activity is CareMainActivity
05-11 11:02:28(493921253338) PID_SA INFO: [Java_com_chinatelecom_smarthome_viewer_business_impl_NativeClient_writeLogToFile:118]BaseActivity: onPause==mIsShowAd:false//activity is CareMainActivity
05-11 11:02:28(20062) PID_SA INFO: [Java_com_chinatelecom_smarthome_viewer_business_impl_NativeClient_writeLogToFile:118]I/ZJUtil: getCountryID: IN
05-11 11:02:28(493921259153) PID_SA INFO: [Java_com_chinatelecom_smarthome_viewer_business_impl_NativeClient_writeLogToFile:118]I/ZJUtil: getCountryID: IN
05-11 11:02:28(545460860890) PID_SA INFO: [Java_com_chinatelecom_smarthome_viewer_business_impl_NativeClient_writeLogToFile:118]I/DeviceBean: getDeviceName:GateCameras
05-11 11:02:28(14298) PID_SA INFO: [Java_com_chinatelecom_smarthome_viewer_business_impl_NativeClient_writeLogToFile:118]getCurrentDevice: deviceid = 12000103c0537c93   devocetype = 1
05-11 11:02:28(14298) PID_SA INFO: [Java_com_chinatelecom_smarthome_viewer_business_impl_NativeClient_writeLogToFile:118]I/DeviceBean: getDeviceName:GateCameras
05-11 11:02:28(502511193734) BHAVR_TASK INFO: [BHavr_ProcRecvMsg:30]BHavior Add new opt BussID 300 bussinf {"ElementID":"P2,D1","OptID":"302","SessionID":"e8bb26e3-b230-43cc-9d8f-410b6977eeed28782740","EventTime":"1778477548904","Country":"IN","CompanyID":"0000213ed0cdb8bc","AppID":"1593592778513070","DeviceLanguage":"2","DeviceBrand":"realme","AppVersion":"2.9.28"}
05-11 11:02:28(502511193734) BHAVR_TASK INFO: [BHavr_ProcRecvMsg:30]BHavior Add new opt BussID 800 bussinf {"OptID":"Pend","PageName":"P2","SessionID":"e8bb26e3-b230-43cc-9d8f-410b6977eeed28782740","EventTime":"1778477548904","Country":"IN","CompanyID":"0000213ed0cdb8bc","AppID":"1593592778513070","DeviceLanguage":"2","DeviceBrand":"realme","AppVersion":"2.9.28"}
05-11 11:02:29(14298) PID_SA INFO: [Java_com_chinatelecom_smarthome_viewer_business_impl_NativeClient_writeLogToFile:118]AdList: AdvertisingRequst(id=, adcode=Android_en_sale_window_cloud, width=1080, height=2400, appver=2.9.28, appid=1593592778513070, companyid=0000213ed0cdb8bc, countryCode=GB, platform=2, lang=2, uid=1600010140c3ad11)
05-11 11:02:29(545460860890) PID_SA INFO: [Java_com_chinatelecom_smarthome_viewer_business_impl_NativeClient_writeLogToFile:118]I/: UsrToken:1600010140c3ad111p3g5jmo63upuvo5
05-11 11:02:29(14298) PID_SA INFO: [Java_com_chinatelecom_smarthome_viewer_business_impl_NativeClient_writeLogToFile:118]I/CloudBase: initPaasToken paasTokenJson:{"accessToken":"ut6A0169E2-00000003-00G001-sc4gj","createTime":1778477538757,"expireSeconds":86399,"passAddress":"https://gm-ap.smartcloudcon.com"}
05-11 11:02:29(545460860890) PID_SA INFO: [Java_com_chinatelecom_smarthome_viewer_business_impl_NativeClient_writeLogToFile:118]I/CloudBase: initPaasToken expireSeconds:86399
05-11 11:02:29(12970367425043254828) PID_SA INFO: [Java_com_chinatelecom_smarthome_viewer_business_impl_NativeClient_writeLogToFile:118]I/ZJUtil: getCountryID: IN
05-11 11:02:29(14298) PID_SA INFO: [Java_com_chinatelecom_smarthome_viewer_business_impl_NativeClient_writeLogToFile:118]I/BaseActivity: onResume==mIsShowAd:false//activity is CloudBuyActivity
05-11 11:02:29(20116) PID_SA INFO: [Java_com_chinatelecom_smarthome_viewer_business_impl_NativeClient_writeLogToFile:118]I/ZJUtil: getCountryID: IN
05-11 11:02:29(20102) BHAVR_TASK INFO: [BHavr_ProcRecvMsg:30]BHavior Add new opt BussID 800 bussinf {"OptID":"Pstart","PageName":"P100","Url":"https://exwebsvr.smartcloudcon.com/careProcloud/#/packages-new","SessionID":"e8bb26e3-b230-43cc-9d8f-410b6977eeed28782740","EventTime":"1778477549092","Country":"IN","CompanyID":"0000213ed0cdb8bc","AppID":"1593592778513070","DeviceLanguage":"2","DeviceBrand":"realme","AppVersion":"2.9.28"}
05-11 11:02:29(12970367425043249114) PID_SA INFO: [Java_com_chinatelecom_smarthome_viewer_business_impl_NativeClient_writeLogToFile:118]BaseActivity: onSaveInstanceState==mIsShowAd:false//activity is CareMainActivity
05-11 11:02:29(20697) PID_SA INFO: [Java_com_chinatelecom_smarthome_viewer_business_impl_NativeClient_writeLogToFile:118]I/CurlLogger: response:{"code":"1000","data":{"ext":{"buyed":"1","noThirdAd":0,"reg":"2024-04-09 16:36:37","useCache":0},"list":[]},"desc":"Success"}
05-11 11:02:29(20697) PID_SA INFO: [Java_com_chinatelecom_smarthome_viewer_business_impl_NativeClient_writeLogToFile:118]AdList: AdvertisingResp(code=1000, data=DataBean(list=[]), desc=Success)
05-11 11:02:29(20093) BHAVR_TASK INFO: [BHavr_ProcUploadOptRsp:50]Ogct 61 recv rsp code 0
05-11 11:02:30(545460860890) PID_SA INFO: [Java_com_chinatelecom_smarthome_viewer_business_impl_NativeClient_writeLogToFile:118]I/BasicActivity: onKeyDown BasicActivity className:com.huiyun.care.viewer.cloud.CloudBuyActivity
05-11 11:02:30(14298) PID_SA INFO: [Java_com_chinatelecom_smarthome_viewer_business_impl_NativeClient_writeLogToFile:118]BaseActivity: onPause==//activity is CloudBuyActivity
05-11 11:02:30(14298) PID_SA INFO: [Java_com_chinatelecom_smarthome_viewer_business_impl_NativeClient_writeLogToFile:118]BaseActivity: onPause==mIsShowAd:false//activity is CloudBuyActivity
05-11 11:02:30(20062) PID_SA INFO: [Java_com_chinatelecom_smarthome_viewer_business_impl_NativeClient_writeLogToFile:118]I/ZJUtil: getCountryID: IN
05-11 11:02:30(8299567521158150106) PID_SA INFO: [Java_com_chinatelecom_smarthome_viewer_business_impl_NativeClient_writeLogToFile:118]BaseActivity: onRestart==mIsShowAd:false//activity is CareMainActivity
05-11 11:02:30(12970367425043249114) PID_SA INFO: [Java_com_chinatelecom_smarthome_viewer_business_impl_NativeClient_writeLogToFile:118]I/BaseActivity: onResume==mIsShowAd:false//activity is CareMainActivity
05-11 11:02:30(14298) PID_SA INFO: [Java_com_chinatelecom_smarthome_viewer_business_impl_NativeUser_getOwnerVCardInfo:354]uiMarried:0,  uiSex:0, aucMobile:, aucEmail:, aucAddress:,aucBirthday:, aucCity:, aucCountry:GB,aucVMid:, aucNickName:, aucProvice:,aucPhotoProfile:,aucRegPeriod:,
05-11 11:02:30(493921259142) BHAVR_TASK INFO: [BHavr_ProcRecvMsg:30]BHavior Add new opt BussID 800 bussinf {"OptID":"Pend","PageName":"P100","Url":"https://exwebsvr.smartcloudcon.com/careProcloud/#/packages-new","SessionID":"e8bb26e3-b230-43cc-9d8f-410b6977eeed28782740","EventTime":"1778477550143","Country":"IN","CompanyID":"0000213ed0cdb8bc","AppID":"1593592778513070","DeviceLanguage":"2","DeviceBrand":"realme","AppVersion":"2.9.28"}
05-11 11:02:30(12970367425043254929) PID_SA INFO: [Java_com_chinatelecom_smarthome_viewer_business_impl_NativeClient_writeLogToFile:118]I/ZJUtil: getCountryID: IN
05-11 11:02:30(502511187930) PID_SA INFO: [Java_com_chinatelecom_smarthome_viewer_business_impl_NativeClient_writeLogToFile:118]I/DeviceList: dispatchAction:RequestMarketAd
05-11 11:02:30(14298) PID_SA INFO: [Java_com_chinatelecom_smarthome_viewer_business_impl_NativeClient_writeLogToFile:118]AdList: AdvertisingRequst(id=, adcode=Android_en_sale_window, width=1080, height=2400, appver=2.9.28, appid=1593592778513070, companyid=0000213ed0cdb8bc, countryCode=GB, platform=2, lang=2, uid=1600010140c3ad11)
05-11 11:02:30(14298) ZJ_TASK INFO: [ZJ_UsrGetDevPackages:2678]ogct 62 get owner charge package iRet 0
05-11 11:02:30(20062) PID_SA INFO: [Java_com_chinatelecom_smarthome_viewer_business_impl_NativeClient_writeLogToFile:118]I/ZJUtil: getCountryID: IN
05-11 11:02:30(545460860890) PID_SA INFO: [Java_com_chinatelecom_smarthome_viewer_business_impl_NativeClient_writeLogToFile:118]I/DeviceBean: getDeviceName:GateCameras
05-11 11:02:30(545460860890) PID_SA INFO: [Java_com_chinatelecom_smarthome_viewer_business_impl_NativeClient_writeLogToFile:118]I/DeviceBean: getDeviceName:GateCameras
05-11 11:02:30(493921259133) PID_SA INFO: [FUN_USERCHARGEPACKAGE_CB:2667]FUN_USERCHARGEPACKAGE_CB reqId:62, error:0
05-11 11:02:30(493921259133) PID_SA INFO: [FUN_USERCHARGEPACKAGE_CB:2669]list size: 0
05-11 11:02:30(20093) ZJ_TASK INFO: [ZJ_ProcUsrGetDevPackages:2660]ogct 62 recv rsp code 0
05-11 11:02:30(14298) PID_SA INFO: [Java_com_chinatelecom_smarthome_viewer_business_impl_NativeClient_writeLogToFile:118]I/queryDeviceChargePackages: deviceID = 12000103c0537c93 poids =   requestCount = 1
05-11 11:02:30(20102) BHAVR_TASK INFO: [BHavr_ProcRecvMsg:30]BHavior Add new opt BussID 800 bussinf {"OptID":"Pstart","PageName":"P2","SessionID":"e8bb26e3-b230-43cc-9d8f-410b6977eeed28782740","EventTime":"1778477550181","Country":"IN","CompanyID":"0000213ed0cdb8bc","AppID":"1593592778513070","DeviceLanguage":"2","DeviceBrand":"realme","AppVersion":"2.9.28"}
05-11 11:02:30(545460860890) PID_SA INFO: [Java_com_chinatelecom_smarthome_viewer_business_impl_NativeClient_writeLogToFile:118]BaseActivity: onDestroy==mIsShowAd:false//activity is CloudBuyActivity
05-11 11:02:30(42949687258) PID_SA INFO: [Java_com_chinatelecom_smarthome_viewer_business_impl_NativeClient_writeLogToFile:118]I/HmAdManager: getCachedAdListData from memory, size=4
05-11 11:02:30(14298) PID_SA INFO: [Java_com_chinatelecom_smarthome_viewer_business_impl_NativeClient_writeLogToFile:118]I/HmAdManager: getAdDataByStrategy: adPositionKey=pro_Android_en_jili lastCountDate:2026-05-11,now:1778477550550,today:2026-05-11,displayMaxTimes:0
05-11 11:02:30(14298) PID_SA INFO: [Java_com_chinatelecom_smarthome_viewer_business_impl_NativeClient_writeLogToFile:118]I/HmAdManager: currentAdType: 4
05-11 11:02:30(42949687258) PID_SA INFO: [Java_com_chinatelecom_smarthome_viewer_business_impl_NativeClient_writeLogToFile:118]I/HmAdManager: getCachedAdListData from memory, size=4
05-11 11:02:30(493921253338) PID_SA INFO: [Java_com_chinatelecom_smarthome_viewer_business_impl_NativeClient_writeLogToFile:118]I/HmAdManager: getAdDataByStrategy: adPositionKey=pro_Android_en_Fuli_Interstitial not found
05-11 11:02:30(20672) PID_SA INFO: [Java_com_chinatelecom_smarthome_viewer_business_impl_NativeClient_writeLogToFile:118]I/CurlLogger: response:{"code":"1000","data":{"ext":{"buyed":"1","noThirdAd":0,"reg":"2024-04-09 16:36:37","useCache":0},"list":[]},"desc":"Success"}
05-11 11:02:30(20672) PID_SA INFO: [Java_com_chinatelecom_smarthome_viewer_business_impl_NativeClient_writeLogToFile:118]AdList: AdvertisingResp(code=1000, data=DataBean(list=[]), desc=Success)
05-11 11:02:31(12970367425043254878) PID_SA INFO: [Java_com_chinatelecom_smarthome_viewer_business_impl_NativeClient_writeLogToFile:118]I/ZJUtil: getCountryID: IN
05-11 11:02:31(14298) PID_SA INFO: [Java_com_chinatelecom_smarthome_viewer_business_impl_NativeClient_writeLogToFile:118]BaseActivity: onPause==//activity is CareMainActivity
05-11 11:02:31(14298) PID_SA INFO: [Java_com_chinatelecom_smarthome_viewer_business_impl_NativeClient_writeLogToFile:118]BaseActivity: onPause==mIsShowAd:false//activity is CareMainActivity
05-11 11:02:31(20012) PID_SA INFO: [Java_com_chinatelecom_smarthome_viewer_business_impl_NativeClient_writeLogToFile:118]I/ZJUtil: getCountryID: IN
05-11 11:02:31(20102) BHAVR_TASK INFO: [BHavr_ProcRecvMsg:30]BHavior Add new opt BussID 800 bussinf {"OptID":"Pend","PageName":"P2","SessionID":"e8bb26e3-b230-43cc-9d8f-410b6977eeed28782740","EventTime":"1778477551173","Country":"IN","CompanyID":"0000213ed0cdb8bc","AppID":"1593592778513070","DeviceLanguage":"2","DeviceBrand":"realme","AppVersion":"2.9.28"}
05-11 11:02:31(14298) PID_SA INFO: [Java_com_chinatelecom_smarthome_viewer_business_impl_NativeMedia_setStreamCnt:915]zj set stream cnt 1
05-11 11:02:31(493921253338) PID_SA INFO: [Java_com_chinatelecom_smarthome_viewer_business_impl_NativeDevice_getPeerAppSetting:2945]get peer appsetting deviceId: 12000103c0537c93
05-11 11:02:31(545460860890) PID_SA INFO: [Java_com_chinatelecom_smarthome_viewer_business_impl_NativeDevice_getPeerAppSetting:2974]get peer appsetting result: [1] [1296] [2304] [0] [43200] [1]
05-11 11:02:31(14298) PID_SA INFO: [Java_com_chinatelecom_smarthome_viewer_business_impl_NativeClient_writeLogToFile:118]I/DeviceBean: getDeviceName:GateCameras
05-11 11:02:31(493921253338) PID_SA INFO: [Java_com_chinatelecom_smarthome_viewer_business_impl_NativeClient_writeLogToFile:118]LiveVideoActivity: showLandPtztruesupportRd:false,supportIRLed:true,supportWhiteLamp:true,supportAttachPTZ:false,supportPtz:true,fishEyeCamerafalse
05-11 11:02:31(12970367425043249114) PID_SA INFO: [Java_com_chinatelecom_smarthome_viewer_business_impl_NativeClient_writeLogToFile:118]E/LiveVideoActivity: ptzAbility :3
05-11 11:02:31(545460860890) PID_SA INFO: [Java_com_chinatelecom_smarthome_viewer_business_impl_NativeDevice_getPeerAppSetting:2945]get peer appsetting deviceId: 12000103c0537c93
05-11 11:02:31(545460860890) PID_SA INFO: [Java_com_chinatelecom_smarthome_viewer_business_impl_NativeDevice_getPeerAppSetting:2974]get peer appsetting result: [1] [1296] [2304] [0] [43200] [1]
05-11 11:02:31(14298) PID_SA INFO: [Java_com_chinatelecom_smarthome_viewer_business_impl_NativeDevice_getPeerAppSetting:2945]get peer appsetting deviceId: 12000103c0537c93
05-11 11:02:31(545460860890) PID_SA INFO: [Java_com_chinatelecom_smarthome_viewer_business_impl_NativeDevice_getPeerAppSetting:2974]get peer appsetting result: [1] [1296] [2304] [0] [43200] [1]
05-11 11:02:31(14298) PID_SA INFO: [Java_com_chinatelecom_smarthome_viewer_business_impl_NativeClient_writeLogToFile:118]MediaRenderViewImpl: getVideoEncType videoEncType:H264
05-11 11:02:31(12970367420748281818) PID_SA INFO: [Java_com_chinatelecom_smarthome_viewer_business_impl_NativeClient_writeLogToFile:118]MediaRenderViewImpl:  initRenderView   videoEncType = H264  vrMode = None   glSurfaceView = null
05-11 11:02:31(12970367425043249114) PID_SA INFO: [Java_com_chinatelecom_smarthome_viewer_business_impl_NativeClient_writeLogToFile:118]I/MediaRenderViewImpl: set camId deviceId:12000103c0537c93  camId:0
05-11 11:02:31(14298) PID_SA INFO: [Java_com_chinatelecom_smarthome_viewer_business_impl_NativeDevice_getPeerAppSetting:2945]get peer appsetting deviceId: 12000103c0537c93
05-11 11:02:31(545460860890) PID_SA INFO: [Java_com_chinatelecom_smarthome_viewer_business_impl_NativeDevice_getPeerAppSetting:2974]get peer appsetting result: [1] [1296] [2304] [0] [43200] [1]
05-11 11:02:31(14298) PID_SA INFO: [Java_com_chinatelecom_smarthome_viewer_business_impl_NativeClient_writeLogToFile:118]I/LowPowerHeart: deviceState = 5
05-11 11:02:31(14298) PID_SA INFO: [Java_com_chinatelecom_smarthome_viewer_business_impl_NativeClient_writeLogToFile:118]I/LowPowerHeart: 11lowPowerConsumption  startDeviceHeart duration:0//interval:5000//dId:12000103c0537c93
05-11 11:02:31(12970367420748281818) CMD_TASK INFO: [Cmd_GetPeerCurNetInfo:990]reqid 63 send GetPeerCurNetInfo msg {"METHOD":"3472","SEQID":"63","FROM":{"UserToken":"1600010140c3ad111p3g5jmo63upuvo5"},"TO":{"DID":"12000103c0537c93"}} to peer 12000103c0537c93, iret 0
05-11 11:02:31(545460860890) PID_SA INFO: [Java_com_chinatelecom_smarthome_viewer_business_impl_NativeCommand_getCurNetworkInfo:476]HM_GetNetworkInfoEx ret = 0 puiReqId = 63
05-11 11:02:31(545460860890) PID_CBST_AUDIOCTL INFO: [Cbst_AudioCtl_Init:21]Init
05-11 11:02:31(545460860890) PID_CBST_AUDIOCTL INFO: [Cbst_AudioCtl_Init:50]CBST_AUDIOCTL Init OK 0x71d5e458
05-11 11:02:31(498216220634) TRAS_TASK INFO: [TrasStreamChannel_Create:368]Create channel[1] [0xb4000070f2cdc840] stream[0xb400007331bbd680] media 1 stream type 1
05-11 11:02:31(12970367407863379930) MD_TASK INFO: [Md_CreatAliveStreamEx:389]chanid 1 playid 64 creat AliveEx peerid 12000103c0537c93 ch[-1] cam [0 0] audioflag 1 BussType 1
05-11 11:02:31(14298) PID_SA INFO: [Java_com_chinatelecom_smarthome_viewer_business_impl_NativeClient_writeLogToFile:118]MediaRenderViewImpl:  initRenderView   videoEncType = H264  vrMode = None   glSurfaceView = android.opengl.GLSurfaceView{8a037c3 V.E...... ......I. 0,0-0,0 alpha=1.0 viewInfo = }
05-11 11:02:31(14298) PID_SA INFO: [Java_com_chinatelecom_smarthome_viewer_business_impl_NativeClient_writeLogToFile:118]MediaRenderViewImpl: startRealTimeStream: mStreamId: 64
05-11 11:02:31(493921253338) PID_SA INFO: [Java_com_chinatelecom_smarthome_viewer_business_impl_NativeClient_writeLogToFile:118]LiveVideoActivity: onCreate  isClickNotify = false
05-11 11:02:31(545460860890) PID_SA INFO: [Java_com_chinatelecom_smarthome_viewer_business_impl_NativeClient_writeLogToFile:118]I/HmAdManager: posCode:live_interstitial,activity:LiveVideoActivity
05-11 11:02:31(42949687258) PID_SA INFO: [Java_com_chinatelecom_smarthome_viewer_business_impl_NativeClient_writeLogToFile:118]I/HmAdManager: getCachedAdListData from memory, size=4
05-11 11:02:31(493921253338) PID_SA INFO: [Java_com_chinatelecom_smarthome_viewer_business_impl_NativeClient_writeLogToFile:118]I/HmAdManager: getAdDataByStrategy: adPositionKey=pro_Android_en_Live_Interstitial not found
05-11 11:02:31(14298) PID_SA INFO: [Java_com_chinatelecom_smarthome_viewer_business_impl_NativeClient_writeLogToFile:118]I/HmAdManager: loadInterstitialAd posCode:live_interstitial,adModel:ImageTitleBean{imageUrl='null', title='null', imageId=0, clickUrl='null', adsource='null', adsourcecode='null', skip=0, skip_type=0, click=0, show_time_length=5, adcode='', isDowload=false, jumpType='null', adtype=0, req_ad_timeout=0, strategy_type=-1, rule_conf=null, after_click_action=null, rule_update_times=0, showPrice='null', price='null', unit='null', currency_symbol='null', adId='null', page_name='null'}
05-11 11:02:31(545460860890) PID_SA INFO: [Java_com_chinatelecom_smarthome_viewer_business_impl_NativeUser_GetDomainAddr:1672]HM_GetDomainAddr ret = 0,  aucSvrDomain:, aucWebDomain:, aucLogDomain:, aucAlexaDomain:
05-11 11:02:31(14298) PID_SA INFO: [Java_com_chinatelecom_smarthome_viewer_business_impl_NativeClient_writeLogToFile:118]I/HmHostConfig: hostInfo:{svrHost:,webHost:,logHost:,alexaHost:}
05-11 11:02:31(14298) PID_SA INFO: [Java_com_chinatelecom_smarthome_viewer_business_impl_NativeClient_writeLogToFile:118]LiveVideoActivity: onStart
05-11 11:02:31(493921253338) PID_SA INFO: [Java_com_chinatelecom_smarthome_viewer_business_impl_NativeDevice_getPeerAppSetting:2945]get peer appsetting deviceId: 12000103c0537c93
05-11 11:02:31(545460860890) PID_SA INFO: [Java_com_chinatelecom_smarthome_viewer_business_impl_NativeDevice_getPeerAppSetting:2974]get peer appsetting result: [1] [1296] [2304] [0] [43200] [1]
05-11 11:02:31(12970367425043249114) PID_SA INFO: [Java_com_chinatelecom_smarthome_viewer_business_impl_NativeDevice_getPeerAppSetting:2945]get peer appsetting deviceId: 12000103c0537c93
05-11 11:02:31(545460860890) PID_SA INFO: [Java_com_chinatelecom_smarthome_viewer_business_impl_NativeDevice_getPeerAppSetting:2974]get peer appsetting result: [1] [1296] [2304] [0] [43200] [1]
05-11 11:02:31(14298) PID_SA INFO: [Java_com_chinatelecom_smarthome_viewer_business_impl_NativeClient_writeLogToFile:118]PresetManager: end  presetList = [PresetBean{presetId=1762176769, name='right', picId='20251103213252100119c0537c937006'}, PresetBean{presetId=1762325434, name='good1', picId='20251105145036100119c0537c932912'}, PresetBean{presetId=1764592558, name='g2', picId='20251201203600100119c0537c933264'}]   daoList = []
05-11 11:02:31(14298) PID_SA INFO: [Java_com_chinatelecom_smarthome_viewer_business_impl_NativeClient_writeLogToFile:118]I/BaseActivity: onResume==mIsShowAd:false//activity is LiveVideoActivity
05-11 11:02:31(20116) PID_SA INFO: [Java_com_chinatelecom_smarthome_viewer_business_impl_NativeClient_writeLogToFile:118]I/ZJUtil: getCountryID: IN
05-11 11:02:31(14298) PID_SA INFO: [Java_com_chinatelecom_smarthome_viewer_business_impl_NativeClient_writeLogToFile:118]LiveVideoActivity: onResume
05-11 11:02:31(14298) PID_SA INFO: [Java_com_chinatelecom_smarthome_viewer_business_impl_NativeClient_writeLogToFile:118]AdList: AdvertisingRequst(id=, adcode=Android_en_sale_window_realtime, width=1080, height=2400, appver=2.9.28, appid=1593592778513070, companyid=0000213ed0cdb8bc, countryCode=GB, platform=2, lang=2, uid=1600010140c3ad11)
05-11 11:02:31(14298) PID_SA INFO: [Java_com_chinatelecom_smarthome_viewer_business_impl_NativeDevice_getPeerAppSetting:2945]get peer appsetting deviceId: 12000103c0537c93
05-11 11:02:31(545460860890) PID_SA INFO: [Java_com_chinatelecom_smarthome_viewer_business_impl_NativeDevice_getPeerAppSetting:2974]get peer appsetting result: [1] [1296] [2304] [0] [43200] [1]
05-11 11:02:31(12970367425043254932) PID_SA INFO: [Java_com_chinatelecom_smarthome_viewer_business_impl_NativeClient_writeLogToFile:118]I/ZJUtil: getCountryID: IN
05-11 11:02:31(8764904125050670719) MD_CACHE INFO: [Md_VideoPlayCreatWriteHandle:105]creat video write handle 0xb4000074b655e300 usrid 16 w 1920 h 1080
05-11 11:02:31(12970367425043254911) MD_CACHE INFO: [Md_RgnPlayCreatWriteHandle:35]creat region write handle 0xb4000074b6575300 peerid 12000103c0537c93 chanid 16
05-11 11:02:31(20095) MD_CACHE INFO: [Md_AudioPlayCreatWriteHandle:167]creat audio write handle 0xb4000074b6594a40 usrid 1 
05-11 11:02:31(20095) MD_CACHE INFO: [Md_VideoPlayCreatReadHandle:299]creat video read handle 0xb40000733f1c76c0 uiUsrId 16
05-11 11:02:31(20095) MD_CACHE INFO: [Md_RgnPlayCreatReadHandle:123]region creat read handle 0xb4000074b6415c20 peerid 12000103c0537c93 chanid 16
05-11 11:02:31(20095) MD_CACHE INFO: [Md_AudioPlayCreatReadHandle:343]creat read handle 0xb40000733f1c7740 usrid 1 
05-11 11:02:31(493921259135) MD_TASK INFO: [Md_ProcCreatRspOperation:2204]playid 64 peer 12000103c0537c93  sessionid 1 creat video 0xb40000733f1c76c0 audio 0xb40000733f1c7740 jsuttime 0
05-11 11:02:31(20095) PID_SA INFO: [FUN_MEDIA_STATE:1258]FUN_MEDIA_STATE hPlayHandle:64, uiOption:1, uiCode:0
05-11 11:02:31(20095) PID_SA INFO: [Java_com_chinatelecom_smarthome_viewer_business_impl_NativeClient_writeLogToFile:118]Internal: onMediaStreamState==mediaStreamId = 64 vodType = 1  errorCode = 0
05-11 11:02:31(20095) TRAS_TASK INFO: [TrasStreamChannel_ProcessLiveStreamRsp:1059]chanid 1 recv alive response video w:1920 h:1080 type 2 audio type 4 sample 8000 write handle[0xb4000074b655e300]
05-11 11:02:31(481036357961) PID_SA INFO: [Java_com_chinatelecom_smarthome_viewer_business_impl_NativeClient_writeLogToFile:118]onSurfaceChanged: SurfaceWidth = 1080 SurfaceHeight = 606 videoWidth = 0 videoHeight = 0
05-11 11:02:31(502511193734) BHAVR_TASK INFO: [BHavr_ProcRecvMsg:30]BHavior Add new opt BussID 800 bussinf {"OptID":"Pstart","PageName":"P19","SessionID":"e8bb26e3-b230-43cc-9d8f-410b6977eeed28782740","EventTime":"1778477551447","Country":"IN","CompanyID":"0000213ed0cdb8bc","AppID":"1593592778513070","DeviceLanguage":"2","DeviceBrand":"realme","AppVersion":"2.9.28"}
05-11 11:02:31(20095) MD_CACHE INFO: [Md_AudioPlaySetFrameInfo:222] handle 0xb4000074b6594a40 usrid 1 first write data uiTimeStamp 27857918
05-11 11:02:31(498216226425) CMD_TASK INFO: [Cmd_ProcRecvNetMsg:5735]reqid 63 recv rsp content {"CODE":"0","METHOD":"3473","SEQID":"63","FROM":{"DID":"12000103c0537c93"},"TO":{"UserToken":"1600010140c3ad111p3g5jmo63upuvo5"},"BODY":{"NetType":"2","Signal":"100","IPAddr":"192.168.1.192","MacAddr":"F0:A8:82:ED:40:9D","SSID":"ASUS_30_2G"}}
05-11 11:02:31(4051612666597232249) PID_SA INFO: [FUN_DEVICE_RSP_GET_NETWORK_INFO:2431]FUN_DEVICE_RSP_GET_NETWORK_INFO reqId:63, err:0, netType:2, signalType:0, sigStrength:100, ip:192.168.1.192, ssid:ASUS_30_2G
05-11 11:02:31(545460860890) PID_SA INFO: [Java_com_chinatelecom_smarthome_viewer_business_impl_NativeClient_writeLogToFile:118]MediaRenderViewImpl: getVideoEncType videoEncType:H264
05-11 11:02:31(545460860890) PID_SA INFO: [Java_com_chinatelecom_smarthome_viewer_business_impl_NativeMedia_getStreamDesc:426]GetVideoDescribe width:1920, height:1080, encType:2, smartEnc:0, quality:0, bitrate:0, frameRate:17, frameInterval:0
05-11 11:02:31(545460860890) PID_SA INFO: [Java_com_chinatelecom_smarthome_viewer_business_impl_NativeMedia_getStreamDesc:454]GetAudioDescribe encType:4, sampleRate:8000, channel:1, depth:16
05-11 11:02:31(12970367420748281818) PID_SA INFO: [Java_com_chinatelecom_smarthome_viewer_business_impl_NativeClient_writeLogToFile:118]ZJViewerStreamImpl: getStreamDesc streamId = 64 camId = 0
05-11 11:02:31(14298) PID_SA INFO: [Java_com_chinatelecom_smarthome_viewer_business_impl_NativeMedia_initVideoDecoder:1483]enter function(video_type:2)
05-11 11:02:31(545460860890) PID_CBST INFO: [Cbst_Dec_VDecoderAlloc:112]VD task[0xb400007331b9eb60] create ok, uiVideoType[10100]
05-11 11:02:31(12970367425043249114) PID_SA INFO: [Java_com_chinatelecom_smarthome_viewer_business_impl_NativeMedia_initVideoDecoder:1492]return function, handle:12970367421582535520
05-11 11:02:31(12970367425043249114) PID_SA INFO: [Java_com_chinatelecom_smarthome_viewer_business_impl_NativeMedia_initAudioDecoder:1499]enter function(audio_type:4, sampleRate:8000, channel:1, depth:16)
05-11 11:02:31(545460860890) PID_CBST INFO: [Cbst_Dec_ADecoderAlloc:528]AD task[0xb400007331b9ece0] create ok, uiAudioType[40202]
05-11 11:02:31(12970367425043249114) PID_SA INFO: [Java_com_chinatelecom_smarthome_viewer_business_impl_NativeMedia_initAudioDecoder:1528]return function, handle:12970367421582535904
05-11 11:02:31(17179883482) PID_SA INFO: [Java_com_chinatelecom_smarthome_viewer_business_impl_NativeClient_writeLogToFile:118]I/playback***-test: MediaRenderViewImplIMediaStreamStateCallback vodType = CREATE streamType = 0//currenStreamID:64//streamID:64//isRevStream:false
05-11 11:02:31(481036357961) PID_SA INFFILTER: [Java_com_chinatelecom_smarthome_viewer_business_impl_NativeMedia_getVideoDecodedFrame:504]enter function(mediaStreamId:64,decoderHandle:12970367421582535520)
05-11 11:02:31(481036357961) PID_SA ERRFILTER: [Java_com_chinatelecom_smarthome_viewer_business_impl_NativeMedia_getVideoDecodedFrame:516]HM_GetVideoFrame error
05-11 11:02:31(14298) PID_SA INFO: [Java_com_chinatelecom_smarthome_viewer_business_impl_NativeClient_writeLogToFile:118]LiveVideoActivity11: networkBean = NetworkBean{netType=2, signalType=0, signalStrength=100, ipAddress='192.168.1.192', macAddress='F0:A8:82:ED:40:9D', wifiSSID='ASUS_30_2G', simCard='', netMask='', gateWay=''}
05-11 11:02:31(20665) PID_SA INFO: [Java_com_chinatelecom_smarthome_viewer_business_impl_NativeClient_writeLogToFile:118]I/CurlLogger: response:{"code":"1000","data":{"ext":{"buyed":"1","noThirdAd":0,"reg":"2024-04-09 16:36:37","useCache":0},"list":[]},"desc":"Success"}
05-11 11:02:31(20665) PID_SA INFO: [Java_com_chinatelecom_smarthome_viewer_business_impl_NativeClient_writeLogToFile:118]AdList: AdvertisingResp(code=1000, data=DataBean(list=[]), desc=Success)
05-11 11:02:31(20095) MD_CACHE INFO: [Md_VideoPlaySetFrameInfo:210]ChanId[16] recv first video frame ts[27857971] len[101852] tickcnt[53041078]
05-11 11:02:31(481036357961) MD_CACHE INFO: [Md_VideoPlayReadFrame:387]read handle 0xb40000733f1c76c0 first read frame tickcnt 53041102
05-11 11:02:31(3472332908214112585) PID_CBST INFO: [Cbst_Dec_CreateVideoDec:133]VD task[0xb400007331b9eb60] create hVDHandle[0xb4000074b644b800] ok, uiVideoType[10100], uiStreamPixFmt[0]
05-11 11:02:31(4294988105) PID_SA INFFILTER: [Java_com_chinatelecom_smarthome_viewer_business_impl_NativeMedia_getVideoDecodedFrame:529]Cbst_Dec_DecodeVideoFrameEx call,picture_w:1920,picture_h:1080
05-11 11:02:31(20809) PID_SA INFFILTER: [Java_com_chinatelecom_smarthome_viewer_business_impl_NativeMedia_getVideoDecodedFrame:593]return function(puiTimeStamp:27857971)
05-11 11:02:31(481036357961) PID_SA INFO: [Java_com_chinatelecom_smarthome_viewer_business_impl_NativeClient_writeLogToFile:118]onSurfaceChanged: SurfaceWidth = 1080 SurfaceHeight = 606 videoWidth = 1920 videoHeight = 1080
05-11 11:02:31(493921259849) PID_SA INFO: [Java_com_chinatelecom_smarthome_viewer_business_impl_NativeClient_writeLogToFile:118]onSurfaceChanged: FIT_CENTER orientation = 1 display_w = 1077   display_h = 606 play_pos_x = 1 play_pos_y = 0
05-11 11:02:31(12970367425043254932) PID_SA INFO: [Java_com_chinatelecom_smarthome_viewer_business_impl_NativeClient_writeLogToFile:118]I/ZJUtil: getCountryID: IN
05-11 11:02:31(14298) PID_SA INFO: [Java_com_chinatelecom_smarthome_viewer_business_impl_NativeClient_writeLogToFile:118]AudioDevice: init audio record state = AudioRecord.STATE_INITIALIZED
05-11 11:02:31(545460860890) PID_SA INFO: [Java_com_chinatelecom_smarthome_viewer_business_impl_NativeClient_writeLogToFile:118]AudioDevice: createTracker getMinBufferSize: 696
05-11 11:02:31(12970367425043249114) PID_SA INFO: [Java_com_chinatelecom_smarthome_viewer_business_impl_NativeMedia_setPushAudioParam:830]ZJ_SetPushAudioParam channel = 1, depth = 16 sampleRate = 8000 audioType = 4
05-11 11:02:31(12970367425043249114) PID_CBST_AUDIOCTL INFO: [Cbst_AudioCtl_Start:92]Start
05-11 11:02:31(14298) PID_CBST_AUDIOCTL INFO: [Cbst_AudioCtl_PlayStart:27]CBST_AUDIOCTL Play Start  
05-11 11:02:31(14298) PID_CBST_AUDIOCTL INFO: [Cbst_AudioCtl_PlayStart:56]CBST_AUDIOCTL Play Start OK AEC:0xb4000074a80a1e80 pBuf:0xb400007384aea800
05-11 11:02:31(20825) cos INFO: [Cos_ThreadProc:174]thread[Cbst_AudioCtl_PlayTask]:0x31b9e2c0 , threadid:20825 start ok
05-11 11:02:31(20826) cos INFO: [Cos_ThreadProc:174]thread[Cbst_AudioCtl_CapTask]:0x31b9e320 , threadid:20826 start ok
05-11 11:02:31(20826) PID_CBST_AUDIOCTL INFO: [Cbst_AudioCtl_CapTask:118]CBST_AUDIOCTL Cap Start OK AEC:0xb4000074a80a1e80 NS:0x0 [0xb4000074a80a5a80:0xb4000074a80a6020]
05-11 11:02:31(502511187930) PID_CBST_AUDIOCTL INFO: [Cbst_AudioCtl_Start:154]CBST_AUDIOCTL Start OK 0x71d5e458 AEC:0xb4000074a80a1e80 NS:0x0 VAD:0xb400007384d34600
05-11 11:02:31(481036357979) MD_CACHE INFO: [Md_AudioPlayReadFrame:423] handle 0xb4000074b6594a40 usrid 1 first read data
05-11 11:02:31(20144) PID_SA INFO: [Java_com_chinatelecom_smarthome_viewer_business_impl_NativeClient_writeLogToFile:118]GLRenderer555551: yuv_w = 1920  yuv_h = 1080
05-11 11:02:31(481036357977) PID_CBST_AUDIOCTL INFO: [Cbst_AudioCtl_PlayTask:81]Task Start
05-11 11:02:31(20144) PID_SA INFO: [Java_com_chinatelecom_smarthome_viewer_business_impl_NativeDevice_getPeerAppSetting:2945]get peer appsetting deviceId: 12000103c0537c93
05-11 11:02:31(493921259184) PID_SA INFO: [Java_com_chinatelecom_smarthome_viewer_business_impl_NativeDevice_getPeerAppSetting:2974]get peer appsetting result: [1] [1296] [2304] [0] [43200] [1]
05-11 11:02:31(12970367425043249114) PID_SA INFO: [Java_com_chinatelecom_smarthome_viewer_business_impl_NativeClient_writeLogToFile:118]BaseActivity: onSaveInstanceState==mIsShowAd:false//activity is CareMainActivity
05-11 11:02:32(20658) PID_SA INFO: [Java_com_chinatelecom_smarthome_viewer_business_impl_NativeClient_writeLogToFile:118]I/CurlLogger: response:{"code":"1000","data":{"ext":{"buyed":"1","noThirdAd":0,"reg":"2024-04-09 16:36:37","useCache":1},"list":[{"ad_id":"H00385","ad_space_height":"","ad_space_size":1,"ad_space_width":"","adcode":"pro_Android_en_live_mid_bar","adsource":"zzy","adsourcecode":"","adtype":5,"after_click_action":"{\"body\": {\"pkg_id\": \"\", \"group_id\": \"\", \"group_code\": \"\", \"is_user_no_pay\": \"\"}, \"type\": 1}","click":1,"click_url":"","id":"385","imglist":[{"height":96,"img_url":"https://hmstatic-1311597033.cos.ap-nanjing.myqcloud.com/media/ads/1731566894454115736/english_proc.jpg","jumpType":"0","jump_url":"","lang":1,"resolution":"272x96","width":272},{"height":96,"img_url":"https://hmstatic-1311597033.cos.ap-nanjing.myqcloud.com/media/ads/1727147886093655511/3-2.png","jumpType":"0","jump_url":"https://exwebsvr.smartcloudcon.com/careProcloud/#/photo","lang":1,"resolution":"272x96","width":272},{"height":96,"img_url":"https://hmstatic-1311597033.cos.ap-nanjing.myqcloud.com/media/ads/1737618186234639783/shishis
05-11 11:02:32(2463506628675129522) PID_SA INFO: [Java_com_chinatelecom_smarthome_viewer_business_impl_NativeClient_writeLogToFile:118]I/CurlLogger: hiping_dff4b937-0ac0-4284-9ce9-af185e3bad4c.png","jumpType":"0","jump_url":"https://exwebsvr.smartcloudcon.com/careProcloud/#/intelligentAlarm","lang":1,"resolution":"272x96","width":272}],"name":"实时视频推荐位","no_display_ad_people":0,"no_display_user_reg_days":0,"page_name":"","rate_times":"0-23","rate_week":"1,2,3,4,5,6,7","reg_gt_date":"","req_ad_timeout":5,"rule_conf":"{\"pop_type\": 1, \"pop_value\": \"\"}","rule_update_times":2605110,"show_time_end":"","show_time_length":5,"show_time_start":"2025-12-22","show_time_type":1,"skip":1,"skip_type":0,"strategy_type":0}]},"desc":"Success"}
05-11 11:02:32(14298) PID_SA INFO: [Java_com_chinatelecom_smarthome_viewer_business_impl_NativeClient_writeLogToFile:118]I/AdResourcesViewModel: requestGoodInfo:{"code":1000,"data":{"list":[{"id":"385","ad_id":"H00385","adcode":"pro_Android_en_live_mid_bar","adsource":"zzy","adsourcecode":"","adtype":5,"after_click_action":"{\"body\": {\"pkg_id\": \"\", \"group_id\": \"\", \"group_code\": \"\", \"is_user_no_pay\": \"\"}, \"type\": 1}","click":1,"click_url":"","imglist":[{"ad_id":"","adcode":"","height":96,"img_url":"https://hmstatic-1311597033.cos.ap-nanjing.myqcloud.com/media/ads/1731566894454115736/english_proc.jpg","isDownload":false,"jumpType":"0","jump_url":"","lang":1,"resolution":"272x96","width":272,"baseObjId":0},{"ad_id":"","adcode":"","height":96,"img_url":"https://hmstatic-1311597033.cos.ap-nanjing.myqcloud.com/media/ads/1727147886093655511/3-2.png","isDownload":false,"jumpType":"0","jump_url":"https://exwebsvr.smartcloudcon.com/careProcloud/#/photo","lang":1,"resolution":"272x96","width":272,"baseObjId":0},{"ad_id":"","adcode":"","height":96,"img_url":"https://hmstatic-1311597033.cos.ap-nanjing.myqcloud.com/media/ads/1737618186234639783/s
05-11 11:02:32(3400000509283678170) PID_SA INFO: [Java_com_chinatelecom_smarthome_viewer_business_impl_NativeClient_writeLogToFile:118]I/AdResourcesViewModel: hishishiping_dff4b937-0ac0-4284-9ce9-af185e3bad4c.png","isDownload":false,"jumpType":"0","jump_url":"https://exwebsvr.smartcloudcon.com/careProcloud/#/intelligentAlarm","lang":1,"resolution":"272x96","width":272,"baseObjId":0}],"jumpType":"","name":"实时视频推荐位","page_name":"","rate_times":"0-23","rate_week":"1,2,3,4,5,6,7","req_ad_timeout":5,"rule_conf":"{\"pop_type\": 1, \"pop_value\": \"\"}","rule_update_times":2605110,"show_time_end":"","show_time_length":5,"show_time_start":"2025-12-22","show_time_type":1,"skip":1,"skip_type":0,"strategy_type":0,"baseObjId":0}]},"desc":"Success"}
05-11 11:02:32(14298) PID_SA INFO: [Java_com_chinatelecom_smarthome_viewer_business_impl_NativeClient_writeLogToFile:118]I/AdResourcesViewModel: requestGoodInfo:{"code":1000,"data":{"list":[{"id":"385","ad_id":"H00385","adcode":"pro_Android_en_live_mid_bar","adsource":"zzy","adsourcecode":"","adtype":5,"after_click_action":"{\"body\": {\"pkg_id\": \"\", \"group_id\": \"\", \"group_code\": \"\", \"is_user_no_pay\": \"\"}, \"type\": 1}","click":1,"click_url":"","imglist":[{"ad_id":"","adcode":"","height":96,"img_url":"https://hmstatic-1311597033.cos.ap-nanjing.myqcloud.com/media/ads/1731566894454115736/english_proc.jpg","isDownload":false,"jumpType":"0","jump_url":"","lang":1,"resolution":"272x96","width":272,"baseObjId":0},{"ad_id":"","adcode":"","height":96,"img_url":"https://hmstatic-1311597033.cos.ap-nanjing.myqcloud.com/media/ads/1727147886093655511/3-2.png","isDownload":false,"jumpType":"0","jump_url":"https://exwebsvr.smartcloudcon.com/careProcloud/#/photo","lang":1,"resolution":"272x96","width":272,"baseObjId":0},{"ad_id":"","adcode":"","height":96,"img_url":"https://hmstatic-1311597033.cos.ap-nanjing.myqcloud.com/media/ads/1737618186234639783/s
05-11 11:02:32(3400000509283678170) PID_SA INFO: [Java_com_chinatelecom_smarthome_viewer_business_impl_NativeClient_writeLogToFile:118]I/AdResourcesViewModel: hishishiping_dff4b937-0ac0-4284-9ce9-af185e3bad4c.png","isDownload":false,"jumpType":"0","jump_url":"https://exwebsvr.smartcloudcon.com/careProcloud/#/intelligentAlarm","lang":1,"resolution":"272x96","width":272,"baseObjId":0}],"jumpType":"","name":"实时视频推荐位","page_name":"","rate_times":"0-23","rate_week":"1,2,3,4,5,6,7","req_ad_timeout":5,"rule_conf":"{\"pop_type\": 1, \"pop_value\": \"\"}","rule_update_times":2605110,"show_time_end":"","show_time_length":5,"show_time_start":"2025-12-22","show_time_type":1,"skip":1,"skip_type":0,"strategy_type":0,"baseObjId":0}]},"desc":"Success"}
05-11 11:02:32(20660) PID_SA INFO: [Java_com_chinatelecom_smarthome_viewer_business_impl_NativeClient_writeLogToFile:118]I/CurlLogger: response:{"code":"1000","data":{"ext":{"buyed":"1","noThirdAd":0,"reg":"2024-04-09 16:36:37","useCache":0},"list":[]},"desc":"Success"}
05-11 11:02:32(20660) PID_SA INFO: [Java_com_chinatelecom_smarthome_viewer_business_impl_NativeClient_writeLogToFile:118]AdList: AdvertisingResp(code=1000, data=DataBean(list=[]), desc=Success)
05-11 11:02:33(498216226429) TRAS_TASK INFO: [TrasNat_CheckNat:226]send udp msg to server 156.59.51.97:30194 iret 72
05-11 11:02:33(12970367407863385725) TRAS_TASK INFO: [TrasNat_CheckNatType:397]natInf send msg to port1 30194 
05-11 11:02:33(20093) BHAVR_TASK INFO: [BHavr_ProcUploadOptRsp:50]Ogct 67 recv rsp code 0
05-11 11:02:34(545460860890) PID_SA INFO: [Java_com_chinatelecom_smarthome_viewer_business_impl_NativeUser_GetDomainAddr:1672]HM_GetDomainAddr ret = 0,  aucSvrDomain:, aucWebDomain:, aucLogDomain:, aucAlexaDomain:
05-11 11:02:34(14298) PID_SA INFO: [Java_com_chinatelecom_smarthome_viewer_business_impl_NativeClient_writeLogToFile:118]I/HmHostConfig: hostInfo:{svrHost:,webHost:,logHost:,alexaHost:}
05-11 11:02:35(12970367425043249114) PID_SA INFO: [Java_com_chinatelecom_smarthome_viewer_business_impl_NativeClient_writeLogToFile:118]I/ZJUtil: getCountryID: IN
05-11 11:02:35(12970367425043249114) PID_SA INFO: [Java_com_chinatelecom_smarthome_viewer_business_impl_NativeClient_writeLogToFile:118]I/ZJUtil: getCountryID: IN
05-11 11:02:35(12970367425043249114) PID_SA INFO: [Java_com_chinatelecom_smarthome_viewer_business_impl_NativeClient_writeLogToFile:118]I/ZJUtil: getCountryID: IN
05-11 11:02:35(12970367425043249114) PID_SA INFO: [Java_com_chinatelecom_smarthome_viewer_business_impl_NativeClient_writeLogToFile:118]I/ZJUtil: getCountryID: IN
05-11 11:02:35(12970367425043249114) PID_SA INFO: [Java_com_chinatelecom_smarthome_viewer_business_impl_NativeClient_writeLogToFile:118]I/ZJUtil: getCountryID: IN
05-11 11:02:35(20697) PID_SA INFO: [Java_com_chinatelecom_smarthome_viewer_business_impl_NativeClient_writeLogToFile:118]I/RetrofitLog: retrofitBack = --> POST https://yatai-loggw.smartcloudcon.com/loggw/app/eventTrack/
05-11 11:02:35(20697) PID_SA INFO: [Java_com_chinatelecom_smarthome_viewer_business_impl_NativeClient_writeLogToFile:118]I/RetrofitLog: retrofitBack = Content-Type: application/json; charset=UTF-8
05-11 11:02:35(20697) PID_SA INFO: [Java_com_chinatelecom_smarthome_viewer_business_impl_NativeClient_writeLogToFile:118]I/RetrofitLog: retrofitBack = Content-Length: 1982
05-11 11:02:35(20697) PID_SA INFO: [Java_com_chinatelecom_smarthome_viewer_business_impl_NativeClient_writeLogToFile:118]I/RetrofitLog: retrofitBack = 
05-11 11:02:35(481036357849) PID_SA INFO: [Java_com_chinatelecom_smarthome_viewer_business_impl_NativeClient_writeLogToFile:118]I/RetrofitLog: retrofitBack = {"METHOD":"3822","BODY":{"Data":[{"event_type":"0","event_id":"playback_success","refress_event_id":"livevideo_page_enter","user_id":"1600010140c3ad11","event_params":"","event_time":"1778477551","session_id":"e8bb26e3-b230-43cc-9d8f-410b6977eeed28782740","os_type":"Android","os_version":"16","app_version":"2.9.28","app_id":"1593592778513070","brand":"realme","country":"IN","city":"","company_id":"0000213ed0cdb8bc"},{"event_type":"0","event_id":"livevideo_page_enter","refress_event_id":"device_card_click","user_id":"1600010140c3ad11","event_params":"","event_time":"1778477551","session_id":"e8bb26e3-b230-43cc-9d8f-410b6977eeed28782740","os_type":"Android","os_version":"16","app_version":"2.9.28","app_id":"1593592778513070","brand":"realme","country":"IN","city":"","company_id":"0000213ed0cdb8bc"},{"event_type":"0","event_id":"device_card_click","refress_event_id":"homepage_view","user_id":"1600010140c3ad11","event_params":"","event_time":"1778477551","session_id":"e8bb26e3-b230-43cc-9d8f-410b69
05-11 11:02:35(8751735849810415833) PID_SA INFO: [Java_com_chinatelecom_smarthome_viewer_business_impl_NativeClient_writeLogToFile:118]I/RetrofitLog: 77eeed28782740","os_type":"Android","os_version":"16","app_version":"2.9.28","app_id":"1593592778513070","brand":"realme","country":"IN","city":"","company_id":"0000213ed0cdb8bc"},{"event_type":"0","event_id":"homepage_view","refress_event_id":"cloud_service_page_enter","user_id":"1600010140c3ad11","event_params":"","event_time":"1778477550","session_id":"e8bb26e3-b230-43cc-9d8f-410b6977eeed28782740","os_type":"Android","os_version":"16","app_version":"2.9.28","app_id":"1593592778513070","brand":"realme","country":"IN","city":"","company_id":"0000213ed0cdb8bc"},{"event_type":"0","event_id":"cloud_service_page_enter","refress_event_id":"homepage_view","user_id":"1600010140c3ad11","event_params":"","event_time":"1778477549","session_id":"e8bb26e3-b230-43cc-9d8f-410b6977eeed28782740","os_type":"Android","os_version":"16","app_version":"2.9.28","app_id":"1593592778513070","brand":"realme","country":"IN","city":"","company_id":"0000213ed0cdb8bc"}]},"SEQID":"8199"}
05-11 11:02:35(3978711699896160473) PID_SA INFO: [Java_com_chinatelecom_smarthome_viewer_business_impl_NativeClient_writeLogToFile:118]I/RetrofitLog: retrofitBack = --> END POST (1982-byte body)
05-11 11:02:35(8764904125050671321) PID_SA INFO: [Java_com_chinatelecom_smarthome_viewer_business_impl_NativeClient_writeLogToFile:118]I/RetrofitLog: retrofitBack = <-- 200 OK https://yatai-loggw.smartcloudcon.com/loggw/app/eventTrack (141ms)
05-11 11:02:35(20697) PID_SA INFO: [Java_com_chinatelecom_smarthome_viewer_business_impl_NativeClient_writeLogToFile:118]I/RetrofitLog: retrofitBack = Server: nginx
05-11 11:02:35(20697) PID_SA INFO: [Java_com_chinatelecom_smarthome_viewer_business_impl_NativeClient_writeLogToFile:118]I/RetrofitLog: retrofitBack = Date: Mon, 11 May 2026 05:32:35 GMT
05-11 11:02:35(20697) PID_SA INFO: [Java_com_chinatelecom_smarthome_viewer_business_impl_NativeClient_writeLogToFile:118]I/RetrofitLog: retrofitBack = Content-Type: application/json; charset=utf-8
05-11 11:02:35(20697) PID_SA INFO: [Java_com_chinatelecom_smarthome_viewer_business_impl_NativeClient_writeLogToFile:118]I/RetrofitLog: retrofitBack = Connection: keep-alive
05-11 11:02:35(20697) PID_SA INFO: [Java_com_chinatelecom_smarthome_viewer_business_impl_NativeClient_writeLogToFile:118]I/RetrofitLog: retrofitBack = Access-Control-Allow-Credentials: true
05-11 11:02:35(20697) PID_SA INFO: [Java_com_chinatelecom_smarthome_viewer_business_impl_NativeClient_writeLogToFile:118]I/RetrofitLog: retrofitBack = Access-Control-Allow-Headers: *
05-11 11:02:35(20697) PID_SA INFO: [Java_com_chinatelecom_smarthome_viewer_business_impl_NativeClient_writeLogToFile:118]I/RetrofitLog: retrofitBack = Access-Control-Allow-Methods: POST, GET, OPTIONS, PUT, DELETE, UPDATE
05-11 11:02:35(20697) PID_SA INFO: [Java_com_chinatelecom_smarthome_viewer_business_impl_NativeClient_writeLogToFile:118]I/RetrofitLog: retrofitBack = Access-Control-Allow-Origin: *
05-11 11:02:35(20697) PID_SA INFO: [Java_com_chinatelecom_smarthome_viewer_business_impl_NativeClient_writeLogToFile:118]I/RetrofitLog: retrofitBack = Access-Control-Expose-Headers: Content-Length, Access-Control-Allow-Origin, Access-Control-Allow-Headers, Cache-Control, Content-Language, Content-Type
05-11 11:02:35(20697) PID_SA INFO: [Java_com_chinatelecom_smarthome_viewer_business_impl_NativeClient_writeLogToFile:118]I/RetrofitLog: retrofitBack = Vary: Accept-Encoding
05-11 11:02:35(481036357849) PID_SA INFO: [Java_com_chinatelecom_smarthome_viewer_business_impl_NativeClient_writeLogToFile:118]I/RetrofitLog: retrofitBack = 
05-11 11:02:35(481036357849) PID_SA INFO: [Java_com_chinatelecom_smarthome_viewer_business_impl_NativeClient_writeLogToFile:118]I/RetrofitLog: retrofitBack = {"CODE":0,"Msg":"","BODY":{}}
05-11 11:02:35(481036357849) PID_SA INFO: [Java_com_chinatelecom_smarthome_viewer_business_impl_NativeClient_writeLogToFile:118]I/RetrofitLog: retrofitBack = <-- END HTTP (29-byte body)
05-11 11:02:36(493921253338) MD_TASK INFO: [Md_StopStream:2066]stop sessionid 1 playid 64
05-11 11:02:36(14298) TRAS_TASK INFO: [Tras_StopPlay:462]chanid 1 send close requst
05-11 11:02:36(14298) PID_SA INFO: [Java_com_chinatelecom_smarthome_viewer_business_impl_NativeMedia_destroyVideoDecoder:1536]enter function(handle:12970367421582535520)
05-11 11:02:36(14298) PID_CBST INFO: [Cbst_Dec_VDecoderFree:492]VD task[0xb400007331b9eb60] free
05-11 11:02:36(20094) TRAS_TASK INFO: [TrasStreamChannel_CloseChan:307]chanid 1 will be close
05-11 11:02:36(20672) PID_SA INFO: [Java_com_chinatelecom_smarthome_viewer_business_impl_NativeClient_writeLogToFile:118]GLRenderer555551: yuv_w = 1920  yuv_h = 1080
05-11 11:02:36(12970367420748288388) CMD_TASK INFO: [Cmd_SetDefaultLenId:4598]reqid 69 send msg {"METHOD":"34B4","SEQID":"69","FROM":{"UserToken":"1600010140c3ad111p3g5jmo63upuvo5"},"TO":{"DID":"12000103c0537c93"},"BODY":{"AutoFlag":"1","DefaultLenId":"0"}} to peer 12000103c0537c93, iret 0
05-11 11:02:36(20868) PID_SA INFO: [Java_com_chinatelecom_smarthome_viewer_business_impl_NativeCommand_setDefaultLensId:1405]did:12000103c0537c93, lensId:0, autoFlag:1
05-11 11:02:36(20809) MD_TASK INFFILTER: [Md_GetVideoFrame:1402]playid 64 satus is 3 pause flag 0
05-11 11:02:36(20095) TRAS_TASK ERRFILTER: [TrasStreamChannel_ParseLiveMediaData:3088]chanid 1 can not find so close it
05-11 11:02:36(14298) PID_SA INFO: [Java_com_chinatelecom_smarthome_viewer_business_impl_NativeMedia_destroyAudioDecoder:1545]enter function(handle:12970367421582535904)
05-11 11:02:36(20672) PID_SA INFO: [Java_com_chinatelecom_smarthome_viewer_business_impl_NativeDevice_getPeerAppSetting:2945]get peer appsetting deviceId: 12000103c0537c93
05-11 11:02:36(493921259712) PID_SA INFO: [Java_com_chinatelecom_smarthome_viewer_business_impl_NativeDevice_getPeerAppSetting:2974]get peer appsetting result: [1] [1296] [2304] [0] [43200] [1]
05-11 11:02:36(14298) PID_SA INFO: [Java_com_chinatelecom_smarthome_viewer_business_impl_NativeClient_writeLogToFile:118]E/LowPowerHeart: Heartbeat startDeviceHeart duration:25000,interval:3000,dId:12000103c0537c93
05-11 11:02:36(14298) PID_CBST_AUDIOCTL INFO: [Cbst_AudioCtl_Stop:169] Stop  0x71d5e458
05-11 11:02:36(12970367420748287636) CMD_TASK INFO: [Cmd_GetPeerCurNetInfo:990]reqid 88 send GetPeerCurNetInfo msg {"METHOD":"3472","SEQID":"88","FROM":{"UserToken":"1600010140c3ad111p3g5jmo63upuvo5"},"TO":{"DID":"12000103c0537c93"}} to peer 12000103c0537c93, iret 0
05-11 11:02:36(493921259156) PID_SA INFO: [Java_com_chinatelecom_smarthome_viewer_business_impl_NativeCommand_getCurNetworkInfo:476]HM_GetNetworkInfoEx ret = 0 puiReqId = 88
05-11 11:02:36(12970367425043254906) MD_CACHE INFO: [Md_AudioPlayDestroyReadHandle:491]destroy audio read handle 0xb40000733f1c7740 
05-11 11:02:36(12970367425043254906) MD_CACHE INFO: [Md_VideoPlayDestroyReadHandle:579]destroy video read handle 0xb40000733f1c76c0 
05-11 11:02:36(20090) MD_CACHE INFO: [Md_RgnPlayReadDestroy:182]region read handle 0xb4000074b6415c20 detroyed ok
05-11 11:02:36(12970367425043254906) MD_TASK INFO: [Md_ProcBussTaskStopStatus:2711]playid 64 sessionid 0 close ok
05-11 11:02:36(481036357977) PID_CBST_AUDIOCTL INFO: [Cbst_AudioCtl_PlayTask:119]Task Quit
05-11 11:02:36(12970367425043255641) cos INFO: [Cos_ThreadProc:185]thread[Cbst_AudioCtl_PlayTask]:0x31b9e2c0, threadid:20825 proc complete
05-11 11:02:36(14298) cos INFO: [Cos_ThreadDelete:128]thread[Cbst_AudioCtl_PlayTask]:0x31b9e2c0 delete ok
05-11 11:02:36(545460860890) PID_CBST_AUDIOCTL INFO: [Cbst_AudioCtl_PlayStop:71] Stop ok
05-11 11:02:36(20826) PID_CBST_AUDIOCTL INFO: [Cbst_AudioCtl_CapTask:182]Cap Quit 
05-11 11:02:36(493921259866) cos INFO: [Cos_ThreadProc:185]thread[Cbst_AudioCtl_CapTask]:0x31b9e320, threadid:20826 proc complete
05-11 11:02:36(14298) cos INFO: [Cos_ThreadDelete:128]thread[Cbst_AudioCtl_CapTask]:0x31b9e320 delete ok
05-11 11:02:36(545460860890) PID_CBST_AUDIOCTL INFO: [Cbst_AudioCtl_Stop:185]CBST_AUDIOCTL Stop OK 0x71d5e458
05-11 11:02:36(14298) PID_CBST_AUDIOCTL INFO: [Cbst_AudioCtl_Destroy:65]Destroy
05-11 11:02:36(14298) PID_CBST_AUDIOCTL INFO: [Cbst_AudioCtl_Destroy:74]CBST_AUDIOCTL Destroy OK 0x71d5e458
05-11 11:02:36(14298) PID_CBST_AUDIOCTL ERR: [Cbst_AudioCtl_Stop:163]CBST_AUDIOCTL Not Init Magic:0 Init:0
05-11 11:02:36(14298) PID_SA INFO: [Java_com_chinatelecom_smarthome_viewer_business_impl_NativeClient_writeLogToFile:118]LiveVideoActivity: onPause
05-11 11:02:36(493921253338) PID_SA INFO: [Java_com_chinatelecom_smarthome_viewer_business_impl_NativeClient_writeLogToFile:118]BaseActivity: onPause==mIsShowAd:false//activity is LiveVideoActivity
05-11 11:02:36(20116) PID_SA INFO: [Java_com_chinatelecom_smarthome_viewer_business_impl_NativeClient_writeLogToFile:118]I/ZJUtil: getCountryID: IN
05-11 11:02:36(12970367425043254828) PID_SA INFO: [Java_com_chinatelecom_smarthome_viewer_business_impl_NativeClient_writeLogToFile:118]I/ZJUtil: getCountryID: IN
05-11 11:02:36(8299567521158150106) PID_SA INFO: [Java_com_chinatelecom_smarthome_viewer_business_impl_NativeClient_writeLogToFile:118]BaseActivity: onRestart==mIsShowAd:true//activity is CareMainActivity
05-11 11:02:36(14298) PID_SA INFO: [Java_com_chinatelecom_smarthome_viewer_business_impl_NativeClient_writeLogToFile:118]I/BaseActivity: onResume==mIsShowAd:true//activity is CareMainActivity
05-11 11:02:36(14298) PID_SA INFO: [Java_com_chinatelecom_smarthome_viewer_business_impl_NativeClient_writeLogToFile:118]I/HmAdManager: posCode:exit_live_interstitial,activity:CareMainActivity
05-11 11:02:36(42949687258) PID_SA INFO: [Java_com_chinatelecom_smarthome_viewer_business_impl_NativeClient_writeLogToFile:118]I/HmAdManager: getCachedAdListData from memory, size=4
05-11 11:02:36(14298) PID_SA INFO: [Java_com_chinatelecom_smarthome_viewer_business_impl_NativeClient_writeLogToFile:118]I/HmAdManager: getAdDataByStrategy: adPositionKey=pro_Android_en_Exit_Live_Interstitial lastCountDate:2026-05-11,now:1778477556293,today:2026-05-11,displayMaxTimes:1
05-11 11:02:36(14298) PID_SA INFO: [Java_com_chinatelecom_smarthome_viewer_business_impl_NativeClient_writeLogToFile:118]I/HmAdManager: getAdDataByStrategy posHourCountKey: pro_Android_en_Exit_Live_Interstitial_hourShowCount, posHourStartKey pro_Android_en_Exit_Live_Interstitial_hourStartTime, hourStartTime:0,hourCount:0
05-11 11:02:36(14298) PID_SA INFO: [Java_com_chinatelecom_smarthome_viewer_business_impl_NativeClient_writeLogToFile:118]I/HmAdManager: currentAdType: 2
05-11 11:02:36(14298) PID_SA INFO: [Java_com_chinatelecom_smarthome_viewer_business_impl_NativeClient_writeLogToFile:118]I/HmAdManager: getAdDataByStrategy: curPositionKey:pro_Android_en_Exit_Live_Interstitial,lastAdKey：，latestDiffTypeShowTime=0, elapsedSec=1778477556,displayInterval:300,splashAdCoolingInterval:300
05-11 11:02:36(14298) PID_SA INFO: [Java_com_chinatelecom_smarthome_viewer_business_impl_NativeClient_writeLogToFile:118]I/HmAdManager: loadInterstitialAd posCode:exit_live_interstitial,adModel:ImageTitleBean{imageUrl='null', title='null', imageId=0, clickUrl='null', adsource='AdMob', adsourcecode='ca-app-pub-9693684136464091/3466793676', skip=0, skip_type=0, click=0, show_time_length=5, adcode='pro_Android_en_Exit_Live_Interstitial', isDowload=false, jumpType='null', adtype=0, req_ad_timeout=0, strategy_type=-1, rule_conf=null, after_click_action=null, rule_update_times=0, showPrice='null', price='null', unit='null', currency_symbol='null', adId='null', page_name='null'}
05-11 11:02:36(20062) PID_SA INFO: [Java_com_chinatelecom_smarthome_viewer_business_impl_NativeClient_writeLogToFile:118]I/ZJUtil: getCountryID: IN
05-11 11:02:36(14298) PID_SA INFO: [Java_com_chinatelecom_smarthome_viewer_business_impl_NativeUser_getOwnerVCardInfo:354]uiMarried:0,  uiSex:0, aucMobile:, aucEmail:, aucAddress:,aucBirthday:, aucCity:, aucCountry:GB,aucVMid:, aucNickName:, aucProvice:,aucPhotoProfile:,aucRegPeriod:,
05-11 11:02:36(12970367425043249114) PID_SA INFO: [Java_com_chinatelecom_smarthome_viewer_business_impl_NativeClient_writeLogToFile:118]I/DeviceList: dispatchAction:RequestMarketAd
05-11 11:02:36(14298) PID_SA INFO: [Java_com_chinatelecom_smarthome_viewer_business_impl_NativeClient_writeLogToFile:118]AdList: AdvertisingRequst(id=, adcode=Android_en_sale_window, width=1080, height=2400, appver=2.9.28, appid=1593592778513070, companyid=0000213ed0cdb8bc, countryCode=GB, platform=2, lang=2, uid=1600010140c3ad11)
05-11 11:02:36(14298) ZJ_TASK INFO: [ZJ_UsrGetDevPackages:2678]ogct 101 get owner charge package iRet 0
05-11 11:02:36(12970367425043254829) PID_SA INFO: [Java_com_chinatelecom_smarthome_viewer_business_impl_NativeClient_writeLogToFile:118]I/ZJUtil: getCountryID: IN
05-11 11:02:36(493921259052) PID_SA INFO: [Java_com_chinatelecom_smarthome_viewer_business_impl_NativeClient_writeLogToFile:118]I/DeviceBean: getDeviceName:GateCameras
05-11 11:02:36(545460860890) PID_SA INFO: [Java_com_chinatelecom_smarthome_viewer_business_impl_NativeClient_writeLogToFile:118]I/DeviceBean: getDeviceName:GateCameras
05-11 11:02:36(545460860890) PID_SA INFO: [Java_com_chinatelecom_smarthome_viewer_business_impl_NativeClient_writeLogToFile:118]I/DeviceBean: getDeviceName:GateCameras
05-11 11:02:36(493921259142) BHAVR_TASK INFO: [BHavr_ProcRecvMsg:30]BHavior Add new opt BussID 800 bussinf {"OptID":"Pend","PageName":"P19","SessionID":"e8bb26e3-b230-43cc-9d8f-410b6977eeed28782740","EventTime":"1778477556278","Country":"IN","CompanyID":"0000213ed0cdb8bc","AppID":"1593592778513070","DeviceLanguage":"2","DeviceBrand":"realme","AppVersion":"2.9.28"}
05-11 11:02:36(493921259142) BHAVR_TASK INFO: [BHavr_ProcRecvMsg:30]BHavior Add new opt BussID 800 bussinf {"OptID":"Pstart","PageName":"P2","SessionID":"e8bb26e3-b230-43cc-9d8f-410b6977eeed28782740","EventTime":"1778477556293","Country":"IN","CompanyID":"0000213ed0cdb8bc","AppID":"1593592778513070","DeviceLanguage":"2","DeviceBrand":"realme","AppVersion":"2.9.28"}
05-11 11:02:36(493921259133) PID_SA INFO: [FUN_USERCHARGEPACKAGE_CB:2667]FUN_USERCHARGEPACKAGE_CB reqId:101, error:0
05-11 11:02:36(493921259133) PID_SA INFO: [FUN_USERCHARGEPACKAGE_CB:2669]list size: 0
05-11 11:02:36(14298) PID_SA INFO: [Java_com_chinatelecom_smarthome_viewer_business_impl_NativeClient_writeLogToFile:118]I/queryDeviceChargePackages: deviceID = 12000103c0537c93 poids =   requestCount = 2
05-11 11:02:36(20093) ZJ_TASK INFO: [ZJ_ProcUsrGetDevPackages:2660]ogct 101 recv rsp code 0
05-11 11:02:36(20653) PID_SA INFO: [Java_com_chinatelecom_smarthome_viewer_business_impl_NativeClient_writeLogToFile:118]I/CurlLogger: response:{"code":"1000","data":{"commodityItem":[{"campOderNumber":0,"countdownTime":-1,"currency_symbol":"$","default":0,"deviceBuyCount":0,"deviceNum":1,"freepkg":0,"google_key":"com.huiyun.care.viewer.live.7day.yearly","imageUrl":"https://hmstatic-1311597033.cos.ap-nanjing.myqcloud.com/media/ads/1740558595370296256/CN-BD-CL1-QX.png","infolist":[],"ios_key":"","market":0,"marketDiscount":0.0,"marketDuration":0,"marketPrice":"0.00","marketUnit":"","name":"7 Days Event Recording （Yearly）","number":12,"order_type_id":1,"packageid":1,"pay":["4","3"],"poid":"63079","price":"36.99","promoteGroupId":"[]","promotePkg":[],"serviceCycleName":"","serviceid":300010,"showRelName":"","showServiceCycle":1,"showType":0,"show_price":"36.99","subscription":1,"subscription_info":"","tag":{"type2":"$49.99"},"templatesnapshot":"{\"id\": \"12\", \"type\": \"BASE\", \"sdkMax\": \"3999999\", \"sdkMin\": \"0\", \"typeId\": \"1\", \"patchId\": \"1\", \"serviceItem\": [{\"bussConfig\": {}, \"functionId\": \"1010\", \"abilityConfig\":
05-11 11:02:36(3631432339537547437) PID_SA INFO: [Java_com_chinatelecom_smarthome_viewer_business_impl_NativeClient_writeLogToFile:118]I/CurlLogger:  {\"Duration\": \"30\", \"StreamID\": \"1\", \"StorageList\": [{\"LoopDays\": \"7\", \"RecordType\": \"2\"}]}}, {\"bussConfig\": {}, \"functionId\": \"1011\", \"abilityConfig\": {\"GifFlag\": \"1\", \"PicType\": \"2\", \"LoopDays\": \"7\", \"RecordType\": \"1\", \"SnapJpgCnt\": \"5\", \"GifOpenFlag\": \"0\", \"StorageType\": \"0\"}}, {\"bussConfig\": {}, \"functionId\": \"1013\", \"abilityConfig\": {\"LoopDays\": \"7\"}}], \"templateName\": \"7天事件模板-12个月\", \"deviceSupport\": \"1 \u0026\u0026 1 \u0026\u0026 1\", \"effectiveUnit\": \"MONTH\", \"lowestPriceEn\": \"73.0\", \"orientationType\": \"DEVICE\", \"lowestPriceEnUsd\": \"10.0\", \"effectiveDuration\": \"12\", \"monthLowestPriceEn\": \"11.68\", \"monthLowestPriceEnUsd\": \"1.1\"}","trialCondition":1,"trialDay":0,"uniqueid":"5jHjUlaVuo","unit":"MONTH","updatetime":"2025-09-29T15:57:19","userBuyCount":0}],"pay":[]},"desc":"success","traceId":"b247cc39-80b6-499c-8af4-997878c59206"}
05-11 11:02:36(545460860890) PID_SA INFO: [Java_com_chinatelecom_smarthome_viewer_business_impl_NativeClient_writeLogToFile:118]I/PackageViewModel: requestGoodInfo:{"code":"1000","data":{"code":0,"commodityItem":[{"campOderNumber":"0","canTrialBuy":0,"countdownTime":"-1","currency_symbol":"$","default":0,"deviceBuyCount":0,"freepkg":0,"google_key":"com.huiyun.care.viewer.live.7day.yearly","imageUrl":"https://hmstatic-1311597033.cos.ap-nanjing.myqcloud.com/media/ads/1740558595370296256/CN-BD-CL1-QX.png","infolist":[],"ios_key":"","name":"7 Days Event Recording （Yearly）","number":12,"order_type_id":1,"packageid":"1","pay":["4","3"],"poid":"63079","price":"36.99","serviceCycleName":"","showRelName":"","showServiceCycle":1,"showType":0,"show_price":"36.99","subscription":1,"tag":{"type2":"$49.99"},"unit":"MONTH","updatetime":"2025-09-29T15:57:19","userBuyCount":0}],"pay":[]}}
05-11 11:02:36(14298) PID_SA INFO: [Java_com_chinatelecom_smarthome_viewer_business_impl_NativeClient_writeLogToFile:118]I/PackageViewModel: requestGoodInfo:{"code":"1000","data":{"code":0,"commodityItem":[{"campOderNumber":"0","canTrialBuy":0,"countdownTime":"-1","currency_symbol":"$","default":0,"deviceBuyCount":0,"freepkg":0,"google_key":"com.huiyun.care.viewer.live.7day.yearly","imageUrl":"https://hmstatic-1311597033.cos.ap-nanjing.myqcloud.com/media/ads/1740558595370296256/CN-BD-CL1-QX.png","infolist":[],"ios_key":"","name":"7 Days Event Recording （Yearly）","number":12,"order_type_id":1,"packageid":"1","pay":["4","3"],"poid":"63079","price":"36.99","serviceCycleName":"","showRelName":"","showServiceCycle":1,"showType":0,"show_price":"36.99","subscription":1,"tag":{"type2":"$49.99"},"unit":"MONTH","updatetime":"2025-09-29T15:57:19","userBuyCount":0}],"pay":[]}}
05-11 11:02:36(14298) PID_SA INFO: [Java_com_chinatelecom_smarthome_viewer_business_impl_NativeClient_writeLogToFile:118]I/GooglePayManagerV2: startConnection billingClient.isReady true success.run
05-11 11:02:36(14298) PID_SA INFO: [Java_com_chinatelecom_smarthome_viewer_business_impl_NativeClient_writeLogToFile:118]I/GooglePayManagerV2: productType = subs productId = com.huiyun.care.viewer.live.7day.yearly
05-11 11:02:36(545460860890) PID_SA INFO: [Java_com_chinatelecom_smarthome_viewer_business_impl_NativeClient_writeLogToFile:118]I/====///===: payInfo:1
05-11 11:02:36(498216226425) CMD_TASK INFO: [Cmd_ProcRecvNetMsg:5735]reqid 69 recv rsp content {"CODE":"0","METHOD":"34B5","SEQID":"69","FROM":{"DID":"12000103c0537c93"},"TO":{"UserToken":"1600010140c3ad111p3g5jmo63upuvo5"}}
05-11 11:02:36(20089) CFG_TASK INFO: [Cfg_SetDefaultLenId:7251]peerid 12000103c0537c93 ,set defaultLenId 0 autoflag 1 
05-11 11:02:36(20089) PID_SA INFO: [FUN_DEVICE_COMMON_RSP:1189]FUN_DEVICE_COMMON_RSP uiReqId:69, iErr:0
05-11 11:02:36(545460860890) PID_SA INFO: [Java_com_chinatelecom_smarthome_viewer_business_impl_NativeClient_writeLogToFile:118]setDefaultLensId: setDefaultLensId success
05-11 11:02:36(498216226425) CMD_TASK INFO: [Cmd_ProcRecvNetMsg:5735]reqid 88 recv rsp content {"CODE":"0","METHOD":"3473","SEQID":"88","FROM":{"DID":"12000103c0537c93"},"TO":{"UserToken":"1600010140c3ad111p3g5jmo63upuvo5"},"BODY":{"NetType":"2","Signal":"100","IPAddr":"192.168.1.192","MacAddr":"F0:A8:82:ED:40:9D","SSID":"ASUS_30_2G"}}
05-11 11:02:36(4051612666597232249) PID_SA INFO: [FUN_DEVICE_RSP_GET_NETWORK_INFO:2431]FUN_DEVICE_RSP_GET_NETWORK_INFO reqId:88, err:0, netType:2, signalType:0, sigStrength:100, ip:192.168.1.192, ssid:ASUS_30_2G
05-11 11:02:36(8299567521158150106) PID_SA INFO: [Java_com_chinatelecom_smarthome_viewer_business_impl_NativeClient_writeLogToFile:118]LiveVideoActivity: onStop
05-11 11:02:36(14298) PID_CBST_AUDIOCTL ERR: [Cbst_AudioCtl_Stop:163]CBST_AUDIOCTL Not Init Magic:0 Init:0
05-11 11:02:36(545460860890) PID_SA INFO: [Java_com_chinatelecom_smarthome_viewer_business_impl_NativeClient_writeLogToFile:118]BaseActivity: onDestroy==mIsShowAd:false//activity is LiveVideoActivity
05-11 11:02:36(502511187930) PID_CBST_AUDIOCTL ERR: [Cbst_AudioCtl_Stop:163]CBST_AUDIOCTL Not Init Magic:0 Init:0
05-11 11:02:37(12970367425043255714) PID_SA INFO: [Java_com_chinatelecom_smarthome_viewer_business_impl_NativeClient_writeLogToFile:118]I/GooglePayManagerV2: size = 1 billingResult = message:,responseCode=0
05-11 11:02:37(12970367425043255714) PID_SA INFO: [Java_com_chinatelecom_smarthome_viewer_business_impl_NativeClient_writeLogToFile:118]I/GooglePayManagerV2: priceCurrencyCode =   formattedPrice:null,//originPrice:null
05-11 11:02:37(20898) PID_SA INFO: [Java_com_chinatelecom_smarthome_viewer_business_impl_NativeClient_writeLogToFile:118]I/GooglePayManagerV2: priceCurrencyCode = INR  formattedPrice:₹3,850.00,//originPrice:3850000000
05-11 11:02:37(20093) BHAVR_TASK INFO: [BHavr_ProcUploadOptRsp:50]Ogct 102 recv rsp code 0
05-11 11:02:38(20094) TRAS_TASK INFO: [TrasStreamChannel_CloseChan:313]chanid 1 close ok
05-11 11:02:38(20094) MD_CACHE INFO: [Md_VideoPlayDestroyWriteHandle:249]destroy video write handle 0xb4000074b655e300 usrid 16
05-11 11:02:38(12970367425043254910) MD_CACHE INFO: [Md_RgnPlayWriteDestroy:83]region write handle 0xb4000074b6575300 detroyed ok
05-11 11:02:38(493921259133) cos INFO: [Cos_SocketClose:390]socket<445> closed
05-11 11:02:38(20093) cos INFO: [Cos_SocketOpen:377]socket<166> open ok
05-11 11:02:38(12970367425043254909) TRAS_TASK INFO: [TrasNat_CreatNatHole:622]creat new nat hole get local udp port 8945 socket type 0
05-11 11:02:38(493921259133) TRAS_TASK INFO: [TrasNat_CheckNatType:391]natinf init ok socket 166 
05-11 11:02:38(498216226429) TRAS_TASK INFO: [TrasNat_CheckNat:226]send udp msg to server 156.59.51.97:30194 iret 72
05-11 11:02:38(12970367407863385725) TRAS_TASK INFO: [TrasNat_CheckNatType:397]natInf send msg to port1 30194 
05-11 11:02:39(14298) PID_SA INFO: [Java_com_chinatelecom_smarthome_viewer_business_impl_NativeClient_writeLogToFile:118]BaseActivity: onPause==//activity is CareMainActivity
