09-20 07:06:24(2343) cos INFO: [Cos_SysInit:60]Cos init ok
09-20 07:06:24(7856) cos INFO: [Cos_ThreadProc:174]thread[Cos_InetMgr]:0xdec1c6e0 , threadid:7856 start ok
09-20 07:06:24(545460848935) CFG_TASK INFO: [Cfg_LoadOwnerUsrCfg:224]user cfg sync flag 0,nickname  mobile  RegPeriod 
09-20 07:06:24(545460848935) CFG_TASK INFO: [Cfg_LoadUserGroupCfg:35]load localFile ,get usr group list {"grplist":[{"syncflag":"1","grpid":"1600010140c3ad11A0000001","grpdesc":"","gtoken":"1600010140c3ad11A0000001","ownerid":"1600010140c3ad11"},{"syncflag":"1","grpid":"22000101413a31a9","parentgrpid":"1600010140c3ad11A0000001","grpdesc":"","gtoken":"oylyjfsbu6l0e2d4ucge","ownerid":"1600010140c3ad11","devnum":"1","devlist":[{"memberid":"12000103c0537c93","CTEI":"000CF025010605EL","onlinestatus":"1","jt":"2025-11-01 16:08:54","OffLineTime":"2026-09-13 03:37:28"}]}],"syncflag":"1","synctime":"1789352619"} usrId[1600010140c3ad11]
09-20 07:06:24(532575947047) CFG_TASK INFO: [Cfg_FindAndCreatGroupNode:273]creat new group 1600010140c3ad11A0000001 item 255
09-20 07:06:24(545460848935) CFG_TASK INFO: [Cfg_ParseGroupInfItem:1291]load grp 1600010140c3ad11A0000001 dev num 0 usrnum 0 rolenum 0 
09-20 07:06:24(2343) CFG_TASK INFO: [Cfg_FindAndCreatGroupNode:273]creat new group 22000101413a31a9 item 255
09-20 07:06:24(545460848935) CFG_TASK INFO: [Cfg_ParseGroupInfItem:1291]load grp 22000101413a31a9 dev num 1 usrnum 0 rolenum 0 
09-20 07:06:24(2343) CFG_TASK INFO: [Cfg_LoadPeerDeviceFile:40]load device 12000103c0537c93 cfg :
09-20 07:06:24(545460848935) CFG_TASK INFO: [Cfg_LoadPeerDeviceFile:49]systemInf: {"Sign":"124458","CompanyID":"0000213ed0cdb8bc","AppID":"1665373297326122","AblPlatType":"0","AblPlatAddr":"","HxlinkPort":"0","HxLinkAddr":"","CTEI":"000CF025010605EL","DevThirdSn":"","GroupId":"22000101413a31a9","DID":"12000103c0537c93"}
09-20 07:06:24(545460848935) CFG_TASK INFO: [Cfg_LoadPeerDeviceFile:58]devinfo: {"Sign":"1075","EncAbility":"0","OTAAbility":"7","OTAType":"0","WifiSetAbility":"25","EnergyType":"0","AwakeAbility":"0","AOVAbility":"0","SwitchAOVFrameRateAbility":"0","MicVolumeAbility":"0","SIMAbility":"0","OneClickShowAbility":"0","LogCollectAbility":"1","Powersupply":"1","SupplyShowPowerAbility":"0","DualFrequency":"0","ApSetPasswd":"0","TimerOpenAbility":"0","PowerLevel":"100","SdkVersion":"50664832","DevVersion":"YGT.AJ-L33PQ08A1-v241030.1014","OldDevFlag":"0","DevName":"GateCameras","OsType":"1","DevType":"1","AwakeInterval":"0","MaxSessionCnt":"4","AliveSessionCnt":"0","WifiStrength":"0","AutoSync":"1","DevModel":"AJ-L33PQ08A1","SSID":"","MacAddr":"","DstArea":"Asia/Kolkata","Dst":"IST-5:30","DstUseFlag":"1","TimeMode":"0","StatusLedMode":"1","SimSlotCnt":"0","WorkSimSlotId":"0","IMEI":"","Language":"0","PromptSet":"0","ApHasPassWd":"0","AOVFrameInterval":"0","SimSlots":[],"MulMedia":{"Port":"0","Ipv4":"","ReSource":"","EncType":"0","EncKey":"","EncLv":""}}
09-20 07:06:24(545460848935) CFG_TASK INFO: [Cfg_LoadPeerDeviceFile:73]cameraInf: {"Sign":"82768","CamCnt":"1","CamWorkType":"0","CamList":[{"CamId":"0","StreamCount":"2","PIPAblity":"0","VoicePlayAbility":"1","MicroPhoneAbility":"1","OSDSetAbility":"1","IRRedAbility":"1","InversionAbility":"1","MirrorAbility":"0","StorageAbility":"1","WDRAbility":"1","HDRAbility":"0","FullColorMode":"0","HumanRgnAblity":"1","OSDAblity":"1","SupportPtz":"3","PTZMode":"3","AntiFlickerAbility":"0","PrivacyMaskAbility":"0","OSDName":"","OSDPosition":"0","OSDCustomSwitch":"0","OSDCommonSwitch":"0","Sensor":{"MaxLenCount":"1","CurrentLenID":"0","AutoFlag":"1","DefaultLenId":"0","RectifyAbility":"0","ZoomAbility":"0","CurZoomValue":0,"CombineFlag":0,"Lens":[{"LenID":"0","LenName":"0","LensType":"0","LenFocalLenth":"4","MinLenFocalLenth":"0","MaxLenFocalLenth":"0"}]},"MicroPhoneStatus":"1","CamStatus":"1","InversionType":"1","MirrorType":"0","IRRedMode":"0","ScanFrequery":"0","StorageStatus":"0","Volumn":"50","WDRMode":"0","HDRMode":"0","PlayMode":"3","RingToneSetAbility":"1","RingToneDecAbility":"5","AudioParam":{"EncType":"4","SampleRate":"8000","Channel":"1","Depth":"16"},"PrivacyList":[],"Streamers":[{"ResolutionAbility":"28","EncAbility":"2","HideFlag":"0","StreamID":"0","Resolution":"16","Width":"1920","Height":"1080","EncType":"2","SmartEncFlag":"0","Quality":"2","FrameRate":"17","BiteRate":"8","RateType":"1","FrameInterval":"100"},{"ResolutionAbility":"1","EncAbility":"2","HideFlag":"0","StreamID":"1","Resolution":"1","Width":"640","Height":"360","EncType":"2","SmartEncFlag":"0","Quality":"2","FrameRate":"17","BiteRate":"5","RateType":"1","FrameInterval":"100"}]}]}
09-20 07:06:24(545460848935) CFG_TASK INFO: [Cfg_LoadPeerDeviceFile:93]inIotInf: {"PTZAbility":"3","AttachPTZAbility":"0","PTZSpeedAbility":"1","MotionAbility":"1","DoorbellAbility":"0","RecordAbility":"1","PIRAbility":"0","VoiceAlarmAbility":"0","SnapshotAbility":"1","BuzzerAbility":"1","StatusLampAbility":"0","LampAbility":"1","CloudRecordAbility":"0","CloudSnapshotAbility":"1","CameraAbility":"1","EventAbility":"1","SupportCloudFlag":"1","Sign":"122585","IoTS":[{"AIIoTType":"1006","AIIoTID":"0","OpenFlag":"1","Sign":"0"},{"AIIoTType":"1005","AIIoTID":"0","OpenFlag":"1","Sign":"0","Prop":{"SnapLoopFlag":"1","SnapInterval":"180","SnapFullFlag":"0","SnapPicType":"2"}},{"AIIoTType":"1000","AIIoTID":"0","OpenFlag":"1","Sign":"0","Prop":{"Motion":{"Status":"0","Interval":"60","Trace":"0","Sensitive":"50"},"Human":{"Sensitive":"50","Status":"0","Interval":"60","Trace":"0"},"Face":{"Sensitive":"50","Status":"0","Interval":"60","Trace":"0"}}},{"AIIoTType":"1009","AIIoTID":"0","OpenFlag":"1","Sign":"0","Prop":{"Status":"1"}},{"AIIoTType":"1014","AIIoTID":"0","OpenFlag":"1","Sign":"0","Prop":{"IrcutType":"2"}},{"AIIoTType":"1007","AIIoTID":"0","OpenFlag":"1","Sign":"0","Prop":{}},{"AIIoTType":"1002","AIIoTID":"0","OpenFlag":"1","Sign":"0","Prop":{"RecordLoop":"1","RecordFull":"0","StreamID":"0","Duration":"0"}},{"AIIoTType":"1011","AIIoTID":"0","OpenFlag":"1","Sign":"0","Prop":{"GifFlag":"1","GifOpenFlag":"0","Interval":"30","LoopDays":"3","PicType":"2","RecordType":"1","SnapJpgCnt":"1","StorageType":"0","Support":"1","hm_editable":"0"}},{"AIIoTType":"1013","AIIoTID":"0","OpenFlag":"1","Sign":"0","Prop":{"PushFlag":"7","SMSFlag":"1","EmailFlag":"1","Interval":"300","EmailAddr":"","StartTime":"0","EndTime":"86400","SpanFlag":"0","Week":"127"}},{"AIIoTType":"1012","AIIoTID":"0","OpenFlag":"1","Sign":"0"},{"AIIoTType":"1093","AIIoTID":"0","OpenFlag":"1","Sign":"0","Prop":null,"Buss":{"TimeArea":"","TimeZone":""}},{"AIIoTType":"1098","AIIoTID":"0","OpenFlag":"1","Sign":"0","Prop":{"EventList":[{"EventID":"108300"},{"E***
09-20 07:06:24(5283970622135732519) CFG_TASK INFO: [Cfg_SetCamSupportPtz:7328]peerid 12000103c0537c93 camid 3 set ptz 2139062143
09-20 07:06:24(545460848935) CFG_TASK INFO: [Cfg_LoadPeerDeviceFile:101]iothub inf: {"Sign":"0","IoTHubAbility":"0","IoTHubMaxCount":"32","IoTHubStatus":"0","IoTs":[]}
09-20 07:06:24(545460848935) CFG_TASK INFO: [Cfg_LoadPeerDeviceFile:110]cur timepolicy: {"Sign":"0","Policys":[{"OpenFlag":"1","PolicyID":"1","PolicyName":"Time_1","Week":"127","StartTime":"0","EndTime":"86399","LoopType":"0","Day":"","Action":[{"AIIoTType":"1002","AIIoTID":"0","Output":{"CtrlType":"1","StreamID":"0","Duration":"600"}},{"AIIoTType":"1005","AIIoTID":"0","Output":{"PicType":"2","Interval":"30","GifFlag":"0"}},{"AIIoTType":"1010","AIIoTID":"0","Output":{"CtrlType":"1","StreamID":"0","Duration":"600"}}]},{"OpenFlag":"0","PolicyID":"2","PolicyName":"Time_1","Week":"127","StartTime":"0","EndTime":"86399","LoopType":"0","Day":"","Action":[{"AIIoTType":"1002","AIIoTID":"0","Output":{"CtrlType":"1","StreamID":"0","Duration":"600"}},{"AIIoTType":"1005","AIIoTID":"0","Output":{"PicType":"2","Interval":"30","GifFlag":"0"}},{"AIIoTType":"1010","AIIoTID":"0","Output":{"CtrlType":"1","StreamID":"0","Duration":"600"}}]}]}
09-20 07:06:24(545460848935) CFG_TASK INFO: [Cfg_LoadPeerDeviceFile:119]cur alarmpolicy: {"Sign":"119705","Policys":[{"AIIoTType":"1000","AIIoTID":"0","OpenFlag":"1","PolicyName":"Alarm_100","PolicyID":"100","Prop":{"Motion":{"Trace":"0","Sensitive":"50","Status":"0","Interval":"35"},"Human":{"Trace":"0","Sensitive":"50","Status":"0","Interval":"50"},"Face":{"Trace":"0","DiscernFlag":"0","Sensitive":"25","Status":"0","Interval":"30"}},"Events":[{"EventID":"100001","OpenFlag":"0","Week":"127","StartTime":"0","EndTime":"86399","SpanFlag":"0","Action":[{"AIIoTType":"1009","AIIoTID":"0","OutPut":{"AlarmType":"1000","CtrlType":"0","LoopCnt":"1","SoundName":"","SoundType":"2"}},{"AIIoTType":"1002","AIIoTID":"0","OutPut":{"CtrlType":"1","Duration":"30","StreamID":"0"}},{"AIIoTType":"1005","AIIoTID":"0","OutPut":{"PicType":"2","Interval":"","GifFlag":"0"}},{"AIIoTType":"1013","AIIoTID":"0","OutPut":{"EmailFlag":"1","EndTime":"86400","Interval":"0","PushFlag":"7","SMSFlag":"1","SpanFlag":"1","StartTime":"0","Week":"127"}},{"AIIoTType":"1011","AIIoTID":"0","OutPut":{"PicType":"2","Interval":"","GifFlag":"1"}},{"AIIoTType":"1010","AIIoTID":"0","OutPut":{"CtrlType":"1","Duration":"30","StreamID":"0"}},{"AIIoTType":"0","AIIoTID":"0"},{"AIIoTType":"1007","AIIoTID":"0","OutPut":{"CtrlType":"1","Duration":"31"}}],"FenceID":[],"SceneID":[],"TriggerInfo":[]},{"EventID":"100002","OpenFlag":"0","Week":"127","StartTime":"0","EndTime":"86399","SpanFlag":"0","Action":[{"AIIoTType":"1009","AIIoTID":"0","OutPut":{"AlarmType":"1000","CtrlType":"0","LoopCnt":"1","SoundName":"","SoundType":"2"}},{"AIIoTType":"1002","AIIoTID":"0","OutPut":{"CtrlType":"1","Duration":"30","StreamID":"0"}},{"AIIoTType":"1005","AIIoTID":"0","OutPut":{"PicType":"2","Interval":"","GifFlag":"0"}},{"AIIoTType":"1013","AIIoTID":"0","OutPut":{"EmailFlag":"1","EndTime":"86400","Interval":"0","PushFlag":"7","SMSFlag":"1","SpanFlag":"1","StartTime":"0","Week":"127"}},{"AIIoTType":"1011","AIIoTID":"0","OutPut":{"PicType":"2","Interval":"","GifFlag":"1"}},{"AIIoTTyp***
09-20 07:06:24(545460848935) CFG_TASK INFO: [Cfg_LoadPeerDeviceFile:128]cur ptzFile: {"Sign":"4932","SetPresetAbility":"1","CruiseAbility":"0","PositionAbility":"0","PreSets":[{"PresetId":"1762176769","Name":"right","PicID":"20251103213252100119c0537c937006","Point":{"X":"-5058","Y":"2556","Z":0,"FocalLen":0}},{"PresetId":"1762325434","Name":"good1","PicID":"20251105145036100119c0537c932912","Point":{"X":"-5568","Y":"2000","Z":0,"FocalLen":0}},{"PresetId":"1764592558","Name":"g2","PicID":"20251201203600100119c0537c933264","Point":{"X":"-5372","Y":"5334","Z":0,"FocalLen":0}}],"Cruises":[],"WatchPoint":{"PresetID":"0","WatchTime":"0"}}
09-20 07:06:24(545460848935) cos ERR: [Cos_FileLoad:131]file open pucFileName:/data/user/0/com.huiyun.care.viewerpro.googleplay/files/Care/config/12000103c0537c93/ServerSetcfg.db
09-20 07:06:24(545460848935) cos ERR: [Cos_FileLoad:131]file open pucFileName:/data/user/0/com.huiyun.care.viewerpro.googleplay/files/Care/config/12000103c0537c93/scenemode.db
09-20 07:06:24(2343) CFG_TASK INFO: [Cfg_Ai_DelRegions:1246]delete humCount regions
09-20 07:06:24(545460848935) cos ERR: [Cos_FileLoad:131]file open pucFileName:/data/user/0/com.huiyun.care.viewerpro.googleplay/files/Care/config/12000103c0537c93/energymode.db
09-20 07:06:24(545460848935) cos ERR: [Cos_FileLoad:131]file open pucFileName:/data/user/0/com.huiyun.care.viewerpro.googleplay/files/Care/config/12000103c0537c93/fence.db
09-20 07:06:24(545460848935) cos ERR: [Cos_FileLoad:131]file open pucFileName:/data/user/0/com.huiyun.care.viewerpro.googleplay/files/Care/config/12000103c0537c93/gb.db
09-20 07:06:24(545460848935) CFG_TASK INFO: [Cfg_LoadPeerDeviceFile:192]cur Algorithm: {"Sign":"0","EventIDs":[{"EventID":"100000","AIIoTType":"1000","OpenFlag":"1","Name":"Motion Detection"},{"EventID":"100001","AIIoTType":"1000","OpenFlag":"1","Name":"Human Detection"},{"EventID":"109600","AIIoTType":"1096","OpenFlag":"0","Name":""},{"EventID":"109700","AIIoTType":"1097","OpenFlag":"0","Name":""},{"EventID":"102900","AIIoTType":"1029","OpenFlag":"0","Name":"Pet Detection"},{"EventID":"108300","AIIoTType":"1083","OpenFlag":"0","Name":"Vehicle Detection"},{"EventID":"100017","AIIoTType":"1000","OpenFlag":"0","Name":"Motion Detection Cross Line"},{"EventID":"102903","AIIoTType":"1029","OpenFlag":"0","Name":""},{"EventID":"102904","AIIoTType":"1029","OpenFlag":"0","Name":""},{"EventID":"300008","AIIoTType":"1000","OpenFlag":"0","Name":""},{"EventID":"109703","AIIoTType":"1097","OpenFlag":"0","Name":""},{"EventID":"102600","AIIoTType":"1026","OpenFlag":"0","Name":""},{"EventID":"102901","AIIoTType":"1029","OpenFlag":"0","Name":""},{"EventID":"102902","AIIoTType":"1029","OpenFlag":"0","Name":""},{"EventID":"110300","AIIoTType":"1103","OpenFlag":"0","Name":""},{"EventID":"110400","AIIoTType":"1104","OpenFlag":"0","Name":""},{"EventID":"110900","AIIoTType":"1109","OpenFlag":"0","Name":""},{"EventID":"102905","AIIoTType":"1029","OpenFlag":"0","Name":""},{"EventID":"102906","AIIoTType":"1029","OpenFlag":"0","Name":""},{"EventID":"109702","AIIoTType":"1097","OpenFlag":"0","Name":""},{"EventID":"102500","AIIoTType":"1025","OpenFlag":"0","Name":""},{"EventID":"108901","AIIoTType":"1089","OpenFlag":"0","Name":""},{"EventID":"110500","AIIoTType":"1105","OpenFlag":"0","Name":""},{"EventID":"110600","AIIoTType":"1106","OpenFlag":"0","Name":""},{"EventID":"109701","AIIoTType":"1097","OpenFlag":"0","Name":""}],"ServiceIDs":[{"OpenFlag":"1","ServiceID":"300027"},{"OpenFlag":"1","ServiceID":"300026"},{"OpenFlag":"0","ServiceID":"300009"},{"OpenFlag":"0","ServiceID":"300008"},{"OpenFlag":"0","ServiceID":"300007"},{"OpenFlag":***
09-20 07:06:24(545460848935) CFG_TASK INFO: [Cfg_LoadPeerDeviceFile:201]cur dev app setting : {"Sign":"44427","VideoResample":"0","JpgResample":"1","ResampleHight":"1296","ResampleWidth":"2304","LampFlag":"0","LightMaxTime":"43200","LightLevelMode":"1","PlayRestrictionFlag":"0","PlayLenth":"0","PlayAlertFlag":"0","PlayAlertDuration":"0","ClickAlarm":"1","PriorStreamID":"1","ScreenSplit":{"OpenFlag":"0","SplitCamID":"0","ShownPrecent":"0"},"EncoderID":"0","AutoSwitchMode":"0"}
09-20 07:06:24(545460848935) CFG_TASK INFO: [Cfg_LoadPeerDeviceFile:210]cur dev chargelist : {"Sign":"0","AutoPayStatus":"0","DayExpireFlag":"0","EventExpireFlag":"0","Packages":[]}
09-20 07:06:24(545460848935) cos ERR: [Cos_FileLoad:131]file open pucFileName:/data/user/0/com.huiyun.care.viewerpro.googleplay/files/Care/config/12000103c0537c93/channel.db
09-20 07:06:24(545460848935) CFG_TASK INFO: [Cfg_FindAndCreatPeerDevNode:367]add device 12000103c0537c93 groupid 22000101413a31a9 ok
09-20 07:06:24(545460848935) cos ERR: [Cos_FileLoad:131]file open pucFileName:/data/user/0/com.huiyun.care.viewerpro.googleplay/files/Care/config/c1918db067cd7ffaef3352fc2e4a9/paidordercfg.db
09-20 07:06:24(545460848935) cos ERR: [Cos_FileLoad:131]file open pucFileName:/data/user/0/com.huiyun.care.viewerpro.googleplay/files/Care/config/c1918db067cd7ffaef3352fc2e4a9/beveriorcfg.db
09-20 07:06:24(532575947047) MD_CACHE INFO: [Md_AuidoInit:52]audio init ok
09-20 07:06:24(2343) MD_CACHE INFO: [Md_VideoInit:57]media video init
09-20 07:06:24(9250420048667871527) MD_MP4_MUXER INFO: [Md_Mp4Muxer_Init:45]mp4 muxer init ok
09-20 07:06:24(9250420048667871527) MD_MP4 INFO: [Md_Mp4DeMuxer_Init:41]mp4 demuxer init ok
09-20 07:06:24(2343) cos ERR: [Cand_DirOpen:233]opendir pucDirName:/storage/emulated/0/Android/data/com.huiyun.care.viewerpro.googleplay/files/Care/cloud
09-20 07:06:24(532575947047) TRAS_TASK INFO: [Tras_Malloc_SockBuf:26]malloc socket buff cnt 10 
09-20 07:06:24(545460848935) MUL_MEDIA INFO: [MultiMedia_Init:100]Task Init Ok
09-20 07:06:24(2343) TRAS_TASK INFO: [Tras_Malloc_SockBuf:26]malloc socket buff cnt 14 
09-20 07:06:24(2343) TRAS_HTTP INFO: [Tras_Httpclient_Init:161]Httpclient Initialize success!
09-20 07:06:24(2343) DP_MNG INFO: [DiskSpace_Init:351]disk spce mng task init ok
09-20 07:06:24(2343) EVENT_TASK INFO: [Event_Init:3191]notice module init
09-20 07:06:24(2343) CLOUD_TASK INFO: [Cloud_ResInit:38]cloud res init ok
09-20 07:06:24(12970367455108008231) nvr_cfg INFO: [cfg_NVRMng_Init:155]Create msg queue 0xb400007bdec1ca40 
09-20 07:06:24(2343) ZJ_TASK INFO: [ZJ_Init:49]Client Sdk Version 3151420
09-20 07:06:24(523986017976) cos INFO: [Cos_ThreadProc:174]thread[HttpClientThread]:0xdec1c8c0 , threadid:7864 start ok
09-20 07:06:24(2343) PID_SA INFO: [Java_com_chinatelecom_smarthome_viewer_business_impl_NativeUser_init:171]enter function
09-20 07:06:24(2343) PID_SA INFO: [Java_com_chinatelecom_smarthome_viewer_business_impl_NativeDevice_init:1180]enter function
09-20 07:06:24(2343) PID_SA INFO: [Java_com_chinatelecom_smarthome_viewer_business_impl_NativeCommand_init:122]enter function
09-20 07:06:24(2343) PID_SA INFO: [Java_com_chinatelecom_smarthome_viewer_business_impl_NativeCommand_init:259]return function
09-20 07:06:24(528280979751) PID_CBST INFO: [Cbst_Dec_Init:20]Init ok
09-20 07:06:24(2343) PID_SA INFO: [Java_com_chinatelecom_smarthome_viewer_business_impl_NativeMedia_init:167]enter function
09-20 07:06:24(2343) PID_SA INFO: [Java_com_chinatelecom_smarthome_viewer_business_impl_NativeOld_init:66]enter function
09-20 07:06:24(2343) CFG_TASK INFO: [Cfg_SetCountryCode:268]set local contry GB
09-20 07:06:24(2343) CFG_TASK INFO: [Cfg_Task_Start:88]app use sdk version 51713056
09-20 07:06:24(2343) CMD_TASK INFO: [Cmd_Start:405]cmd task start ok
09-20 07:06:24(2343) TRAS_TASK INFO: [TrasPeer_LoadDeviceList:329]Load Did 12000103c0537c93 CTEI 000CF025010605EL ok OldFlag 0
09-20 07:06:24(2343) TRAS_TASK INFO: [TrasPeer_LoadDeviceList:332]load group list number 2
09-20 07:06:24(2343) TRAS_TASK INFO: [TrasLink_GetLink:29]link task init OK
09-20 07:06:24(523986017982) cos INFO: [Cos_ThreadProc:174]thread[cmd_task]:0xdec1e0c0 , threadid:7870 start ok
09-20 07:06:24(523986017986) cos INFO: [Cos_ThreadProc:174]thread[cloud_unblock]:0xdec1e180 , threadid:7874 start ok
09-20 07:06:24(523986017987) cos INFO: [Cos_ThreadProc:174]thread[TrasBaseProcThread]:0xdec1e1e0 , threadid:7875 start ok
09-20 07:06:24(7869) cos INFO: [Cos_ThreadProc:174]thread[cfg_task]:0xdec1caa0 , threadid:7869 start ok
09-20 07:06:24(536870914343) TRAS_TASK INFO: [TrasBase_StartThread:442]Tras start threads running success
09-20 07:06:24(7879) cos INFO: [Cos_ThreadProc:174]thread[TunnelRecvThread]:0xdec1e2a0 , threadid:7879 start ok
09-20 07:06:24(545460848935) TRAS_TASK INFO: [Tras_Start:36]tras task start ok
09-20 07:06:24(7876) cos INFO: [Cos_ThreadProc:174]thread[TrasBaseSendThread]:0xdec1e240 , threadid:7876 start ok
09-20 07:06:24(536870914343) DP_MNG INFO: [DiskSpace_Start:368]disk spce mng task run ok
09-20 07:06:24(523986017984) cos INFO: [Cos_ThreadProc:174]thread[md_mng]:0xdec1e000 , threadid:7872 start ok
09-20 07:06:24(523986017985) cos INFO: [Cos_ThreadProc:174]thread[cloud_block]:0xdec1e120 , threadid:7873 start ok
09-20 07:06:24(523986017993) cos INFO: [Cos_ThreadProc:174]thread[DP_TASK]:0xdec1e360 , threadid:7881 start ok
09-20 07:06:24(7882) cos INFO: [Cos_ThreadProc:174]thread[Notice_Internal_Task]:0xdec1e3c0 , threadid:7882 start ok
09-20 07:06:24(536870914343) EVENT_TASK INFO: [Event_Start:3270]notice module start ok
09-20 07:06:24(523986017992) cos INFO: [Cos_ThreadProc:174]thread[MULTI_MEDIA]:0xdec1e300 , threadid:7880 start ok
09-20 07:06:24(2343) CLOUD_TASK INFO: [Cloud_ResStart:79]cloud res start ok
09-20 07:06:24(7883) cos INFO: [Cos_ThreadProc:174]thread[CloudMng]:0xdec1e420 , threadid:7883 start ok
09-20 07:06:24(536870914343) CLOUD_TASK INFO: [Cloud_Start:67]cloud task start ok
09-20 07:06:24(7884) cos INFO: [Cos_ThreadProc:174]thread[cloud res]:0xdec1e480 , threadid:7884 start ok
09-20 07:06:24(2343) BHAVR_TASK INFO: [Bhavr_Start:271]BHavior task start ok
09-20 07:06:24(2343) nvr_cfg INFO: [loadConfig:509]Group list count: 2
09-20 07:06:24(2343) nvr_cfg INFO: [loadConfig:515]Load group [1600010140c3ad11A0000001] devicelist[0] useflag[1]
09-20 07:06:24(2343) nvr_cfg INFO: [loadConfig:515]Load group [22000101413a31a9] devicelist[1] useflag[1]
09-20 07:06:24(2343) nvr_cfg INFO: [loadConfig:533]dev type did 12000103c0537c93 type 1 
09-20 07:06:24(7886) cos INFO: [Cos_ThreadProc:174]thread[BHavr_task]:0xdec1e540 , threadid:7886 start ok
09-20 07:06:24(7885) cos INFO: [Cos_ThreadProc:174]thread[CloudExternChan]:0xdec1e4e0 , threadid:7885 start ok
09-20 07:06:24(7889) cos INFO: [Cos_ThreadProc:174]thread[nvr_cfg]:0xdec1e5a0 , threadid:7889 start ok
09-20 07:06:24(7889) nvr_cfg INFO: [taskManagerLoop:1358]Start Task manager
09-20 07:06:24(523986018002) cos INFO: [Cos_ThreadProc:174]thread[nvr_cfg]:0xdec1e600 , threadid:7890 start ok
09-20 07:06:24(7018141385328959186) nvr_cfg INFO: [updateConfigLoop:1670]Start update config loop
09-20 07:06:24(523986017998) cos ERR: [Cos_FileRead:109]inparam err ((_VOID *)(hFile)) == COS_NULL
09-20 07:06:24(4611745469364701479) CFG_TASK INFO: [Cfg_SetCountryCode:268]set local contry 
09-20 07:06:24(545460848935) PID_SA INFO: [Java_com_chinatelecom_smarthome_viewer_business_impl_NativeClient_writeLogToFile:118]I/DeviceBean: getDeviceName:GateCameras
09-20 07:06:24(545460848935) PID_SA INFO: [Java_com_chinatelecom_smarthome_viewer_business_impl_NativeClient_writeLogToFile:118]I/y0: device:realme,RMX3870,Android SDK:16,abi:arm64-v8a,appVersion:2.9.37
09-20 07:06:24(545460848935) PID_SA INFO: [Java_com_chinatelecom_smarthome_viewer_business_impl_NativeClient_writeLogToFile:118]I/y0: initHmSDKHelper  sdkDevConfigValue = false  av:2009370,buildTime:2026-09-03 16:44:47
09-20 07:06:24(2343) PID_SA INFO: [Java_com_chinatelecom_smarthome_viewer_business_impl_NativeUser_getOwnerVCardInfo:354]uiMarried:0,  uiSex:0, aucMobile:, aucEmail:, aucAddress:,aucBirthday:, aucCity:, aucCountry:GB,aucVMid:, aucNickName:, aucProvice:,aucPhotoProfile:,aucRegPeriod:,
09-20 07:06:24(60129544487) PID_SA INFO: [Java_com_chinatelecom_smarthome_viewer_business_impl_NativeClient_writeLogToFile:118]I/HmAdManager: initAdSdk  ALL
09-20 07:06:24(38654708007) PID_SA INFO: [Java_com_chinatelecom_smarthome_viewer_business_impl_NativeClient_writeLogToFile:118]I/AdmobAdManager: initAdSdk
09-20 07:06:24(4774451406201424167) PID_SA INFO: [Java_com_chinatelecom_smarthome_viewer_business_impl_NativeClient_writeLogToFile:118]I/AdViewModel: CareApplication AdViewModel.fetchAdList()
09-20 07:06:24(12970367459402975527) PID_SA INFO: [Java_com_chinatelecom_smarthome_viewer_business_impl_NativeClient_writeLogToFile:118]I/AdViewModel: fetchAdList start
09-20 07:06:24(2343) PID_SA INFO: [Java_com_chinatelecom_smarthome_viewer_business_impl_NativeClient_writeLogToFile:118]I/HmAdManager: getAdListFromLocal size=4
09-20 07:06:24(545460848935) PID_SA INFO: [Java_com_chinatelecom_smarthome_viewer_business_impl_NativeClient_writeLogToFile:118]I/AdViewModel: restoreAdListFromLocal size=4
09-20 07:06:24(2343) PID_SA INFO: [Java_com_chinatelecom_smarthome_viewer_business_impl_NativeClient_writeLogToFile:118]I/HmAdManager: cacheAdListData size=4, count=8
09-20 07:06:24(2343) PID_SA INFO: [Java_com_chinatelecom_smarthome_viewer_business_impl_NativeClient_writeLogToFile:118]I/HmAdManager: getAdQuestStatus mIsLoginRequest=true
09-20 07:06:24(2343) PID_SA INFO: [Java_com_chinatelecom_smarthome_viewer_business_impl_NativeClient_writeLogToFile:118]I/HmAdManager: cacheAdRequestStatus mIsLoginRequest=false
09-20 07:06:24(2343) PID_SA INFO: [Java_com_chinatelecom_smarthome_viewer_business_impl_NativeClient_writeLogToFile:118]I/AdViewModel: doFetchAdList start
09-20 07:06:24(42949675303) PID_SA INFO: [Java_com_chinatelecom_smarthome_viewer_business_impl_NativeClient_writeLogToFile:118]I/HmLaunch: androidId:511ec1bb3bbb64c4
09-20 07:06:24(532575952444) PID_SA INFO: [Java_com_chinatelecom_smarthome_viewer_business_impl_NativeClient_writeLogToFile:118]I/AdViewModel: requestAdListFromServer countryCode=GB
09-20 07:06:24(528280985148) PID_SA INFO: [Java_com_chinatelecom_smarthome_viewer_business_impl_NativeUser_GetDomainAddr:1672]HM_GetDomainAddr ret = 0,  aucSvrDomain:, aucWebDomain:, aucLogDomain:, aucAlexaDomain:
09-20 07:06:24(5415090368750296636) PID_SA INFO: [Java_com_chinatelecom_smarthome_viewer_business_impl_NativeClient_writeLogToFile:118]I/HmHostConfig: hostInfo:{svrHost:,webHost:,logHost:,alexaHost:}
09-20 07:06:24(528280985148) PID_SA INFO: [Java_com_chinatelecom_smarthome_viewer_business_impl_NativeUser_GetDomainAddr:1672]HM_GetDomainAddr ret = 0,  aucSvrDomain:, aucWebDomain:, aucLogDomain:, aucAlexaDomain:
09-20 07:06:24(7740) PID_SA INFO: [Java_com_chinatelecom_smarthome_viewer_business_impl_NativeClient_writeLogToFile:118]I/HmHostConfig: hostInfo:{svrHost:,webHost:,logHost:,alexaHost:}
09-20 07:06:24(120259086631) PID_SA INFO: [Java_com_chinatelecom_smarthome_viewer_business_impl_NativeClient_writeLogToFile:118]I/AdmobAdManager: googleGatherConsent curTime:1789868184649
09-20 07:06:24(120259086631) PID_SA INFO: [Java_com_chinatelecom_smarthome_viewer_business_impl_NativeClient_writeLogToFile:118]I/AdmobAdManager: googleGatherConsent jsonStr:{"appVersion":0,"status":true,"time":1789352586248}
09-20 07:06:24(2343) PID_SA INFO: [Java_com_chinatelecom_smarthome_viewer_business_impl_NativeClient_writeLogToFile:118]I/AdmobAdManager: isCanRequestAds：false
09-20 07:06:24(2343) PID_SA INFO: [Java_com_chinatelecom_smarthome_viewer_business_impl_NativeClient_writeLogToFile:118]I/HmAdManager: initAdSdk  ALL
09-20 07:06:24(2343) PID_SA INFO: [Java_com_chinatelecom_smarthome_viewer_business_impl_NativeClient_writeLogToFile:118]I/AdmobAdManager: initAdSdk
09-20 07:06:24(5066592530467111) PID_SA INFO: [Java_com_chinatelecom_smarthome_viewer_business_impl_NativeClient_writeLogToFile:118]I/HmAdManager: getCachedAdListData from memory, size=4
09-20 07:06:24(2343) PID_SA INFO: [Java_com_chinatelecom_smarthome_viewer_business_impl_NativeClient_writeLogToFile:118]I/HmAdManager: getAdDataByStrategy: adPositionKey=pro_Android_en_launch_screen3 lastCountDate:2026-09-14,now:1789868184668,today:2026-09-20,displayMaxTimes:2
09-20 07:06:24(2343) PID_SA INFO: [Java_com_chinatelecom_smarthome_viewer_business_impl_NativeClient_writeLogToFile:118]I/HmAdManager: getAdDataByStrategy posHourCountKey: pro_Android_en_launch_screen3_hourShowCount, posHourStartKey pro_Android_en_launch_screen3_hourStartTime, hourStartTime:1789352584290,hourCount:0
09-20 07:06:24(2343) PID_SA INFO: [Java_com_chinatelecom_smarthome_viewer_business_impl_NativeClient_writeLogToFile:118]I/HmAdManager: currentAdType: 1
09-20 07:06:24(2343) PID_SA INFO: [Java_com_chinatelecom_smarthome_viewer_business_impl_NativeClient_writeLogToFile:118]I/HmAdManager: getAdDataByStrategy: curPositionKey:pro_Android_en_launch_screen3,lastAdKey：，latestDiffTypeShowTime=0, elapsedSec=1789868184,displayInterval:1200,splashAdCoolingInterval:300
09-20 07:06:24(2343) PID_SA INFO: [Java_com_chinatelecom_smarthome_viewer_business_impl_NativeClient_writeLogToFile:118]I/: UsrToken:1600010140c3ad111p3g5jmo63upuvo5
09-20 07:06:24(12884904231) PID_SA INFO: [Java_com_chinatelecom_smarthome_viewer_business_impl_NativeClient_writeLogToFile:118]I/AdmobAdManager: isCanRequestAds：false
09-20 07:06:24(2343) PID_SA INFO: [Java_com_chinatelecom_smarthome_viewer_business_impl_NativeClient_writeLogToFile:118]I/HmAdManager: loadOpenAd:/adforegin/applovin
09-20 07:06:24(2343) PID_SA INFO: [Java_com_chinatelecom_smarthome_viewer_business_impl_NativeClient_writeLogToFile:118]E/LowPowerHeart: Heartbeat resumeDeviceHeart duration:0,interval:3000,canHeartExt:true
09-20 07:06:24(2343) PID_SA INFO: [Java_com_chinatelecom_smarthome_viewer_business_impl_NativeClient_setBackgroundToFront:88]setBackgroundToFront 1
09-20 07:06:24(2343) PID_SA INFO: [Java_com_chinatelecom_smarthome_viewer_business_impl_NativeClient_writeLogToFile:118]I/ZJViewerSdk: connectionChangeReceiver, network changed
09-20 07:06:24(2343) PID_SA INFO: [Java_com_chinatelecom_smarthome_viewer_business_impl_NativeClient_writeLogToFile:118]I/CurrentWiFiInfo: wifiInfo:SSID: <unknown ssid>, BSSID: 02:00:00:00:00:00, MAC: 02:00:00:00:00:00, IP: /192.168.1.50, Security type: 2, Supplicant state: COMPLETED, Wi-Fi standard: 11n, RSSI: -62, Link speed: 130Mbps, Tx Link speed: 130Mbps, Max Supported Tx Link speed: 144Mbps, Calculated Tx : 0Mbps, Rx Link speed: 52Mbps, Max Supported Rx Link speed: 144Mbps, Calculated Rx : 0Mbps, Frequency: 2412MHz, Net ID: -1, Metered hint: false, score: 60, isUsable: true, CarrierMerged: false, SubscriptionId: -1, IsPrimary: -1, Trusted: true, Restricted: false, Ephemeral: false, OEM paid: false, OEM private: false, OSU AP: false, FQDN: <none>, Provider friendly name: <none>, Requesting package name: <none><none>MLO Information: , Is TID-To-Link negotiation supported by the AP: false, AP MLD Address: <none>, AP MLO Link Id: <none>, AP MLO Affiliated links: <none>, Vendor Data: <none>,ssid:<unknown ssid>
09-20 07:06:24(532575947047) PID_SA INFO: [Java_com_chinatelecom_smarthome_viewer_business_impl_NativeClient_writeLogToFile:118]I/CurrentWiFiInfo: dhcp - ipaddr 192.168.1.50 gateway 192.168.1.1 netmask 0.0.0.0 dns1 192.168.1.1 dns2 0.0.0.0 DHCP server 192.168.1.1 lease 86400 seconds
09-20 07:06:24(17827451128686577959) PID_SA INFO: [Java_com_chinatelecom_smarthome_viewer_business_impl_NativeClient_writeLogToFile:118]I/ZJViewerSdk: currentWiFiInfo:isConnected:true,ssid:,gateIp:192.168.1.1, lastGateIP: 
09-20 07:06:24(9397974483345606951) PID_SA INFO: [Java_com_chinatelecom_smarthome_viewer_business_impl_NativeClient_writeLogToFile:118]getNetType123: flag = true  getTypeName = WIFI
09-20 07:06:24(2343) TRAS_TASK INFO: [Tras_SetNetworkType:71]set net work type 2 
09-20 07:06:24(7875) CFG_TASK INFO: [Cfg_SetPeerDevCanUseStatus:645]set device 12000103c0537c93 oldflag 0 group 22000101413a31a9 can use status 0
09-20 07:06:24(7875) nvr_cfg WARN: [cfg_OnPeerDeviceStatusChange:454]Ignonre 12000103c0537c93 status changed
09-20 07:06:24(523986017987) PID_SA INFO: [FUN_DEVICE_STATUS:1267]FUN_DEVICE_STATUS deviceId:12000103c0537c93, status:1
09-20 07:06:24(85899353815) PID_SA INFO: [Java_com_chinatelecom_smarthome_viewer_business_impl_NativeClient_writeLogToFile:118]I/AdmobAdManager: initAdSdk adInfo.id:fd3204f0-0817-4f5e-8458-8787d6193771
09-20 07:06:24(523986017987) TRAS_TASK INFO: [TrasPeer_ProcStatusCbFlag:630]device 12000103c0537c93 online status 1
09-20 07:06:24(7875) TRAS_TASK INFO: [TrasBase_ProcThread:491]net work change proc ok
09-20 07:06:24(7875) PID_SA INFO: [FUN_SERVER_STATUS:2600]FUN_SERVER_STATUS enServerStatus:0, iErr:0
09-20 07:06:24(523986017987) cos INFO: [Cand_InetGetLocalIps:370]start getLocalIp wlan0 ip= <192.168.1.50>.
09-20 07:06:24(523986017987) TRAS_TASK INFO: [TrasNat_GetLocalIP:57]udpPort 192.168.1.50:8175 has been setted 
09-20 07:06:24(12970367459402981165) PID_SA INFO: [Java_com_chinatelecom_smarthome_viewer_business_impl_NativeClient_writeLogToFile:118]I/AdmobAdManager: initAdSdk adInfo.id:fd3204f0-0817-4f5e-8458-8787d6193771
09-20 07:06:24(2343) PID_SA INFO: [Java_com_chinatelecom_smarthome_viewer_business_impl_NativeClient_writeLogToFile:118]I/LowPowerHeart: onDeviceStateChange awakeDevice groupId:22000101413a31a9//deviceId:12000103c0537c93//status:1//StatusEnum:1//statusName:ONLINE
09-20 07:06:24(545460848935) PID_SA INFO: [Java_com_chinatelecom_smarthome_viewer_business_impl_NativeClient_writeLogToFile:118]I/y0: onDeviceStateChange groupId:22000101413a31a9,deviceId:12000103c0537c93,devicePresenceState:1   deviceType = CAMERA  awakeAbility:NOT_SUPPORT
09-20 07:06:24(536870914343) PID_SA INFO: [Java_com_chinatelecom_smarthome_viewer_business_impl_NativeClient_writeLogToFile:118]I/Internal: onServerStatusChange/////uToken:1600010140c3ad111p3g5jmo63upuvo5//serverStatus:0//errorCode:0
09-20 07:06:24(2343) PID_SA INFO: [Java_com_chinatelecom_smarthome_viewer_business_impl_NativeClient_writeLogToFile:118]I/y0: onSelfAuthStateChange serverStatus:0,hmError:0
09-20 07:06:25(7856) cos INFO: [Cos_InetMgrProc:137]get local host ok ip 0 passive 1
09-20 07:06:25(55834582829) PID_SA INFO: [Java_com_chinatelecom_smarthome_viewer_business_impl_NativeClient_writeLogToFile:118]I/AdmobAdManager: isTestDevice:false
09-20 07:06:25(7875) cos INFO: [Cos_SocketOpen:377]socket<338> open ok
09-20 07:06:25(12970367455108013763) TRAS_TASK INFO: [TrasLocalLan_ListenTCP:381]Lan TCP Listen OK socket type 0 Port:15668
09-20 07:06:25(7875) cos INFO: [Cos_SocketOpen:377]socket<345> open ok
09-20 07:06:25(12970367455108013763) TRAS_TASK INFO: [TrasLocalLan_ListenUDP:322]Lan UDP listen OK.socket type 0 Port 17758
09-20 07:06:25(523986017987) cos INFO: [Cos_SocketOpen:377]socket<342> open ok
09-20 07:06:25(7875) cos INFO: [Cand_InetGetLocalIps:370]start getLocalIp wlan0 ip= <192.168.1.50>.
09-20 07:06:25(12970367455108013763) TRAS_TASK INFO: [TrasLocalLan_Broadcast:151]send boadcast ok to peer port 16658
09-20 07:06:25(523986017987) cos INFO: [Cos_SocketClose:390]socket<342> closed
09-20 07:06:25(7856) cos INFO: [Cos_InetMgrProc:133]get host 224.66.68.55 ok ip 927220448 passive 0
09-20 07:06:25(523986017987) cos INFO: [Cos_SocketOpen:377]socket<399> open ok
09-20 07:06:25(523986017987) cos INFO: [Cos_SocketClose:390]socket<399> closed
09-20 07:06:25(7875) cos INFO: [Cos_SocketOpen:377]socket<399> open ok
09-20 07:06:25(523986017987) cos INFO: [Cos_SocketClose:390]socket<399> closed
09-20 07:06:25(7875) TRAS_TASK INFO: [TrasLocalLan_SearchDevice:189]locallan send boadcast ok
09-20 07:06:25(7895) PID_SA INFO: [Java_com_chinatelecom_smarthome_viewer_business_impl_NativeClient_writeLogToFile:118]I/AdmobAdManager: isTestDevice:false
09-20 07:06:25(523986017987) PID_SA INFO: [FUN_SERVER_STATUS:2600]FUN_SERVER_STATUS enServerStatus:1, iErr:0
09-20 07:06:25(506806143271) PID_SA INFO: [Java_com_chinatelecom_smarthome_viewer_business_impl_NativeClient_writeLogToFile:118]I/Internal: onServerStatusChange/////uToken:1600010140c3ad111p3g5jmo63upuvo5//serverStatus:1//errorCode:0
09-20 07:06:25(2343) PID_SA INFO: [Java_com_chinatelecom_smarthome_viewer_business_impl_NativeClient_writeLogToFile:118]I/y0: onSelfAuthStateChange serverStatus:1,hmError:0
09-20 07:06:25(7740) PID_SA INFO: [Java_com_chinatelecom_smarthome_viewer_business_impl_NativeClient_writeLogToFile:118]I/AdViewModel: getAdList isSuccessful=true
09-20 07:06:25(506806143271) PID_SA INFO: [Java_com_chinatelecom_smarthome_viewer_business_impl_NativeClient_writeLogToFile:118]I/AdViewModel: getAdList success, size=4
09-20 07:06:25(2343) PID_SA INFO: [Java_com_chinatelecom_smarthome_viewer_business_impl_NativeClient_writeLogToFile:118]I/HmAdManager: cacheAdListToLocal persisted
09-20 07:06:25(545460848935) PID_SA INFO: [Java_com_chinatelecom_smarthome_viewer_business_impl_NativeClient_writeLogToFile:118]I/AdViewModel: cachedAdListData is not empty, skip memory update
09-20 07:06:25(7856) cos INFO: [Cos_InetMgrProc:133]get host 43.133.96.204 ok ip 3428877611 passive 0
09-20 07:06:25(12970367459402981059) cos INFO: [Cos_SocketOpen:377]socket<439> open ok
09-20 07:06:25(12970367455108013763) TRAS_TASK INFO: [TrasLink_Connect:245]Link Connect Addr:43.133.96.204:19336,ConnFlag:1
09-20 07:06:25(523986017987) cos INFO: [Cos_SocketOpen:377]socket<417> open ok
09-20 07:06:25(7875) cos INFO: [Cand_InetGetLocalIps:370]start getLocalIp wlan0 ip= <192.168.1.50>.
09-20 07:06:25(7875) cos ERR: [Cos_SocketErrFilterToLog:666]Cand_SocketSendTo:719 has error<13>
09-20 07:06:25(523986017987) TRAS_TASK INFO: [TrasLocalLan_Broadcast:151]send boadcast ok to peer port 16658
09-20 07:06:25(523986017987) cos INFO: [Cos_SocketClose:390]socket<417> closed
09-20 07:06:25(523986017987) TRAS_TASK INFO: [TrasLocalLan_SearchDevice:189]locallan send boadcast ok
09-20 07:06:25(2343) PID_SA INFO: [Java_com_chinatelecom_smarthome_viewer_business_impl_NativeClient_writeLogToFile:118]I/AdmobAdManager: initializationStatus = {com.google.android.gms.ads.MobileAds=com.google.android.gms.internal.ads.zzboe@b28f1ae, com.google.ads.mediation.vungle.VungleMediationAdapter=com.google.android.gms.internal.ads.zzboe@4a61b4f, com.google.ads.mediation.facebook.FacebookMediationAdapter=com.google.android.gms.internal.ads.zzboe@525e2dc, com.google.ads.mediation.mintegral.MintegralMediationAdapter=com.google.android.gms.internal.ads.zzboe@e68cfe5, com.google.ads.mediation.pangle.PangleMediationAdapter=com.google.android.gms.internal.ads.zzboe@2167aba}
09-20 07:06:25(60129544487) PID_SA INFO: [Java_com_chinatelecom_smarthome_viewer_business_impl_NativeClient_writeLogToFile:118]I/HmAdManager: isInitSuccess:true
09-20 07:06:25(2343) PID_SA INFO: [Java_com_chinatelecom_smarthome_viewer_business_impl_NativeClient_writeLogToFile:118]I/AdmobAdManager: initializationStatus = {com.google.android.gms.ads.MobileAds=com.google.android.gms.internal.ads.zzboe@2d31d6b, com.google.ads.mediation.vungle.VungleMediationAdapter=com.google.android.gms.internal.ads.zzboe@29c50c8, com.google.ads.mediation.facebook.FacebookMediationAdapter=com.google.android.gms.internal.ads.zzboe@fdb8561, com.google.ads.mediation.mintegral.MintegralMediationAdapter=com.google.android.gms.internal.ads.zzboe@c842547, com.google.ads.mediation.pangle.PangleMediationAdapter=com.google.android.gms.internal.ads.zzboe@389b174}
09-20 07:06:25(545460848935) PID_SA INFO: [Java_com_chinatelecom_smarthome_viewer_business_impl_NativeClient_writeLogToFile:118]I/HmAdManager: isInitSuccess:true
09-20 07:06:25(7875) cos INFO: [Cos_SocketOpen:377]socket<476> open ok
09-20 07:06:25(12970367455108013763) TRAS_TASK INFO: [TrasOldLan_ListenTCP:261]Listen success, the port is 9001.
09-20 07:06:25(523986017987) cos INFO: [Cos_SocketOpen:377]socket<477> open ok
09-20 07:06:25(523986017987) cos INFO: [Cos_SocketOpen:377]socket<478> open ok
09-20 07:06:25(7875) cos INFO: [Cand_InetGetLocalIps:370]start getLocalIp wlan0 ip= <192.168.1.50>.
09-20 07:06:25(523986017987) TRAS_TASK INFO: [TrasOldLan_SendBroadcast:147]get local ip 192.168.1.50:5564
09-20 07:06:25(12970367450813046467) cos INFO: [Cos_SocketClose:390]socket<478> closed
09-20 07:06:25(7875) TRAS_TASK INFO: [TrasOldLan_SendBroadcast:168]send broadcast ok lancnt 0
09-20 07:06:25(7875) cos INFO: [Cos_SocketOpen:377]socket<481> open ok
09-20 07:06:25(7875) cos INFO: [Cand_InetGetLocalIps:370]start getLocalIp wlan0 ip= <192.168.1.50>.
09-20 07:06:25(523986017987) TRAS_TASK INFO: [TrasOldLan_SendBroadcast:147]get local ip 192.168.1.50:5564
09-20 07:06:25(12970367450813046467) cos INFO: [Cos_SocketClose:390]socket<481> closed
09-20 07:06:25(7875) TRAS_TASK INFO: [TrasOldLan_SendBroadcast:168]send broadcast ok lancnt 130
09-20 07:06:25(7875) cos INFO: [Cos_SocketOpen:377]socket<487> open ok
09-20 07:06:25(7875) cos INFO: [Cand_InetGetLocalIps:370]start getLocalIp wlan0 ip= <192.168.1.50>.
09-20 07:06:25(523986017987) TRAS_TASK INFO: [TrasOldLan_SendBroadcast:147]get local ip 192.168.1.50:5564
09-20 07:06:25(7875) cos ERR: [Cos_SocketErrFilterToLog:673]Cand_SocketSendTo:719 has error<13>, has 30 times
09-20 07:06:25(7875) cos ERR: [Cos_SocketErrFilterToLog:673]Cand_SocketSendTo:719 has error<13>, has 60 times
09-20 07:06:25(7875) cos ERR: [Cos_SocketErrFilterToLog:673]Cand_SocketSendTo:719 has error<13>, has 90 times
09-20 07:06:25(7875) cos ERR: [Cos_SocketErrFilterToLog:673]Cand_SocketSendTo:719 has error<13>, has 120 times
09-20 07:06:25(12970367450813046467) cos INFO: [Cos_SocketClose:390]socket<487> closed
09-20 07:06:25(7875) TRAS_TASK INFO: [TrasOldLan_SendBroadcast:168]send broadcast ok lancnt 260
09-20 07:06:25(7875) TRAS_TASK INFO: [TrasBase_ProcBaseSock:670]Link Connect Addr:43.133.96.204:19336,ConnectFlag is: 2
09-20 07:06:25(4294975171) PID_SA INFO: [FUN_SERVER_STATUS:2600]FUN_SERVER_STATUS enServerStatus:2, iErr:0
09-20 07:06:25(506806143271) PID_SA INFO: [Java_com_chinatelecom_smarthome_viewer_business_impl_NativeClient_writeLogToFile:118]I/Internal: onServerStatusChange/////uToken:1600010140c3ad111p3g5jmo63upuvo5//serverStatus:2//errorCode:0
09-20 07:06:25(2343) PID_SA INFO: [Java_com_chinatelecom_smarthome_viewer_business_impl_NativeClient_writeLogToFile:118]I/y0: onSelfAuthStateChange serverStatus:2,hmError:0
09-20 07:06:25(523986017987) TRAS_TASK INFO: [TrasPeer_LoadDeviceList:329]Load Did 12000103c0537c93 CTEI 000CF025010605EL ok OldFlag 0
09-20 07:06:25(523986017987) TRAS_TASK INFO: [TrasPeer_LoadDeviceList:332]load group list number 2
09-20 07:06:25(12970367442223111875) TRAS_TASK INFO: [TrasLink_AuthUserToken:188]ogct 4 send login requst body {"METHOD":"4116","SEQID":"4","BODY":{"UserToken":"1600010140c3ad111p3g5jmo63upuvo5","SDKVersion":"51713056","WebDomainAbilty":"1","TestFlag":"1"}} iRet 0 
09-20 07:06:25(7875) CFG_TASK INFO: [Cfg_SetPeerDevCanUseStatus:645]set device 12000103c0537c93 oldflag 0 group 22000101413a31a9 can use status 0
09-20 07:06:25(7875) nvr_cfg WARN: [cfg_OnPeerDeviceStatusChange:454]Ignonre 12000103c0537c93 status changed
09-20 07:06:25(523986017987) PID_SA INFO: [FUN_DEVICE_STATUS:1267]FUN_DEVICE_STATUS deviceId:12000103c0537c93, status:1
09-20 07:06:25(7875) TRAS_TASK INFO: [TrasPeer_ProcStatusCbFlag:630]device 12000103c0537c93 online status 1
09-20 07:06:25(506806143271) PID_SA INFO: [Java_com_chinatelecom_smarthome_viewer_business_impl_NativeClient_writeLogToFile:118]I/LowPowerHeart: onDeviceStateChange awakeDevice groupId:22000101413a31a9//deviceId:12000103c0537c93//status:1//StatusEnum:1//statusName:ONLINE
09-20 07:06:25(545460848935) PID_SA INFO: [Java_com_chinatelecom_smarthome_viewer_business_impl_NativeClient_writeLogToFile:118]I/y0: onDeviceStateChange groupId:22000101413a31a9,deviceId:12000103c0537c93,devicePresenceState:1   deviceType = CAMERA  awakeAbility:NOT_SUPPORT
09-20 07:06:25(7875) CFG_TASK INFO: [Cfg_Task_RecvGetDomainRsp:45]ocgt 3 recv get domain rsp code 0
09-20 07:06:25(7875) PID_SA INFO: [FUN_SERVER_STATUS:2600]FUN_SERVER_STATUS enServerStatus:4, iErr:0
09-20 07:06:25(523986017987) TRAS_TASK INFO: [TrasLink_ProcAuthTokenRsp:292]ogct 4 recv auth rsp code 0 
09-20 07:06:25(523986017987) TRAS_TASK INFO: [TrasNat_GetNatServer:144]ogct 5 Get Detect Server Addr iRet 0 
09-20 07:06:25(536870914343) PID_SA INFO: [Java_com_chinatelecom_smarthome_viewer_business_impl_NativeClient_writeLogToFile:118]I/Internal: onServerStatusChange/////uToken:1600010140c3ad111p3g5jmo63upuvo5//serverStatus:4//errorCode:0
09-20 07:06:25(523986017987) TRAS_TASK INFO: [TrasPeer_GetProxySvr:892]ogct 6 start get proxy for peerid 12000103c0537c93 Relay mode 0 gid 22000101413a31a9 iret 0
09-20 07:06:25(536870914343) PID_SA INFO: [Java_com_chinatelecom_smarthome_viewer_business_impl_NativeClient_writeLogToFile:118]I/y0: onSelfAuthStateChange serverStatus:4,hmError:0
09-20 07:06:25(2343) ZJ_TASK INFO: [ZJ_GetPaasPlatAccessToken:3766]ogct 7 get paasplat token iRet 0
09-20 07:06:25(523986017994) EVENT_TASK INFO: [Event_GetEventCalender:2346]Get event calender req route store reqid [8] device id [12000103c0537c93] channel[-1] from day [1970-01-01]
09-20 07:06:25(9397974483345606951) PID_SA INFO: [Java_com_chinatelecom_smarthome_viewer_business_impl_NativeClient_writeLogToFile:118]onInitPushSuccess: regid = eTaw3UHwT7yXDsUUjIDjw_:APA91bGOPrHHfPX6BI8lyu8Xuh2S_tcCJ1X6J2fTnbEulnllK4sV-ag66RoIN9ctFMucYPCZ7nWJDLxUD71DTrCmEUFuwrP9Ejga3KAQWdqdxzB2QJfr-f8
09-20 07:06:25(2343) ZJ_TASK INFO: [ZJ_SetPushToken:1024]ogct 9 set pushtoken eTaw3UHwT7yXDsUUjIDjw_:APA91bGOPrHHfPX6BI8lyu8Xuh2S_tcCJ1X6J2fTnbEulnllK4sV-ag66RoIN9ctFMucYPCZ7nWJDLxUD71DTrCmEUFuwrP9Ejga3KAQWdqdxzB2QJfr-f8 iRet 0
09-20 07:06:25(2343) PID_SA INFO: [Java_com_chinatelecom_smarthome_viewer_business_impl_NativeClient_writeLogToFile:118]I/AdmobAdManager: googleGatherConsent==consentError:null,msg:null
09-20 07:06:25(545460848935) PID_SA INFO: [Java_com_chinatelecom_smarthome_viewer_business_impl_NativeClient_writeLogToFile:118]I/AdmobAdManager: isCanRequestAds：true
09-20 07:06:25(523986017994) EVENT_TASK INFO: [Event_GetEventCalender_Req_ProcMsg:1803]reqid 8 creat get event calender task OK router 2
09-20 07:06:25(523986017994) EVENT_TASK INFO: [Event_SendGetEventCalenderReqToStore:172]ogct 10 send req msg {"METHOD":"3514","SEQID":"10","BODY":{"Date":"1970-01-01","DID":"12000103c0537c93","ChannelNum":"-1","Today":"2026-09-20","OwnerID":"1600010140c3ad11"}}
09-20 07:06:25(523986017987) TRAS_TASK INFO: [TrasNat_ParseGetNatSvrRsp:119]ogct 5 recv rsp code 0 natip 129.227.231.62:30194 encflag 0
09-20 07:06:25(7856) cos INFO: [Cos_InetMgrProc:133]get host 129.227.231.62 ok ip 1055384449 passive 0
09-20 07:06:25(7875) cos INFO: [Cos_SocketOpen:377]socket<5> open ok
09-20 07:06:25(12970367455108013763) TRAS_TASK INFO: [TrasNat_CreatNatHole:622]creat new nat hole get local udp port 8175 socket type 0
09-20 07:06:25(523986017987) TRAS_TASK INFO: [TrasNat_CheckNatType:391]natinf init ok socket 5 
09-20 07:06:25(7875) TRAS_TASK INFO: [TrasNat_CheckNat:226]send udp msg to server 129.227.231.62:30194 iret 72
09-20 07:06:25(523986017987) TRAS_TASK INFO: [TrasNat_CheckNatType:397]natInf send msg to port1 30194 
09-20 07:06:25(7856) cos INFO: [Cos_InetMgrProc:133]get host 43.134.240.233 ok ip 3924854315 passive 0
09-20 07:06:25(7875) cos INFO: [Cos_SocketOpen:377]socket<125> open ok
09-20 07:06:25(523986017987) TRAS_TASK INFO: [TrasP2PSlot_NewTcp:26]p2pslot creat tcp slot 0xb400007c826c1200 peer addr: 43.134.240.233:port:25006
09-20 07:06:25(523986017987) TRAS_TASK INFO: [TrasPeer_ParseGetProxySvrRsp:1228]ogct 6 recv rsp code 0 prxoy 43.134.240.233:25006 enctype 49
09-20 07:06:25(12970367459402981059) ZJ_TASK INFO: [ZJ_RecvGetPaasTokenRsp:3750]ogct 7 recv rsp code 0
09-20 07:06:25(7875) PID_SA INFO: [FUN_DEVICE_COMMON_RSP:1216]FUN_DEVICE_COMMON_RSP uiReqId:9, iErr:0
09-20 07:06:25(17827451128686577959) PID_SA INFO: [Java_com_chinatelecom_smarthome_viewer_business_impl_NativeClient_writeLogToFile:118]I/Internal: onGetPaasPlatToken accessTokenut6AAF3899-00000003-00G001-g87wv/expireSeconds:86399//strPaasAddr:https://gm-ap.smartcloudcon.com
09-20 07:06:25(2343) PID_SA INFO: [Java_com_chinatelecom_smarthome_viewer_business_impl_NativeClient_writeLogToFile:118]I/HmSdkHelper: onServerStatusChange onTokenReturn accessToken:ut6AAF3899-00000003-00G001-g87wv
09-20 07:06:25(523986017987) ZJ_TASK INFO: [ZJ_UserProcSetPushTokenRsp:1001]ogct 9 recv rsp code 0 
09-20 07:06:25(12970367459402975527) PID_SA INFO: [Java_com_chinatelecom_smarthome_viewer_business_impl_NativeClient_writeLogToFile:118]I/HmSdkHelper: onServerStatusChange onTokenReturn pTokenJson:{"accessToken":"ut6AAF3899-00000003-00G001-g87wv","createTime":1789868185975,"expireSeconds":86399,"passAddress":"https://gm-ap.smartcloudcon.com"}
09-20 07:06:25(7875) EVENT_TASK INFO: [Event_RecvGetEventCalenderRspFromStore:724]ogct 10 recv rsp json[0x826bd4c0] 
09-20 07:06:25(7882) PID_SA INFO: [FUN_GETEVENTCALENDER_RSP:1384]FUN_GETEVENTCALENDER_RSP reqId:8, error:0
09-20 07:06:25(7882) PID_SA INFO: [FUN_GETEVENTCALENDER_RSP:1386]list size: 0
09-20 07:06:25(7882) EVENT_TASK INFO: [Event_GetEventCalender_Rsp_ProcMsg:1844]event calender rsp msg uiRoute 2 uiReqId 10 rspstatus0 calender list 0
09-20 07:06:26(523986017994) EVENT_TASK INFO: [Event_GetNewEventCount:2774]ogct 12 send req msg {"METHOD":"3534","SEQID":"12","BODY":{"DID":"12000103c0537c93","Dates":["2026-09-20"]},"ChannelNum":"-1"}
09-20 07:06:26(523986017981) CFG_TASK INFO: [Cfg_ReqDevSrvItemsFromCloud:3733]ogct 13 get dev serveritem form link body {"METHOD":"3392","SEQID":"13","BODY":{"CompanyID":"0000213ed0cdb8bc","APPID":"1665373297326122","DID":"12000103c0537c93","Language":"2","Items":[{"ConfType":"1","Sign":"0"},{"ConfType":"2","Sign":"0"},{"ConfType":"8","Sign":"0"}]}}
09-20 07:06:26(7875) TRAS_TASK INFO: [TrasBase_OnPortHoleUDPRecv:983]recv msg 32,27
09-20 07:06:26(7875) TRAS_TASK INFO: [Tras_ParseNatTestRsp:215]Recv Nat test rsp: {"METHOD":"201B","SEQID":"11","CODE":"0","BODY":{"NatIP":"183.83.229.60","Port":"10969"}}
09-20 07:06:26(523986017981) CFG_TASK INFO: [Cfg_Task_ProcOwnerCfg:809]ogct 14 start down owner inf
09-20 07:06:26(7869) CFG_TASK INFO: [Cfg_Task_GetGroupList:489]ogct 15 begain get group list
09-20 07:06:26(523986017981) TRAS_TASK INFO: [Tras_GetAppNewVersion:1865]ogct 16 send get app new version {"METHOD":"4162","SEQID":"16","BODY":{"AppVersion":"2.9.37","AppID":"1593592778513070","Language":"2"}} iret 0
09-20 07:06:26(7875) TRAS_TASK INFO: [TrasNat_CheckNat:226]send udp msg to server 129.227.231.62:30195 iret 72
09-20 07:06:26(523986017987) TRAS_TASK INFO: [TrasNat_CheckNatType:423]natInf send msg to port2 30195
09-20 07:06:26(523986017987) TRAS_TASK INFO: [TrasP2PSlot_ProcTcpState:210]tcpslot 0xb400007c826c1200 send match req;turn to matching status
09-20 07:06:26(7875) EVENT_TASK INFO: [Event_RecvGetNewEventCountRspFromStore:1065]ogct 12 recv rsp json, set new event count 0 day 2026-09-20 msg rsp code 0
09-20 07:06:26(7875) PID_SA INFO: [FUN_NEWEVENT_CB:1601]onNewEventNotify pucDeviceId:12000103c0537c93, uiNewEventCount:0, pucDay:2026-09-20, uiRouterType:2
09-20 07:06:26(523986017987) CFG_TASK INFO: [Cfg_RecvDevSrvItemsFromCloudRsp:3530]ogct 13 recv srv dev rsp event id info {"EventIDs":[{"AIIoTType":"1000","AlgorithmID":[],"EventID":"100000","Name":"Motion Detection","OpenFlag":"1"},{"AIIoTType":"1000","AlgorithmID":[],"EventID":"100001","Name":"Human Detection","OpenFlag":"1"},{"AIIoTType":"1096","AlgorithmID":[],"EventID":"109600","Name":"","OpenFlag":"0"},{"AIIoTType":"1097","AlgorithmID":[],"EventID":"109700","Name":"","OpenFlag":"0"},{"AIIoTType":"1029","AlgorithmID":[],"EventID":"102900","Name":"Pet Detection","OpenFlag":"0"},{"AIIoTType":"1083","AlgorithmID":[],"EventID":"108300","Name":"Vehicle Detection","OpenFlag":"0"},{"AIIoTType":"1097","AlgorithmID":[],"EventID":"109702","Name":"","OpenFlag":"0"},{"AIIoTType":"1025","AlgorithmID":[],"EventID":"102500","Name":"","OpenFlag":"0"},{"AIIoTType":"1104","AlgorithmID":[],"EventID":"110400","Name":"","OpenFlag":"0"},{"AIIoTType":"1097","AlgorithmID":[],"EventID":"109701","Name":"","OpenFlag":"0"},{"AIIoTType":"1097","AlgorithmID":[],"EventID":"109703","Name":"","OpenFlag":"0"},{"AIIoTType":"1026","AlgorithmID":[],"EventID":"102600","Name":"","OpenFlag":"0"},{"AIIoTType":"1105","AlgorithmID":[],"EventID":"110500","Name":"","OpenFlag":"0"},{"AIIoTType":"1029","AlgorithmID":[],"EventID":"102901","Name":"","OpenFlag":"0"},{"AIIoTType":"1103","AlgorithmID":[],"EventID":"110300","Name":"","OpenFlag":"0"},{"AIIoTType":"1089","AlgorithmID":[],"EventID":"108901","Name":"","OpenFlag":"0"},{"AIIoTType":"1109","AlgorithmID":[],"EventID":"110900","Name":"","OpenFlag":"0"},{"AIIoTType":"1029","AlgorithmID":[],"EventID":"102903","Name":"","OpenFlag":"0"},{"AIIoTType":"1029","AlgorithmID":[],"EventID":"102904","Name":"","OpenFlag":"0"},{"AIIoTType":"1029","AlgorithmID":[],"EventID":"102905","Name":"","OpenFlag":"0"},{"AIIoTType":"1029","AlgorithmID":[],"EventID":"102906","Name":"","OpenFlag":"0"},{"AIIoTType":"1106","AlgorithmID":[],"EventID":"110600","Name":"","OpenFlag":"0"},{"AIIoTType":"1000","AlgorithmID":[],"Even***
09-20 07:06:26(4189022135118732995) PID_SA INFO: [FUN_DEVICE_CFG_STATUS:1249]FUN_DEVICE_CFG_STATUS pucDeviceId:12000103c0537c93, enDeviceCfgItem:32768
09-20 07:06:26(7875) CFG_TASK INFO: [Cfg_RecvDevSrvItemsFromCloudRsp:3550]ogct 13 recv srv dev rsp app setting {"ClickAlarm":"1","EnCoderID":"0","FullColorMode":"0","JpgResample":"1","LampFlag":"0","LightLevelMode":"1","LightMaxTime":"43200","LowBatteryPolicy":{"DisabledFeatures":[],"Enabled":0,"Threshold":0},"PlayAlertDuration":"0","PlayAlertFlag":"0","PlayLenth":"","PlayRestrictionFlag":"","PriorStreamID":"1","ResampleHight":"1296","ResampleWidth":"2304","ScreenSplit":{"OpenFlag":"","ShownPrecent":"","SplitCamID":""},"Sign":"16717","VideoResample":"0"}
09-20 07:06:26(7875) PID_SA INFO: [FUN_DEVICE_CFG_STATUS:1249]FUN_DEVICE_CFG_STATUS pucDeviceId:12000103c0537c93, enDeviceCfgItem:131072
09-20 07:06:26(2305843013508663591) PID_SA INFO: [Java_com_chinatelecom_smarthome_viewer_business_impl_NativeClient_writeLogToFile:118]I/y0: onDeviceConfigUpdate  deviceId is =12000103c0537c93,,,,UNKNOWN
09-20 07:06:26(523986017987) CFG_TASK INFO: [Cfg_RecvDevSrvItemsFromCloudRsp:3569]ogct 13 recv srv dev rsp charge info {"AutoPayStatus":"0","DayExpireFlag":0,"EventExpireFlag":0,"Packages":[]}
09-20 07:06:26(7875) PID_SA INFO: [FUN_DEVICE_CFG_STATUS:1249]FUN_DEVICE_CFG_STATUS pucDeviceId:12000103c0537c93, enDeviceCfgItem:65536
09-20 07:06:26(523986017987) CFG_TASK INFO: [Cfg_RecvDevSrvItemsFromCloudRsp:3588]ogct 13 recv srv dev rsp nodel setting (null)
09-20 07:06:26(523986017987) CFG_TASK INFO: [Cfg_RecvDevSrvItemsFromCloudRsp:3649]ogct 13 recv srv dev rsp items 0 code 0
09-20 07:06:26(9397974483345606951) PID_SA INFO: [Java_com_chinatelecom_smarthome_viewer_business_impl_NativeClient_writeLogToFile:118]DeviceManager: cache TF Card Info
09-20 07:06:26(2343) CMD_TASK INFO: [Cmd_GetPeerTfCardInf:830]reqid 19 send GetPeerTfCardInf msg {"METHOD":"344E","SEQID":"19","FROM":{"UserToken":"1600010140c3ad111p3g5jmo63upuvo5"},"TO":{"DID":"12000103c0537c93"}} to peer 12000103c0537c93, iret -1
09-20 07:06:26(545460848935) PID_SA INFO: [Java_com_chinatelecom_smarthome_viewer_business_impl_NativeCommand_getTFCardInfo:394]HM_GetSdCardInf ret = -1 puiReqId = 19
09-20 07:06:26(12970367459402975527) PID_SA INFO: [Java_com_chinatelecom_smarthome_viewer_business_impl_NativeClient_writeLogToFile:118]DeviceManager: deviceId = 12000103c0537c93   get sdcard info errorCode = -1
09-20 07:06:26(17827451128686577959) PID_SA INFO: [Java_com_chinatelecom_smarthome_viewer_business_impl_NativeClient_writeLogToFile:118]I/y0: onDeviceConfigUpdate  deviceId is =12000103c0537c93,,,,UNKNOWN
09-20 07:06:26(545460848935) PID_SA INFO: [Java_com_chinatelecom_smarthome_viewer_business_impl_NativeClient_writeLogToFile:118]DeviceManager: cache TF Card Info
09-20 07:06:26(2343) CMD_TASK INFO: [Cmd_GetPeerTfCardInf:830]reqid 20 send GetPeerTfCardInf msg {"METHOD":"344E","SEQID":"20","FROM":{"UserToken":"1600010140c3ad111p3g5jmo63upuvo5"},"TO":{"DID":"12000103c0537c93"}} to peer 12000103c0537c93, iret -1
09-20 07:06:26(545460848935) PID_SA INFO: [Java_com_chinatelecom_smarthome_viewer_business_impl_NativeCommand_getTFCardInfo:394]HM_GetSdCardInf ret = -1 puiReqId = 20
09-20 07:06:26(18446744069414586663) PID_SA INFO: [Java_com_chinatelecom_smarthome_viewer_business_impl_NativeClient_writeLogToFile:118]DeviceManager: deviceId = 12000103c0537c93   get sdcard info errorCode = -1
09-20 07:06:26(7875) TRAS_TASK INFO: [TrasBase_OnPortHoleUDPRecv:983]recv msg 32,27
09-20 07:06:26(7875) TRAS_TASK INFO: [Tras_ParseNatTestRsp:215]Recv Nat test rsp: {"METHOD":"201B","SEQID":"17","CODE":"0","BODY":{"NatIP":"183.83.229.60","Port":"10969"}}
09-20 07:06:26(12970367459402981059) TRAS_TASK INFO: [TrasNat_CheckNatType:454]natInf check cone type
09-20 07:06:26(523986017991) TRAS_TASK INFO: [Tras_ParseP2PSlot_ProxyMatchRsp:353]peer 12000103c0537c93 Slot 0xb400007c826c1200 recv proxy match rsp
09-20 07:06:26(7875) CFG_TASK INFO: [Cfg_RecvGetGroupListRsp:476]ogct 15 recv get grouplist response, code 0
09-20 07:06:26(523986017987) TRAS_TASK INFO: [TrasP2PSlot_ProcTcpState:243]tcpslot 0xb400007c826c1200 send test req and turn to testing status
09-20 07:06:26(7875) CFG_TASK INFO: [Cfg_RcvDownOwnerInfRsp:779]ogct 14 recv down owner info rsp ,nickname  regperiod  code 0 data {"METHOD":"3323","SEQID":"14","CODE":"0","BODY":{"Account":[{"Account":"faiz.ahmed321@gmail.com","AccountType":"1"}],"CountryFromIP":"IN","Icon":"","Name":"","NickName":"","Param":{"City":"","Country":"GB"},"ParentUID":"","RegPeriod":"","RoleType":0}}
09-20 07:06:26(7869) CFG_TASK INFO: [Cfg_SetGroupDevOnlineStatus:574]set member 12000103c0537c93 online status 1
09-20 07:06:26(523986017981) CFG_TASK INFO: [Cfg_ProcDevStatusNtc:1268]ogct 3858264568 Ntc did 12000103c0537c93 oldflag 0 online status 1 pushflag 0 upstatus 0 Rate 0
09-20 07:06:26(17086715883130199741) CFG_TASK INFO: [Cfg_ParseRecvNetData:1502]recv msgtype 37 msgid 3e
09-20 07:06:26(12970367455108013763) TRAS_TASK INFO: [TrasPeer_ProcOnLine:566]p2pslot 0xb400007c826c1200 set close for nat change 
09-20 07:06:26(523986017987) cos INFO: [Cos_SocketClose:390]socket<125> closed
09-20 07:06:26(7875) TRAS_TASK INFO: [TrasP2PSlot_ProcTcpState:352]tcpslot 0xb400007c826c1200 closed ok reset bestslot 0
09-20 07:06:26(523986017987) TRAS_TASK INFO: [TrasPeer_GetProxySvr:892]ogct 22 start get proxy for peerid 12000103c0537c93 Relay mode 0 gid 22000101413a31a9 iret 0
09-20 07:06:26(523986017987) TRAS_TASK INFO: [TrasP2PSlot_Close:61]close the Slot 0xb400007c826c1200  flag 0 ok .
09-20 07:06:26(12970367455108013763) TRAS_TASK INFO: [TrasBase_OnPortHoleUDPRecv:983]recv msg 32,29
09-20 07:06:26(523986017981) CFG_TASK INFO: [Cfg_ReqDevSrvItemsFromCloud:3733]ogct 23 get dev serveritem form link body {"METHOD":"3392","SEQID":"23","BODY":{"CompanyID":"0000213ed0cdb8bc","APPID":"1665373297326122","DID":"12000103c0537c93","Language":"2","Modules":[{"AIIoTType":"1100","AIIoTID":"0","Sign":"0"},{"AIIoTType":"1093","AIIoTID":"0","Sign":"0"},{"AIIoTType":"1098","AIIoTID":"0","Sign":"0"}]}}
09-20 07:06:26(523986017981) CFG_TASK INFO: [Cfg_SavePeerDeviceItemFile:3244]peerid 12000103c0537c93 algorithm cfg {"Sign":"0","EventIDs":[{"EventID":"100000","AIIoTType":"1000","OpenFlag":"1","Name":"Motion Detection"},{"EventID":"100001","AIIoTType":"1000","OpenFlag":"1","Name":"Human Detection"},{"EventID":"109600","AIIoTType":"1096","OpenFlag":"0","Name":""},{"EventID":"109700","AIIoTType":"1097","OpenFlag":"0","Name":""},{"EventID":"102900","AIIoTType":"1029","OpenFlag":"0","Name":"Pet Detection"},{"EventID":"108300","AIIoTType":"1083","OpenFlag":"0","Name":"Vehicle Detection"},{"EventID":"109702","AIIoTType":"1097","OpenFlag":"0","Name":""},{"EventID":"102500","AIIoTType":"1025","OpenFlag":"0","Name":""},{"EventID":"110400","AIIoTType":"1104","OpenFlag":"0","Name":""},{"EventID":"109701","AIIoTType":"1097","OpenFlag":"0","Name":""},{"EventID":"109703","AIIoTType":"1097","OpenFlag":"0","Name":""},{"EventID":"102600","AIIoTType":"1026","OpenFlag":"0","Name":""},{"EventID":"110500","AIIoTType":"1105","OpenFlag":"0","Name":""},{"EventID":"102901","AIIoTType":"1029","OpenFlag":"0","Name":""},{"EventID":"110300","AIIoTType":"1103","OpenFlag":"0","Name":""},{"EventID":"108901","AIIoTType":"1089","OpenFlag":"0","Name":""},{"EventID":"110900","AIIoTType":"1109","OpenFlag":"0","Name":""},{"EventID":"102903","AIIoTType":"1029","OpenFlag":"0","Name":""},{"EventID":"102904","AIIoTType":"1029","OpenFlag":"0","Name":""},{"EventID":"102905","AIIoTType":"1029","OpenFlag":"0","Name":""},{"EventID":"102906","AIIoTType":"1029","OpenFlag":"0","Name":""},{"EventID":"110600","AIIoTType":"1106","OpenFlag":"0","Name":""},{"EventID":"300008","AIIoTType":"1000","OpenFlag":"0","Name":""},{"EventID":"100017","AIIoTType":"1000","OpenFlag":"0","Name":"Motion Detection Cross Line"},{"EventID":"102902","AIIoTType":"1029","OpenFlag":"0","Name":""}],"ServiceIDs":[{"OpenFlag":"1","ServiceID":"300027"},{"OpenFlag":"1","ServiceID":"300026"},{"OpenFlag":"0","ServiceID":"300009"},{"OpenFlag":"0","ServiceID":"300008"},{"OpenFlag":"0","Servi***
09-20 07:06:26(523986017981) CFG_TASK INFO: [Cfg_SavePeerDeviceItemFile:3255]peerid 12000103c0537c93 dev app cfg {"Sign":"16717","VideoResample":"0","JpgResample":"1","ResampleHight":"1296","ResampleWidth":"2304","LampFlag":"0","LightMaxTime":"43200","LightLevelMode":"1","PlayRestrictionFlag":"0","PlayLenth":"0","PlayAlertFlag":"0","PlayAlertDuration":"0","ClickAlarm":"1","PriorStreamID":"1","ScreenSplit":{"OpenFlag":"0","SplitCamID":"0","ShownPrecent":"0"},"EncoderID":"0","AutoSwitchMode":"0"}
09-20 07:06:26(523986017981) CFG_TASK INFO: [Cfg_SavePeerDeviceItemFile:3265]peerid 12000103c0537c93 dev chargelist cfg {"Sign":"0","AutoPayStatus":"0","DayExpireFlag":"0","EventExpireFlag":"0","Packages":[]}
09-20 07:06:26(523986017981) CFG_TASK INFO: [Cfg_SetOwnerVCardInf:580]set owner nick name  country GB RegPeriod 
09-20 07:06:26(7856) cos INFO: [Cos_InetMgrProc:133]get host 43.156.202.252 ok ip 4241136683 passive 0
09-20 07:06:26(7875) cos INFO: [Cos_SocketOpen:377]socket<180> open ok
09-20 07:06:26(523986017987) TRAS_TASK INFO: [TrasP2PSlot_NewTcp:26]p2pslot creat tcp slot 0xb400007c826c1380 peer addr: 43.156.202.252:port:25006
09-20 07:06:26(523986017987) TRAS_TASK INFO: [TrasPeer_ParseGetProxySvrRsp:1228]ogct 22 recv rsp code 0 prxoy 43.156.202.252:25006 enctype 49
09-20 07:06:26(7875) CFG_TASK INFO: [Cfg_Task_RecvAppversionRsp:1665]ocgt 16 recv get new appversion  updateflag 0
09-20 07:06:26(523986017987) CFG_TASK INFO: [Cfg_RecvDevSrvItemsFromCloudRsp:3588]ogct 23 recv srv dev rsp nodel setting [{"AIIoTID":"0","AIIoTType":"1100","Buss":null,"OpenFlag":"","Prop":null,"Sign":"","SupportFlag":"0"},{"AIIoTID":"0","AIIoTType":"1093","Buss":{"TimeArea":"","TimeZone":""},"OpenFlag":"0","Prop":null,"Sign":"","SupportFlag":"1"},{"AIIoTID":"0","AIIoTType":"1098","Buss":{},"OpenFlag":"1","Prop":{"EventList":[{"EventID":"108300"},{"EventID":"102900"},{"EventID":"109600"},{"EventID":"109700"}],"bussConfig":{"EventList":[{"EventID":"108300","OpenFlag":"0"},{"EventID":"102900","OpenFlag":"0"},{"EventID":"109600","OpenFlag":"0"},{"EventID":"109700","OpenFlag":"0"}]},"hm_editable":0},"Sign":"","SupportFlag":"1"}]
09-20 07:06:26(523986017987) CFG_TASK INFO: [Cfg_RecvDevSrvItemsFromCloudRsp:3649]ogct 23 recv srv dev rsp items 0 code 0
09-20 07:06:26(523986017987) TRAS_TASK INFO: [TrasP2PSlot_ProcTcpState:210]tcpslot 0xb400007c826c1380 send match req;turn to matching status
09-20 07:06:26(523986017991) TRAS_TASK INFO: [Tras_ParseP2PSlot_ProxyMatchRsp:353]peer 12000103c0537c93 Slot 0xb400007c826c1380 recv proxy match rsp
09-20 07:06:26(523986017987) TRAS_TASK INFO: [TrasP2PSlot_ProcTcpState:243]tcpslot 0xb400007c826c1380 send test req and turn to testing status
09-20 07:06:27(523986017981) CFG_TASK INFO: [Cfg_SavePeerDeviceItemFile:3113]peerid 12000103c0537c93 iots cfg {"PTZAbility":"3","AttachPTZAbility":"0","PTZSpeedAbility":"1","MotionAbility":"1","DoorbellAbility":"0","RecordAbility":"1","PIRAbility":"0","VoiceAlarmAbility":"0","SnapshotAbility":"1","BuzzerAbility":"1","StatusLampAbility":"0","LampAbility":"1","CloudRecordAbility":"0","CloudSnapshotAbility":"1","CameraAbility":"1","EventAbility":"1","SupportCloudFlag":"1","Sign":"122585","IoTS":[{"AIIoTType":"1006","AIIoTID":"0","OpenFlag":"1","Sign":"0"},{"AIIoTType":"1005","AIIoTID":"0","OpenFlag":"1","Sign":"0","Prop":{"SnapLoopFlag":"1","SnapInterval":"180","SnapFullFlag":"0","SnapPicType":"2"}},{"AIIoTType":"1000","AIIoTID":"0","OpenFlag":"1","Sign":"0","Prop":{"Motion":{"Status":"0","Interval":"60","Trace":"0","Sensitive":"50"},"Human":{"Sensitive":"50","Status":"0","Interval":"60","Trace":"0"},"Face":{"Sensitive":"50","Status":"0","Interval":"60","Trace":"0"}}},{"AIIoTType":"1009","AIIoTID":"0","OpenFlag":"1","Sign":"0","Prop":{"Status":"1"}},{"AIIoTType":"1014","AIIoTID":"0","OpenFlag":"1","Sign":"0","Prop":{"IrcutType":"2"}},{"AIIoTType":"1007","AIIoTID":"0","OpenFlag":"1","Sign":"0","Prop":{}},{"AIIoTType":"1002","AIIoTID":"0","OpenFlag":"1","Sign":"0","Prop":{"RecordLoop":"1","RecordFull":"0","StreamID":"0","Duration":"0"}},{"AIIoTType":"1011","AIIoTID":"0","OpenFlag":"1","Sign":"0","Prop":{"GifFlag":"1","GifOpenFlag":"0","Interval":"30","LoopDays":"3","PicType":"2","RecordType":"1","SnapJpgCnt":"1","StorageType":"0","Support":"1","hm_editable":"0"}},{"AIIoTType":"1013","AIIoTID":"0","OpenFlag":"1","Sign":"0","Prop":{"PushFlag":"7","SMSFlag":"1","EmailFlag":"1","Interval":"300","EmailAddr":"","StartTime":"0","EndTime":"86400","SpanFlag":"0","Week":"127"}},{"AIIoTType":"1012","AIIoTID":"0","OpenFlag":"1","Sign":"0"},{"AIIoTType":"1093","AIIoTID":"0","OpenFlag":"1","Sign":"0","Prop":null,"Buss":{"TimeArea":"","TimeZone":""}},{"AIIoTType":"1098","AIIoTID":"0","OpenFlag":"1","Sign":"0","Prop":{"EventLi***
09-20 07:06:27(536870919869) PID_SA INFO: [FUN_OWNER_CFG_STATUS:2636]FUN_OWNER_CFG_STATUS enUserCfgItem:3
09-20 07:06:27(523986017981) PID_SA INFO: [FUN_GROUP_STATE:1200]FUN_GROUP_STATE
09-20 07:06:27(506806143271) PID_SA INFO: [Java_com_chinatelecom_smarthome_viewer_business_impl_NativeClient_writeLogToFile:118]I/Internal: onOwnerCfgUpdate userId:
09-20 07:06:27(523986017981) CFG_TASK INFO: [Cfg_Task_ProcOwnerCfg:852]ogct 26 start upload owner info
09-20 07:06:27(7869) CFG_TASK INFO: [Cfg_Task_GetGroupInfo:688]ogct 27 start get group 1600010140c3ad11A0000001 item 255
09-20 07:06:27(7869) CFG_TASK INFO: [Cfg_Task_GetGroupInfo:688]ogct 28 start get group 22000101413a31a9 item 255
09-20 07:06:27(523986017981) CFG_TASK INFO: [Cfg_Task_ProcAppVersion:1714]ntc app version ok ntcflag 0 updateflag 0
09-20 07:06:27(2343) PID_SA INFO: [Java_com_chinatelecom_smarthome_viewer_business_impl_NativeUser_getOwnerVCardInfo:354]uiMarried:0,  uiSex:0, aucMobile:, aucEmail:, aucAddress:,aucBirthday:, aucCity:, aucCountry:GB,aucVMid:, aucNickName:, aucProvice:,aucPhotoProfile:,aucRegPeriod:,
09-20 07:06:27(7875) TRAS_TASK INFO: [TrasP2PSlot_SetToUser:1052]tcpslot 0xb400007c826c1380 set bestest to peer 12000103c0537c93,old 0x0 udpflag 0 
09-20 07:06:27(523986017987) TRAS_TASK INFO: [TrasP2PSlot_ProcTcpState:282]tcpslot 0xb400007c826c1380 tested ok tickcnt 287414343
09-20 07:06:27(7875) cos INFO: [Cos_SocketOpen:377]socket<302> open ok
09-20 07:06:27(12970367455108013763) TRAS_TASK INFO: [TrasNat_CreatNatHole:622]creat new nat hole get local udp port 8176 socket type 0
09-20 07:06:27(7875) TRAS_TASK INFO: [TrasNat_CheckNat:226]send udp msg to server 129.227.231.62:30194 iret 72
09-20 07:06:27(70368744185539) TRAS_TASK INFO: [TrasPeer_ProcGetNetInfo:482]peer 12000103c0537c93 get natinf status 2
09-20 07:06:27(12970367455108013763) CFG_TASK INFO: [Cfg_SetPeerDevCanUseStatus:645]set device 12000103c0537c93 oldflag 0 group 22000101413a31a9 can use status 1
09-20 07:06:27(12970367455108013763) PID_SA INFO: [FUN_DEVICE_STATUS:1267]FUN_DEVICE_STATUS deviceId:12000103c0537c93, status:5
09-20 07:06:27(523986017987) nvr_cfg WARN: [cfg_OnPeerDeviceStatusChange:454]Ignonre 12000103c0537c93 status changed
09-20 07:06:27(12970367455108013763) TRAS_TASK INFO: [TrasPeer_ProcStatusCbFlag:618]device 12000103c0537c93 slot can use
09-20 07:06:27(506806143271) PID_SA INFO: [Java_com_chinatelecom_smarthome_viewer_business_impl_NativeClient_writeLogToFile:118]I/LowPowerHeart: onDeviceStateChange awakeDevice groupId:22000101413a31a9//deviceId:12000103c0537c93//status:5//StatusEnum:5//statusName:CANUSE
09-20 07:06:27(545460848935) PID_SA INFO: [Java_com_chinatelecom_smarthome_viewer_business_impl_NativeClient_writeLogToFile:118]I/y0: onDeviceStateChange groupId:22000101413a31a9,deviceId:12000103c0537c93,devicePresenceState:5   deviceType = CAMERA  awakeAbility:NOT_SUPPORT
09-20 07:06:27(7875) CFG_TASK INFO: [Cfg_RecvGetGroupInfRsp:653]ogct 27 recv groupinf rsp, code 0
09-20 07:06:27(7875) CFG_TASK INFO: [Cfg_RecvGetGroupInfRsp:653]ogct 28 recv groupinf rsp, code 0
09-20 07:06:27(7875) CFG_TASK INFO: [Cfg_RecvUpOwnerInfRsp:794]ogct 26 recv upload owner info rsp
09-20 07:06:27(7875) TRAS_TASK INFO: [TrasBase_OnPortHoleUDPRecv:983]recv msg 32,27
09-20 07:06:27(7875) TRAS_TASK INFO: [Tras_ParseNatTestRsp:215]Recv Nat test rsp: {"METHOD":"201B","SEQID":"29","CODE":"0","BODY":{"NatIP":"183.83.229.60","Port":"9960"}}
09-20 07:06:27(7875) TRAS_TASK INFO: [TrasPeer_GetNetInfo:936]start  get peer 12000103c0537c93 nat inf req body {"METHOD":"201E","SEQID":"30","BODY":{"UPNPFlag":"1","UPNPIP":"10.116.167.132","UPNPPort":"15668","LocalIP":"192.168.1.50","LocalTCPPort":"15668","LocalUDPPort":"8176","NatType":"1","NatIP":"183.83.229.60","NatPort":"9960"}}
09-20 07:06:27(523986017987) TRAS_TASK INFO: [TrasPeer_ProcGetNetInfo:492]peer 12000103c0537c93 get natinf status 3
09-20 07:06:27(12970367455108013757) CFG_TASK INFO: [Cfg_ProcDevCfgChangeNotice:1158]recv devcfg 12000103c0537c93 from link_server OldFlg 0 cfg item 0 changed notice
09-20 07:06:27(12970367455108013757) CFG_TASK INFO: [Cfg_ParseRecvNetData:1502]recv msgtype 37 msgid 42
09-20 07:06:27(523986017981) CFG_TASK INFO: [Cfg_ReqDevSrvItemsFromCloud:3733]ogct 31 get dev serveritem form link body {"METHOD":"3392","SEQID":"31","BODY":{"CompanyID":"0000213ed0cdb8bc","APPID":"1665373297326122","DID":"12000103c0537c93","Language":"2","Modules":[{"AIIoTType":"1200","AIIoTID":"0","Sign":"0"}]}}
09-20 07:06:27(523986017981) CFG_TASK INFO: [Cfg_ProcPeerDeviceCfg:3978]peer 12000103c0537c93 sync cfg by p2p
09-20 07:06:27(523986017987) cos INFO: [Cos_SocketAccept:455]socket<341> accepted
09-20 07:06:27(523986017987) TRAS_TASK INFO: [TrasP2PSlot_NewTcp:26]p2pslot creat tcp slot 0xb400007c826c1500 peer addr: 192.168.1.1:port:53066
09-20 07:06:27(523986017987) TRAS_TASK INFO: [TrasLocalLan_TCPAccept:433]tcpslot 0xb400007c826c1500 turn to connected for accept peer port 53066
09-20 07:06:27(523986017987) TRAS_TASK INFO: [TrasP2PSlot_ProcTcpState:230]tcpslot 0xb400007c826c1500 have peerid 0; slottype 0 send tcp req turn to testing status
09-20 07:06:27(523986017987) TRAS_TASK INFO: [TrasP2PSlot_ProcTcpState:282]tcpslot 0xb400007c826c1500 tested ok tickcnt 287414856
09-20 07:06:27(523986017987) CFG_TASK INFO: [Cfg_RecvDevSrvItemsFromCloudRsp:3588]ogct 31 recv srv dev rsp nodel setting [{"AIIoTID":"0","AIIoTType":"1200","Buss":{"Language":"2"},"OpenFlag":"1","Prop":null,"Sign":"","SupportFlag":"0"}]
09-20 07:06:27(523986017987) CFG_TASK INFO: [Cfg_RecvDevSrvItemsFromCloudRsp:3649]ogct 31 recv srv dev rsp items 0 code 0
09-20 07:06:27(210453405379) cos INFO: [Cos_SocketClose:390]socket<341> closed
09-20 07:06:27(7875) TRAS_TASK INFO: [TrasP2PSlot_ProcTcpState:352]tcpslot 0xb400007c826c1500 closed ok reset bestslot 0
09-20 07:06:27(523986017987) TRAS_TASK INFO: [TrasP2PSlot_Close:61]close the Slot 0xb400007c826c1500  flag 0 ok .
09-20 07:06:27(7856) cos INFO: [Cos_InetMgrProc:133]get host 183.83.229.60 ok ip 1021662135 passive 0
09-20 07:06:27(536870919879) TRAS_TASK INFO: [TrasPeer_SetNatInfo:289]set peer 12000103c0537c93 nat port 11330 socket type 0
09-20 07:06:27(7879) PID_SA INFO: [FUN_GETPEERNATTYPE:3524]FUN_GETPEERNATTYPE pucPeerId:12000103c0537c93, uiNatType:1
09-20 07:06:27(7856) cos INFO: [Cos_InetMgrProc:133]get host 10.116.167.132 ok ip 2225566730 passive 0
09-20 07:06:27(523986017991) TRAS_TASK INFO: [TrasPeer_SetUPNPInfo:262]set peer 12000103c0537c93 upnp port 16668 socket type 0
09-20 07:06:27(7875) cos INFO: [Cos_SocketOpen:377]socket<163> open ok
09-20 07:06:27(523986017987) TRAS_TASK INFO: [TrasP2PSlot_NewTcp:26]p2pslot creat tcp slot 0xb400007c826c1680 peer addr: 10.116.167.132:port:16668
09-20 07:06:27(523986017987) TRAS_TASK INFO: [TrasPeer_ProcSlotCreateP2PTCP:685]tcpSlot 0xb400007c826c1680 creat p2pslot ok peerid 12000103c0537c93
09-20 07:06:28(7856) cos INFO: [Cos_InetMgrProc:133]get host 192.168.1.192 ok ip 3221334208 passive 0
09-20 07:06:28(523986017991) TRAS_TASK INFO: [TrasPeer_SetLocalTCPPort:236]set peer 12000103c0537c93 lcoal tcp port 16668 socket type 0
09-20 07:06:28(7879) TRAS_TASK INFO: [TrasPeer_SetUdpLocalInfo:276]set peer 12000103c0537c93 lcoal udp port 7550 socket type 0
09-20 07:06:28(7879) TRAS_TASK INFO: [TrasPeer_ParseGetNetInfoRsp:1044]peer 12000103c0537c93 recv natinf rsp;nattype 1 lcoalip 192.168.1.192:16668,7550 natip 183.83.229.60:11330
09-20 07:06:28(12970367455108013757) PID_SA INFO: [FUN_DEVICE_CFG_STATUS:1249]FUN_DEVICE_CFG_STATUS pucDeviceId:12000103c0537c93, enDeviceCfgItem:1
09-20 07:06:28(523986017981) CFG_TASK INFO: [Cfg_SetCamSupportPtz:7328]peerid 12000103c0537c93 camid 3 set ptz 2139062143
09-20 07:06:28(532575952573) PID_SA INFO: [FUN_DEVICE_CFG_STATUS:1249]FUN_DEVICE_CFG_STATUS pucDeviceId:12000103c0537c93, enDeviceCfgItem:8
09-20 07:06:28(536870914343) PID_SA INFO: [Java_com_chinatelecom_smarthome_viewer_business_impl_NativeClient_writeLogToFile:118]I/y0: onDeviceConfigUpdate  deviceId is =12000103c0537c93,,,,DEVICE
09-20 07:06:28(7875) TRAS_TASK INFO: [TrasPeer_ProcGetNetInfo:512]peer 12000103c0537c93 get natinf status 4
09-20 07:06:28(7875) cos INFO: [Cos_SocketOpen:377]socket<492> open ok
09-20 07:06:28(523986017987) TRAS_TASK INFO: [TrasP2PSlot_NewTcp:26]p2pslot creat tcp slot 0xb400007c826c1800 peer addr: 192.168.1.192:port:16668
09-20 07:06:28(523986017987) TRAS_TASK INFO: [TrasPeer_ProcSlotCreateLocalTCP:625]tcpSlot 0xb400007c826c1800 creat localslot ok peerid 12000103c0537c93,socket type 0
09-20 07:06:28(17827451128686577959) PID_SA INFO: [Java_com_chinatelecom_smarthome_viewer_business_impl_NativeClient_writeLogToFile:118]I/y0: onDeviceConfigUpdate  deviceId is =12000103c0537c93,,,,IN_IOT
09-20 07:06:28(523986017981) CFG_TASK INFO: [Cfg_SavePeerDeviceItemFile:3093]peerid 12000103c0537c93 dev cfg {"Sign":"1075","EncAbility":"0","OTAAbility":"7","OTAType":"0","WifiSetAbility":"25","EnergyType":"0","AwakeAbility":"0","AOVAbility":"0","SwitchAOVFrameRateAbility":"0","MicVolumeAbility":"0","SIMAbility":"0","OneClickShowAbility":"0","LogCollectAbility":"1","Powersupply":"1","SupplyShowPowerAbility":"0","DualFrequency":"0","ApSetPasswd":"0","TimerOpenAbility":"0","PowerLevel":"100","SdkVersion":"50664832","DevVersion":"YGT.AJ-L33PQ08A1-v241030.1014","OldDevFlag":"0","DevName":"GateCameras","OsType":"1","DevType":"1","AwakeInterval":"0","MaxSessionCnt":"4","AliveSessionCnt":"0","WifiStrength":"0","AutoSync":"1","DevModel":"AJ-L33PQ08A1","SSID":"","MacAddr":"","DstArea":"Asia/Kolkata","Dst":"IST-5:30","DstUseFlag":"1","TimeMode":"0","StatusLedMode":"1","SimSlotCnt":"0","WorkSimSlotId":"0","IMEI":"","Language":"0","PromptSet":"0","ApHasPassWd":"0","AOVFrameInterval":"0","SimSlots":[],"MulMedia":{"Port":"0","Ipv4":"","ReSource":"","EncType":"0","EncKey":"","EncLv":""}}
09-20 07:06:28(523986017981) CFG_TASK INFO: [Cfg_SavePeerDeviceItemFile:3113]peerid 12000103c0537c93 iots cfg {"PTZAbility":"3","AttachPTZAbility":"0","PTZSpeedAbility":"1","MotionAbility":"1","DoorbellAbility":"0","RecordAbility":"1","PIRAbility":"0","VoiceAlarmAbility":"0","SnapshotAbility":"1","BuzzerAbility":"1","StatusLampAbility":"0","LampAbility":"1","CloudRecordAbility":"0","CloudSnapshotAbility":"1","CameraAbility":"1","EventAbility":"1","SupportCloudFlag":"1","Sign":"123032","IoTS":[{"AIIoTType":"1006","AIIoTID":"0","OpenFlag":"1","Sign":"0"},{"AIIoTType":"1005","AIIoTID":"0","OpenFlag":"1","Sign":"0","Prop":{"SnapLoopFlag":"1","SnapInterval":"180","SnapFullFlag":"0","SnapPicType":"2"}},{"AIIoTType":"1000","AIIoTID":"0","OpenFlag":"1","Sign":"0","Prop":{"Motion":{"Status":"0","Interval":"60","Trace":"0","Sensitive":"50"},"Human":{"Sensitive":"50","Status":"0","Interval":"60","Trace":"0"},"Face":{"Sensitive":"50","Status":"0","Interval":"60","Trace":"0"}}},{"AIIoTType":"1009","AIIoTID":"0","OpenFlag":"1","Sign":"0","Prop":{"Status":"1"}},{"AIIoTType":"1014","AIIoTID":"0","OpenFlag":"1","Sign":"0","Prop":{"IrcutType":"2"}},{"AIIoTType":"1007","AIIoTID":"0","OpenFlag":"1","Sign":"0","Prop":{}},{"AIIoTType":"1002","AIIoTID":"0","OpenFlag":"1","Sign":"0","Prop":{"RecordLoop":"1","RecordFull":"0","StreamID":"0","Duration":"0"}},{"AIIoTType":"1011","AIIoTID":"0","OpenFlag":"1","Sign":"0","Prop":{"GifFlag":"1","GifOpenFlag":"0","Interval":"30","LoopDays":"3","PicType":"2","RecordType":"1","SnapJpgCnt":"1","StorageType":"0","Support":"1","hm_editable":"0"}},{"AIIoTType":"1013","AIIoTID":"0","OpenFlag":"1","Sign":"0","Prop":{"PushFlag":"7","SMSFlag":"1","EmailFlag":"1","Interval":"300","EmailAddr":"","StartTime":"0","EndTime":"86400","SpanFlag":"0","Week":"127"}},{"AIIoTType":"1012","AIIoTID":"0","OpenFlag":"1","Sign":"0"},{"AIIoTType":"1093","AIIoTID":"0","OpenFlag":"1","Sign":"0","Prop":null,"Buss":{"TimeArea":"","TimeZone":""}},{"AIIoTType":"1098","AIIoTID":"0","OpenFlag":"1","Sign":"0","Prop":{"EventLi***
09-20 07:06:28(523986017981) PID_SA INFO: [FUN_GROUP_STATE:1200]FUN_GROUP_STATE
09-20 07:06:28(7875) TRAS_TASK INFO: [TrasP2PSlot_NewUdp:48]udpslot creat ok 0xb400007c826c1200 socketfd 302
09-20 07:06:28(12970367455108013763) TRAS_TASK INFO: [TrasPeer_ProcSlotCreateUDP:695]device 12000103c0537c93 udpslot creat ok 0xb400007c826c1200
09-20 07:06:28(523986017987) TRAS_TASK INFO: [TrasPeer_ProcGetNetInfo:524]peer 12000103c0537c93 get natinf success
09-20 07:06:28(523986017987) TRAS_TASK INFO: [TrasPeer_SetUdpDstAddr:592]udpslot 0xb400007c826c1200 set peerid 12000103c0537c93 nat port 11330
09-20 07:06:28(7875) TRAS_TASK INFO: [TrasP2PSlot_ProcUdpState:390]udpslot 0xb400007c826c1200 tutn to testing status
09-20 07:06:28(4294975171) TRAS_TASK INFO: [TrasPeer_ProcStatusCbFlag:673]device 12000103c0537c93 udpslot 0x0 p2p status 0, local NatType:1, ConeType:3, NetType:2
09-20 07:06:28(523986017987) TRAS_TASK INFO: [Tras_UdpSlotSendHoleReq:197]udpslot 0xb400007c826c1200 send hole req to peer 183.83.229.60 port 11330,nattype 1
09-20 07:06:28(523986017987) TRAS_TASK INFO: [TrasP2PSlot_ProcTcpState:230]tcpslot 0xb400007c826c1680 have peerid 1; slottype 1 send tcp req turn to testing status
09-20 07:06:28(12970367450813046461) PID_SA INFO: [FUN_DEVICE_CFG_STATUS:1249]FUN_DEVICE_CFG_STATUS pucDeviceId:12000103c0537c93, enDeviceCfgItem:64
09-20 07:06:28(532575952573) PID_SA INFO: [FUN_DEVICE_CFG_STATUS:1249]FUN_DEVICE_CFG_STATUS pucDeviceId:12000103c0537c93, enDeviceCfgItem:128
09-20 07:06:28(17827451128686577959) PID_SA INFO: [Java_com_chinatelecom_smarthome_viewer_business_impl_NativeClient_writeLogToFile:118]I/y0: onDeviceConfigUpdate  deviceId is =12000103c0537c93,,,,ALARM_POLICY
09-20 07:06:28(17827451128686577959) PID_SA INFO: [Java_com_chinatelecom_smarthome_viewer_business_impl_NativeClient_writeLogToFile:118]I/y0: onDeviceConfigUpdate  deviceId is =12000103c0537c93,,,,SYSTEM
09-20 07:06:28(7875) TRAS_TASK INFO: [TrasP2PSlot_SetToUser:1052]tcpslot 0xb400007c826c1680 set bestest to peer 12000103c0537c93,old 0xb400007c826c1380 udpflag 0 
09-20 07:06:28(523986017987) TRAS_TASK INFO: [TrasP2PSlot_ProcTcpState:282]tcpslot 0xb400007c826c1680 tested ok tickcnt 287415606
09-20 07:06:28(12970367455108013763) TRAS_TASK INFO: [TrasP2PSlot_TCPSendLocalTCPReq:665]send local req {"METHOD":"3114","SEQID":"56","BODY":{"UserToken":"1600010140c3ad111p3g5jmo63upuvo5","OsType":"3","SDKVersion":"51713056","EncType":"49","EncKey":"ox6wyuto667o7272","EncLoad":"ox6wyuto667o7272"}} to peer 12000103c0537c93 iret 216
09-20 07:06:28(3689908671459892931) TRAS_TASK INFO: [TrasP2PSlot_ProcTcpState:230]tcpslot 0xb400007c826c1800 have peerid 1; slottype 0 send tcp req turn to testing status
09-20 07:06:28(523986017987) TRAS_TASK INFO: [TrasP2PSlot_ProcUdpState:398]udpslot 0xb400007c826c1200 tutn testing to tested status
09-20 07:06:28(523986017987) CFG_TASK INFO: [Cfg_SetPeerDevCanUseStatus:645]set device 12000103c0537c93 oldflag 0 group 22000101413a31a9 can use status 1
09-20 07:06:28(523986017987) PID_SA INFO: [FUN_DEVICE_STATUS:1267]FUN_DEVICE_STATUS deviceId:12000103c0537c93, status:5
09-20 07:06:28(523986017987) nvr_cfg WARN: [cfg_OnPeerDeviceStatusChange:454]Ignonre 12000103c0537c93 status changed
09-20 07:06:28(12970367455108013763) TRAS_TASK INFO: [TrasPeer_ProcStatusCbFlag:618]device 12000103c0537c93 slot can use
09-20 07:06:28(12970367455108013763) TRAS_TASK INFO: [TrasPeer_ProcStatusCbFlag:673]device 12000103c0537c93 udpslot 0x0 p2p status 1, local NatType:1, ConeType:3, NetType:2
09-20 07:06:28(506806143271) PID_SA INFO: [Java_com_chinatelecom_smarthome_viewer_business_impl_NativeClient_writeLogToFile:118]I/LowPowerHeart: onDeviceStateChange awakeDevice groupId:22000101413a31a9//deviceId:12000103c0537c93//status:5//StatusEnum:5//statusName:CANUSE
09-20 07:06:28(545460848935) PID_SA INFO: [Java_com_chinatelecom_smarthome_viewer_business_impl_NativeClient_writeLogToFile:118]I/y0: onDeviceStateChange groupId:22000101413a31a9,deviceId:12000103c0537c93,devicePresenceState:5   deviceType = CAMERA  awakeAbility:NOT_SUPPORT
09-20 07:06:28(523986017987) TRAS_TASK INFO: [TrasP2PSlot_ProcUdpState:459]udpslot 0xb400007c826c1200 turn tested to proc status peer 183.83.229.60:11330
09-20 07:06:28(7875) TRAS_TASK INFO: [TrasPeer_SendP2PStatus:516]ogct 57 send msg {"METHOD":"3388","SEQID":"57","BODY":{"P2PStatus":"1","P2PType":"12","PeerNatType":"1","LocalNatType":"1","DID":"12000103c0537c93"}} to server 8
09-20 07:06:28(7875) PID_SA INFO: [FUN_DEVICEP2PRESULT_CB:2936]FUN_DEVICEP2PRESULT_CB did:12000103c0537c93, p2pFlag:1, localNatType:1, peerNatType:1
09-20 07:06:28(7875) TRAS_TASK INFO: [TrasPeer_ProcStatusCbFlag:673]device 12000103c0537c93 udpslot 0xb400007c826c1200 p2p status 1, local NatType:1, ConeType:3, NetType:2
09-20 07:06:28(523986017981) CFG_TASK INFO: [Cfg_SavePeerDeviceItemFile:3153]peerid 12000103c0537c93 alarm policy cfg {"Sign":"120153","Policys":[{"AIIoTType":"1000","AIIoTID":"0","OpenFlag":"1","PolicyName":"Alarm_100","PolicyID":"100","Prop":{"Motion":{"Trace":"0","Sensitive":"50","Status":"0","Interval":"35"},"Human":{"Trace":"0","Sensitive":"50","Status":"0","Interval":"50"},"Face":{"Trace":"0","DiscernFlag":"0","Sensitive":"25","Status":"0","Interval":"30"}},"Events":[{"EventID":"100001","OpenFlag":"0","Week":"127","StartTime":"0","EndTime":"86399","SpanFlag":"0","Action":[{"AIIoTType":"1009","AIIoTID":"0","OutPut":{"AlarmType":"1000","CtrlType":"0","LoopCnt":"1","SoundName":"","SoundType":"2"}},{"AIIoTType":"1002","AIIoTID":"0","OutPut":{"CtrlType":"1","Duration":"30","StreamID":"0"}},{"AIIoTType":"1005","AIIoTID":"0","OutPut":{"PicType":"2","Interval":"","GifFlag":"0"}},{"AIIoTType":"1013","AIIoTID":"0","OutPut":{"EmailFlag":"1","EndTime":"86400","Interval":"0","PushFlag":"7","SMSFlag":"1","SpanFlag":"1","StartTime":"0","Week":"127"}},{"AIIoTType":"1011","AIIoTID":"0","OutPut":{"PicType":"2","Interval":"","GifFlag":"1"}},{"AIIoTType":"1010","AIIoTID":"0","OutPut":{"CtrlType":"1","Duration":"30","StreamID":"0"}},{"AIIoTType":"0","AIIoTID":"0"},{"AIIoTType":"1007","AIIoTID":"0","OutPut":{"CtrlType":"1","Duration":"31"}}],"FenceID":[],"SceneID":[],"TriggerInfo":[]},{"EventID":"100002","OpenFlag":"0","Week":"127","StartTime":"0","EndTime":"86399","SpanFlag":"0","Action":[{"AIIoTType":"1009","AIIoTID":"0","OutPut":{"AlarmType":"1000","CtrlType":"0","LoopCnt":"1","SoundName":"","SoundType":"2"}},{"AIIoTType":"1002","AIIoTID":"0","OutPut":{"CtrlType":"1","Duration":"30","StreamID":"0"}},{"AIIoTType":"1005","AIIoTID":"0","OutPut":{"PicType":"2","Interval":"","GifFlag":"0"}},{"AIIoTType":"1013","AIIoTID":"0","OutPut":{"EmailFlag":"1","EndTime":"86400","Interval":"0","PushFlag":"7","SMSFlag":"1","SpanFlag":"1","StartTime":"0","Week":"127"}},{"AIIoTType":"1011","AIIoTID":"0","OutPut":{"PicType":"2","Interval":***
09-20 07:06:28(523986017987) cos INFO: [Cos_SocketAccept:455]socket<155> accepted
09-20 07:06:28(7875) TRAS_TASK INFO: [Tras_Malloc_SockBuf:26]malloc socket buff cnt 24 
09-20 07:06:28(7875) TRAS_TASK INFO: [TrasP2PSlot_NewTcp:26]p2pslot creat tcp slot 0xb400007c826c1500 peer addr: 192.168.1.192:port:43620
09-20 07:06:28(523986017987) TRAS_TASK INFO: [TrasLocalLan_TCPAccept:433]tcpslot 0xb400007c826c1500 turn to connected for accept peer port 43620
09-20 07:06:28(523986017987) TRAS_TASK INFO: [TrasP2PSlot_ProcTcpState:230]tcpslot 0xb400007c826c1500 have peerid 0; slottype 0 send tcp req turn to testing status
09-20 07:06:28(523986017991) TRAS_TASK INFO: [TrasP2PSlot_TCPSendLocalTCPRsp:711]send local rsp rsp {"METHOD":"3115","SEQID":"58","CODE":"0","BODY":{"OsType":"3"}} to peer 12000103c0537c93
09-20 07:06:28(7875) TRAS_TASK INFO: [TrasP2PSlot_SetToUser:1041]tcpslot 0xb400007c826c1680 set not in use 
09-20 07:06:28(7875) TRAS_TASK INFO: [TrasP2PSlot_SetToUser:1052]tcpslot 0xb400007c826c1800 set bestest to peer 12000103c0537c93,old 0xb400007c826c1680 udpflag 1 
09-20 07:06:28(523986017987) TRAS_TASK INFO: [TrasP2PSlot_ProcTcpState:282]tcpslot 0xb400007c826c1800 tested ok tickcnt 287416095
09-20 07:06:28(7875) TRAS_TASK INFO: [TrasP2PSlot_SetToUser:1041]tcpslot 0xb400007c826c1800 set not in use 
09-20 07:06:28(7875) TRAS_TASK INFO: [TrasP2PSlot_SetToUser:1052]tcpslot 0xb400007c826c1500 set bestest to peer 12000103c0537c93,old 0xb400007c826c1800 udpflag 1 
09-20 07:06:28(523986017987) TRAS_TASK INFO: [TrasP2PSlot_ProcTcpState:282]tcpslot 0xb400007c826c1500 tested ok tickcnt 287416095
09-20 07:06:28(7875) CFG_TASK INFO: [Cfg_SetPeerDevCanUseStatus:645]set device 12000103c0537c93 oldflag 0 group 22000101413a31a9 can use status 1
09-20 07:06:28(7875) PID_SA INFO: [FUN_DEVICE_STATUS:1267]FUN_DEVICE_STATUS deviceId:12000103c0537c93, status:5
09-20 07:06:28(506806143271) PID_SA INFO: [Java_com_chinatelecom_smarthome_viewer_business_impl_NativeClient_writeLogToFile:118]I/LowPowerHeart: onDeviceStateChange awakeDevice groupId:22000101413a31a9//deviceId:12000103c0537c93//status:5//StatusEnum:5//statusName:CANUSE
09-20 07:06:28(545460848935) PID_SA INFO: [Java_com_chinatelecom_smarthome_viewer_business_impl_NativeClient_writeLogToFile:118]I/y0: onDeviceStateChange groupId:22000101413a31a9,deviceId:12000103c0537c93,devicePresenceState:5   deviceType = CAMERA  awakeAbility:NOT_SUPPORT
09-20 07:06:28(523986017987) nvr_cfg WARN: [cfg_OnPeerDeviceStatusChange:454]Ignonre 12000103c0537c93 status changed
09-20 07:06:28(12970367455108013763) TRAS_TASK INFO: [TrasPeer_ProcStatusCbFlag:618]device 12000103c0537c93 slot can use
09-20 07:06:28(12970367455108013763) TRAS_TASK INFO: [TrasPeer_ProcStatusCbFlag:673]device 12000103c0537c93 udpslot 0xb400007c826c1200 p2p status 1, local NatType:1, ConeType:3, NetType:2
09-20 07:06:29(8389723566215536317) PID_SA INFO: [FUN_DEVICE_CFG_STATUS:1249]FUN_DEVICE_CFG_STATUS pucDeviceId:12000103c0537c93, enDeviceCfgItem:0
09-20 07:06:29(17827451128686577959) PID_SA INFO: [Java_com_chinatelecom_smarthome_viewer_business_impl_NativeClient_writeLogToFile:118]I/y0: onDeviceConfigUpdate  deviceId is =12000103c0537c93,,,,ALL
09-20 07:06:29(545460848935) PID_SA INFO: [Java_com_chinatelecom_smarthome_viewer_business_impl_NativeClient_writeLogToFile:118]DeviceManager: cache TF Card Info
09-20 07:06:29(545460848935) CMD_TASK INFO: [Cmd_GetPeerTfCardInf:830]reqid 59 send GetPeerTfCardInf msg {"METHOD":"344E","SEQID":"59","FROM":{"UserToken":"1600010140c3ad111p3g5jmo63upuvo5"},"TO":{"DID":"12000103c0537c93"}} to peer 12000103c0537c93, iret 0
09-20 07:06:29(545460848935) PID_SA INFO: [Java_com_chinatelecom_smarthome_viewer_business_impl_NativeCommand_getTFCardInfo:394]HM_GetSdCardInf ret = 0 puiReqId = 59
09-20 07:06:29(7870) CMD_TASK INFO: [Cmd_ProcRecvNetMsg:5738]reqid 59 recv rsp content {"CODE":"0","METHOD":"344F","SEQID":"59","FROM":{"DID":"12000103c0537c93"},"TO":{"UserToken":"1600010140c3ad111p3g5jmo63upuvo5"},"BODY":{"StorageAbility":"1","TotalSize":"0","FreeSize":"0","CardStatus":"1"}}
09-20 07:06:29(7870) PID_SA INFO: [FUN_DEVICE_RSP_GET_TFCARD_INFO:2342]FUN_DEVICE_RSP_GET_TFCARD_INFO uiReqId:59, uiTotalSize:0, uiRemainSize:0, iErr:1
09-20 07:06:29(506806143271) PID_SA INFO: [Java_com_chinatelecom_smarthome_viewer_business_impl_NativeClient_writeLogToFile:118]DeviceManager: deviceId = 12000103c0537c93   get sdcard info errorCode = 1
09-20 07:06:29(545460848935) ZJ_TASK INFO: [ZJ_GetSupportAccoutTypList:306]ogct 60 get support regist accout types iRet 0
09-20 07:06:29(2343) PID_SA INFO: [Java_com_chinatelecom_smarthome_viewer_business_impl_NativeUser_getOwnerVCardInfo:354]uiMarried:0,  uiSex:0, aucMobile:, aucEmail:, aucAddress:,aucBirthday:, aucCity:, aucCountry:GB,aucVMid:, aucNickName:, aucProvice:,aucPhotoProfile:,aucRegPeriod:,
09-20 07:06:29(12884910209) PID_SA INFO: [Java_com_chinatelecom_smarthome_viewer_business_impl_NativeClient_writeLogToFile:118]I/AdViewModel: fetchAppDomains start
09-20 07:06:29(8321) PID_SA INFO: [Java_com_chinatelecom_smarthome_viewer_business_impl_NativeClient_writeLogToFile:118]I/AdViewModel: CareMainActivity AdViewModel.fetchAdList()
09-20 07:06:29(8321) PID_SA INFO: [Java_com_chinatelecom_smarthome_viewer_business_impl_NativeClient_writeLogToFile:118]I/AdViewModel: fetchAdList start
09-20 07:06:29(8321) PID_SA INFO: [Java_com_chinatelecom_smarthome_viewer_business_impl_NativeClient_writeLogToFile:118]I/AdViewModel: cachedAdListData is not empty, skip local restore
09-20 07:06:29(528280985729) PID_SA INFO: [Java_com_chinatelecom_smarthome_viewer_business_impl_NativeClient_writeLogToFile:118]I/HmAdManager: getAdQuestStatus mIsLoginRequest=false
09-20 07:06:29(528280985729) PID_SA INFO: [Java_com_chinatelecom_smarthome_viewer_business_impl_NativeClient_writeLogToFile:118]I/AdViewModel: fetchAdList skip, already requested
09-20 07:06:29(17827451128686583937) PID_SA INFO: [Java_com_chinatelecom_smarthome_viewer_business_impl_NativeClient_writeLogToFile:118]HmAdManager: updateAd==isClean:false，isShowAd：true
09-20 07:06:29(528280985729) PID_SA INFO: [Java_com_chinatelecom_smarthome_viewer_business_impl_NativeUser_GetDomainAddr:1672]HM_GetDomainAddr ret = 0,  aucSvrDomain:, aucWebDomain:, aucLogDomain:, aucAlexaDomain:
09-20 07:06:29(8321) PID_SA INFO: [Java_com_chinatelecom_smarthome_viewer_business_impl_NativeClient_writeLogToFile:118]I/HmHostConfig: hostInfo:{svrHost:,webHost:,logHost:,alexaHost:}
09-20 07:06:29(2343) PID_SA INFO: [Java_com_chinatelecom_smarthome_viewer_business_impl_NativeClient_writeLogToFile:118]I/GooglePayManagerV2: startConnection billingClient.isReady=true retry=true funcId= hasCallback=false
09-20 07:06:29(2343) PID_SA INFO: [Java_com_chinatelecom_smarthome_viewer_business_impl_NativeClient_writeLogToFile:118]I/GooglePayManagerV2: startConnection reuse ready client, begin checkPendingPurchases
09-20 07:06:29(2343) PID_SA INFO: [Java_com_chinatelecom_smarthome_viewer_business_impl_NativeClient_writeLogToFile:118]I/GooglePayManagerV2: checkPendingPurchases start retry=true funcId= hasCallback=false
09-20 07:06:29(17827451128686583937) PID_SA INFO: [Java_com_chinatelecom_smarthome_viewer_business_impl_NativeClient_writeLogToFile:118]AdList: AdvertisingRequst(id=, adcode=pro_Android_en_list_banner,pro_Android_en_qiandao,pro_Android_en_Me,pro_Android_en_alert_banner,pro_Android_en_Me_banner4,pro_Android_en_Me_Full_banner,pro_Android_en_Me_left_half_banner,pro_Android_en_Me_right_half_banner,pro_Android_en_cloud_Native2,Android_en_sale_window, width=1080, height=2400, appver=2.9.37, appid=1593592778513070, companyid=0000213ed0cdb8bc, countryCode=GB, platform=2, lang=2, uid=1600010140c3ad11)
09-20 07:06:29(8321) PID_SA INFO: [Java_com_chinatelecom_smarthome_viewer_business_impl_NativeClient_writeLogToFile:118]I/HmAdManager: posCode:home_interstitial,activity:CareMainActivity
09-20 07:06:29(5066592530473089) PID_SA INFO: [Java_com_chinatelecom_smarthome_viewer_business_impl_NativeClient_writeLogToFile:118]I/HmAdManager: getCachedAdListData from memory, size=4
09-20 07:06:29(8321) PID_SA INFO: [Java_com_chinatelecom_smarthome_viewer_business_impl_NativeClient_writeLogToFile:118]I/HmAdManager: getAdDataByStrategy: adPositionKey=pro_Android_en_List_Interstitial not found
09-20 07:06:29(8321) PID_SA INFO: [Java_com_chinatelecom_smarthome_viewer_business_impl_NativeClient_writeLogToFile:118]I/HmAdManager: loadInterstitialAd posCode:home_interstitial,adModel:ImageTitleBean{imageUrl='null', title='null', imageId=0, clickUrl='null', adsource='', adsourcecode='', skip=0, skip_type=0, click=0, show_time_length=0, adcode='', isDowload=false, jumpType='null', adtype=0, req_ad_timeout=0, strategy_type=-1, rule_conf=null, after_click_action=null, rule_update_times=0, showPrice='null', price='null', unit='null', currency_symbol='null', adId='null', page_name='null'}
09-20 07:06:29(7937) PID_SA INFO: [Java_com_chinatelecom_smarthome_viewer_business_impl_NativeClient_writeLogToFile:118]I/CurlLogger: cURL -X POST -H "Content-Type: application/json; charset=UTF-8"  -d '{"adcode":"pro_Android_en_list_banner,pro_Android_en_qiandao,pro_Android_en_Me,pro_Android_en_alert_banner,pro_Android_en_Me_banner4,pro_Android_en_Me_Full_banner,pro_Android_en_Me_left_half_banner,pro_Android_en_Me_right_half_banner,pro_Android_en_cloud_Native2,Android_en_sale_window","appid":"1593592778513070","appver":"2.9.37","companyid":"0000213ed0cdb8bc","countryCode":"GB","height":"2400","id":"","lang":"2","platform":"2","uid":"1600010140c3ad11","width":"1080"}' "https://exsvr.smartcloudcon.com/carewebin/store/getadlist/v2" -L
09-20 07:06:29(2343) PID_SA INFO: [Java_com_chinatelecom_smarthome_viewer_business_impl_NativeClient_writeLogToFile:118]I/DeviceList: dispatchAction:com.huiyun.care.viewer.main.deviceList.a$a@6553171
09-20 07:06:29(545460848935) PID_SA INFO: [Java_com_chinatelecom_smarthome_viewer_business_impl_NativeClient_writeLogToFile:118]I/DeviceList: dispatchAction:RequestUserCouponStatus
09-20 07:06:29(528280985741) PID_SA INFO: [Java_com_chinatelecom_smarthome_viewer_business_impl_NativeUser_GetDomainAddr:1672]HM_GetDomainAddr ret = 0,  aucSvrDomain:, aucWebDomain:, aucLogDomain:, aucAlexaDomain:
09-20 07:06:29(8333) PID_SA INFO: [Java_com_chinatelecom_smarthome_viewer_business_impl_NativeClient_writeLogToFile:118]I/HmHostConfig: hostInfo:{svrHost:,webHost:,logHost:,alexaHost:}
09-20 07:06:29(2343) PID_SA INFO: [Java_com_chinatelecom_smarthome_viewer_business_impl_NativeClient_writeLogToFile:118]I/MsgFragmentV2: initDeviceControlObserve device id:null,name:null
09-20 07:06:29(7875) ZJ_TASK INFO: [ZJ_RecvRegistAccoutTypesRsp:291]ogct 60 recv rsp code 0 
09-20 07:06:29(7740) PID_SA INFO: [Java_com_chinatelecom_smarthome_viewer_business_impl_NativeClient_writeLogToFile:118]I/initCalendarDate: oldDay:2026-08-21,index:30,split:[2026, 08, 21]
09-20 07:06:29(532575952444) PID_SA INFO: [Java_com_chinatelecom_smarthome_viewer_business_impl_NativeClient_writeLogToFile:118]I/initCalendarDate: oldDay:2026-08-22,index:29,split:[2026, 08, 22]
09-20 07:06:29(532575952444) PID_SA INFO: [Java_com_chinatelecom_smarthome_viewer_business_impl_NativeClient_writeLogToFile:118]I/initCalendarDate: oldDay:2026-08-23,index:28,split:[2026, 08, 23]
09-20 07:06:29(532575952444) PID_SA INFO: [Java_com_chinatelecom_smarthome_viewer_business_impl_NativeClient_writeLogToFile:118]I/initCalendarDate: oldDay:2026-08-24,index:27,split:[2026, 08, 24]
09-20 07:06:29(532575952444) PID_SA INFO: [Java_com_chinatelecom_smarthome_viewer_business_impl_NativeClient_writeLogToFile:118]I/initCalendarDate: oldDay:2026-08-25,index:26,split:[2026, 08, 25]
09-20 07:06:29(532575952444) PID_SA INFO: [Java_com_chinatelecom_smarthome_viewer_business_impl_NativeClient_writeLogToFile:118]I/initCalendarDate: oldDay:2026-08-26,index:25,split:[2026, 08, 26]
09-20 07:06:29(532575952444) PID_SA INFO: [Java_com_chinatelecom_smarthome_viewer_business_impl_NativeClient_writeLogToFile:118]I/initCalendarDate: oldDay:2026-08-27,index:24,split:[2026, 08, 27]
09-20 07:06:29(532575952444) PID_SA INFO: [Java_com_chinatelecom_smarthome_viewer_business_impl_NativeClient_writeLogToFile:118]I/initCalendarDate: oldDay:2026-08-28,index:23,split:[2026, 08, 28]
09-20 07:06:29(532575952444) PID_SA INFO: [Java_com_chinatelecom_smarthome_viewer_business_impl_NativeClient_writeLogToFile:118]I/initCalendarDate: oldDay:2026-08-29,index:22,split:[2026, 08, 29]
09-20 07:06:29(532575952444) PID_SA INFO: [Java_com_chinatelecom_smarthome_viewer_business_impl_NativeClient_writeLogToFile:118]I/initCalendarDate: oldDay:2026-08-30,index:21,split:[2026, 08, 30]
09-20 07:06:29(532575952444) PID_SA INFO: [Java_com_chinatelecom_smarthome_viewer_business_impl_NativeClient_writeLogToFile:118]I/initCalendarDate: oldDay:2026-08-31,index:20,split:[2026, 08, 31]
09-20 07:06:29(532575952444) PID_SA INFO: [Java_com_chinatelecom_smarthome_viewer_business_impl_NativeClient_writeLogToFile:118]I/initCalendarDate: oldDay:2026-09-01,index:19,split:[2026, 09, 01]
09-20 07:06:29(532575952444) PID_SA INFO: [Java_com_chinatelecom_smarthome_viewer_business_impl_NativeClient_writeLogToFile:118]I/initCalendarDate: oldDay:2026-09-02,index:18,split:[2026, 09, 02]
09-20 07:06:29(532575952444) PID_SA INFO: [Java_com_chinatelecom_smarthome_viewer_business_impl_NativeClient_writeLogToFile:118]I/initCalendarDate: oldDay:2026-09-03,index:17,split:[2026, 09, 03]
09-20 07:06:29(532575952444) PID_SA INFO: [Java_com_chinatelecom_smarthome_viewer_business_impl_NativeClient_writeLogToFile:118]I/initCalendarDate: oldDay:2026-09-04,index:16,split:[2026, 09, 04]
09-20 07:06:29(532575952444) PID_SA INFO: [Java_com_chinatelecom_smarthome_viewer_business_impl_NativeClient_writeLogToFile:118]I/initCalendarDate: oldDay:2026-09-05,index:15,split:[2026, 09, 05]
09-20 07:06:29(532575952444) PID_SA INFO: [Java_com_chinatelecom_smarthome_viewer_business_impl_NativeClient_writeLogToFile:118]I/initCalendarDate: oldDay:2026-09-06,index:14,split:[2026, 09, 06]
09-20 07:06:29(532575952444) PID_SA INFO: [Java_com_chinatelecom_smarthome_viewer_business_impl_NativeClient_writeLogToFile:118]I/initCalendarDate: oldDay:2026-09-07,index:13,split:[2026, 09, 07]
09-20 07:06:29(532575952444) PID_SA INFO: [Java_com_chinatelecom_smarthome_viewer_business_impl_NativeClient_writeLogToFile:118]I/initCalendarDate: oldDay:2026-09-08,index:12,split:[2026, 09, 08]
09-20 07:06:29(532575952444) PID_SA INFO: [Java_com_chinatelecom_smarthome_viewer_business_impl_NativeClient_writeLogToFile:118]I/initCalendarDate: oldDay:2026-09-09,index:11,split:[2026, 09, 09]
09-20 07:06:29(532575952444) PID_SA INFO: [Java_com_chinatelecom_smarthome_viewer_business_impl_NativeClient_writeLogToFile:118]I/initCalendarDate: oldDay:2026-09-10,index:10,split:[2026, 09, 10]
09-20 07:06:29(532575952444) PID_SA INFO: [Java_com_chinatelecom_smarthome_viewer_business_impl_NativeClient_writeLogToFile:118]I/initCalendarDate: oldDay:2026-09-11,index:9,split:[2026, 09, 11]
09-20 07:06:29(532575952444) PID_SA INFO: [Java_com_chinatelecom_smarthome_viewer_business_impl_NativeClient_writeLogToFile:118]I/initCalendarDate: oldDay:2026-09-12,index:8,split:[2026, 09, 12]
09-20 07:06:29(532575952444) PID_SA INFO: [Java_com_chinatelecom_smarthome_viewer_business_impl_NativeClient_writeLogToFile:118]I/initCalendarDate: oldDay:2026-09-13,index:7,split:[2026, 09, 13]
09-20 07:06:29(532575952444) PID_SA INFO: [Java_com_chinatelecom_smarthome_viewer_business_impl_NativeClient_writeLogToFile:118]I/initCalendarDate: oldDay:2026-09-14,index:6,split:[2026, 09, 14]
09-20 07:06:29(532575952444) PID_SA INFO: [Java_com_chinatelecom_smarthome_viewer_business_impl_NativeClient_writeLogToFile:118]I/initCalendarDate: oldDay:2026-09-15,index:5,split:[2026, 09, 15]
09-20 07:06:29(532575952444) PID_SA INFO: [Java_com_chinatelecom_smarthome_viewer_business_impl_NativeClient_writeLogToFile:118]I/initCalendarDate: oldDay:2026-09-16,index:4,split:[2026, 09, 16]
09-20 07:06:29(532575952444) PID_SA INFO: [Java_com_chinatelecom_smarthome_viewer_business_impl_NativeClient_writeLogToFile:118]I/initCalendarDate: oldDay:2026-09-17,index:3,split:[2026, 09, 17]
09-20 07:06:29(532575952444) PID_SA INFO: [Java_com_chinatelecom_smarthome_viewer_business_impl_NativeClient_writeLogToFile:118]I/initCalendarDate: oldDay:2026-09-18,index:2,split:[2026, 09, 18]
09-20 07:06:29(532575952444) PID_SA INFO: [Java_com_chinatelecom_smarthome_viewer_business_impl_NativeClient_writeLogToFile:118]I/initCalendarDate: oldDay:2026-09-19,index:1,split:[2026, 09, 19]
09-20 07:06:29(532575952444) PID_SA INFO: [Java_com_chinatelecom_smarthome_viewer_business_impl_NativeClient_writeLogToFile:118]I/initCalendarDate: oldDay:2026-09-20,index:0,split:[2026, 09, 20]
09-20 07:06:29(545460848935) PID_SA INFO: [Java_com_chinatelecom_smarthome_viewer_business_impl_NativeUser_GetDomainAddr:1672]HM_GetDomainAddr ret = 0,  aucSvrDomain:, aucWebDomain:, aucLogDomain:, aucAlexaDomain:
09-20 07:06:29(2343) PID_SA INFO: [Java_com_chinatelecom_smarthome_viewer_business_impl_NativeClient_writeLogToFile:118]I/HmHostConfig: hostInfo:{svrHost:,webHost:,logHost:,alexaHost:}
09-20 07:06:29(545460848935) PID_SA INFO: [Java_com_chinatelecom_smarthome_viewer_business_impl_NativeUser_GetDomainAddr:1672]HM_GetDomainAddr ret = 0,  aucSvrDomain:, aucWebDomain:, aucLogDomain:, aucAlexaDomain:
09-20 07:06:29(2343) PID_SA INFO: [Java_com_chinatelecom_smarthome_viewer_business_impl_NativeClient_writeLogToFile:118]I/HmHostConfig: hostInfo:{svrHost:,webHost:,logHost:,alexaHost:}
09-20 07:06:29(545460848935) PID_SA INFO: [Java_com_chinatelecom_smarthome_viewer_business_impl_NativeUser_GetDomainAddr:1672]HM_GetDomainAddr ret = 0,  aucSvrDomain:, aucWebDomain:, aucLogDomain:, aucAlexaDomain:
09-20 07:06:29(2343) PID_SA INFO: [Java_com_chinatelecom_smarthome_viewer_business_impl_NativeClient_writeLogToFile:118]I/HmHostConfig: hostInfo:{svrHost:,webHost:,logHost:,alexaHost:}
09-20 07:06:29(545460848935) PID_SA INFO: [Java_com_chinatelecom_smarthome_viewer_business_impl_NativeUser_GetDomainAddr:1672]HM_GetDomainAddr ret = 0,  aucSvrDomain:, aucWebDomain:, aucLogDomain:, aucAlexaDomain:
09-20 07:06:29(2343) PID_SA INFO: [Java_com_chinatelecom_smarthome_viewer_business_impl_NativeClient_writeLogToFile:118]I/HmHostConfig: hostInfo:{svrHost:,webHost:,logHost:,alexaHost:}
09-20 07:06:29(528280985741) PID_SA INFO: [Java_com_chinatelecom_smarthome_viewer_business_impl_NativeUser_GetDomainAddr:1672]HM_GetDomainAddr ret = 0,  aucSvrDomain:, aucWebDomain:, aucLogDomain:, aucAlexaDomain:
09-20 07:06:29(8333) PID_SA INFO: [Java_com_chinatelecom_smarthome_viewer_business_impl_NativeClient_writeLogToFile:118]I/HmHostConfig: hostInfo:{svrHost:,webHost:,logHost:,alexaHost:}
09-20 07:06:29(523986017993) cos ERR: [Cand_DirOpen:233]opendir pucDirName:/storage/emulated/0/Android/data/com.huiyun.care.viewerpro.googleplay/files/Care/timesicon
09-20 07:06:29(7881) DP_MNG ERR: [DiskSpace_GetSubDirCacheSize:68]dir /storage/emulated/0/Android/data/com.huiyun.care.viewerpro.googleplay/files/Care/timesicon open fail errno 2 
09-20 07:06:30(8323) PID_SA INFO: [Java_com_chinatelecom_smarthome_viewer_business_impl_NativeClient_writeLogToFile:118]I/GooglePayManagerV2: checkPendingPurchases SUBS billingResult = Response Code: OK, Debug Message:  size = 0
09-20 07:06:30(523986017993) cos ERR: [Cand_DirOpen:233]opendir pucDirName:/storage/emulated/0/Android/data/com.huiyun.care.viewerpro.googleplay/files/Care/cloud
09-20 07:06:30(7881) DP_MNG ERR: [DiskSpace_GetSubDirCacheSize:68]dir /storage/emulated/0/Android/data/com.huiyun.care.viewerpro.googleplay/files/Care/cloud open fail errno 2 
09-20 07:06:30(523986017993) PID_SA INFO: [FUN_GET_DISKCACHESIZE:2220]FUN_GET_DISKCACHESIZE uiReqId:61, uiCacheSize:25
09-20 07:06:30(523986017993) DP_MNG INFO: [DiskSpace_ProcGetSizeMsg:118]reqid 61 get disk cache size 25
09-20 07:06:30(2343) PID_SA INFO: [Java_com_chinatelecom_smarthome_viewer_business_impl_NativeClient_writeLogToFile:118]I/PackageViewModel: play ON_START code: -10000,payRetainType:0,isWeChatPaying:false
09-20 07:06:30(2343) PID_SA INFO: [Java_com_chinatelecom_smarthome_viewer_business_impl_NativeClient_writeLogToFile:118]I/BaseActivity: onResume==mIsShowAd:false//activity is CareMainActivity
09-20 07:06:30(2343) PID_SA INFO: [Java_com_chinatelecom_smarthome_viewer_business_impl_NativeUser_getOwnerVCardInfo:354]uiMarried:0,  uiSex:0, aucMobile:, aucEmail:, aucAddress:,aucBirthday:, aucCity:, aucCountry:GB,aucVMid:, aucNickName:, aucProvice:,aucPhotoProfile:,aucRegPeriod:,
09-20 07:06:30(545460848935) PID_SA INFO: [Java_com_chinatelecom_smarthome_viewer_business_impl_NativeClient_writeLogToFile:118]I/DeviceList: dispatchAction:RequestMarketAd
09-20 07:06:30(2343) PID_SA INFO: [Java_com_chinatelecom_smarthome_viewer_business_impl_NativeClient_writeLogToFile:118]AdList: AdvertisingRequst(id=, adcode=Android_en_sale_window, width=1080, height=2400, appver=2.9.37, appid=1593592778513070, companyid=0000213ed0cdb8bc, countryCode=GB, platform=2, lang=2, uid=1600010140c3ad11)
09-20 07:06:30(2343) PID_SA INFO: [Java_com_chinatelecom_smarthome_viewer_business_impl_NativeClient_writeLogToFile:118]I/PackageViewModel: play ON_RESUME code: -10000,payRetainType:0
09-20 07:06:30(2343) PID_SA INFO: [Java_com_chinatelecom_smarthome_viewer_business_impl_NativeClient_writeLogToFile:118]I/PaymentManager: payResultCode:-10000, orderInfo is null:true, isAlipaySubscriptionPaying:false
09-20 07:06:30(8345) PID_SA INFO: [Java_com_chinatelecom_smarthome_viewer_business_impl_NativeClient_writeLogToFile:118]I/CurlLogger: cURL -X POST -H "Content-Type: application/json; charset=UTF-8"  -d '{"adcode":"Android_en_sale_window","appid":"1593592778513070","appver":"2.9.37","companyid":"0000213ed0cdb8bc","countryCode":"GB","height":"2400","id":"","lang":"2","platform":"2","uid":"1600010140c3ad11","width":"1080"}' "https://exsvr.smartcloudcon.com/carewebin/store/getadlist/v2" -L
09-20 07:06:30(536870914343) PID_SA INFO: [Java_com_chinatelecom_smarthome_viewer_business_impl_NativeClient_writeLogToFile:118]onInitPushSuccess: regid = eTaw3UHwT7yXDsUUjIDjw_:APA91bGOPrHHfPX6BI8lyu8Xuh2S_tcCJ1X6J2fTnbEulnllK4sV-ag66RoIN9ctFMucYPCZ7nWJDLxUD71DTrCmEUFuwrP9Ejga3KAQWdqdxzB2QJfr-f8
09-20 07:06:30(2343) ZJ_TASK INFO: [ZJ_SetPushToken:1024]ogct 62 set pushtoken eTaw3UHwT7yXDsUUjIDjw_:APA91bGOPrHHfPX6BI8lyu8Xuh2S_tcCJ1X6J2fTnbEulnllK4sV-ag66RoIN9ctFMucYPCZ7nWJDLxUD71DTrCmEUFuwrP9Ejga3KAQWdqdxzB2QJfr-f8 iRet 0
09-20 07:06:30(545460848935) PID_SA INFO: [Java_com_chinatelecom_smarthome_viewer_business_impl_NativeClient_writeLogToFile:118]Internal: onGetAccoutTypeList=requestId:60,errorCode:0//regAccoutTypeList:[RegisterAccountTypeId(type=1), RegisterAccountTypeId(type=2)]
09-20 07:06:30(528280985149) PID_SA INFO: [Java_com_chinatelecom_smarthome_viewer_business_impl_NativeUser_GetDomainAddr:1672]HM_GetDomainAddr ret = 0,  aucSvrDomain:, aucWebDomain:, aucLogDomain:, aucAlexaDomain:
09-20 07:06:30(7741) PID_SA INFO: [Java_com_chinatelecom_smarthome_viewer_business_impl_NativeClient_writeLogToFile:118]I/HmHostConfig: hostInfo:{svrHost:,webHost:,logHost:,alexaHost:}
09-20 07:06:30(7875) PID_SA INFO: [FUN_DEVICE_COMMON_RSP:1216]FUN_DEVICE_COMMON_RSP uiReqId:62, iErr:0
09-20 07:06:30(523986017987) ZJ_TASK INFO: [ZJ_UserProcSetPushTokenRsp:1001]ogct 62 recv rsp code 0 
09-20 07:06:30(7900) PID_SA INFO: [Java_com_chinatelecom_smarthome_viewer_business_impl_NativeClient_writeLogToFile:118]I/AdViewModel: getAppDomains isSuccessful=true
09-20 07:06:30(2343) PID_SA INFO: [Java_com_chinatelecom_smarthome_viewer_business_impl_NativeClient_writeLogToFile:118]I/AdViewModel: fetchAppDomains success, v3WebRouterEmpty=false
09-20 07:06:30(2343) PID_SA INFO: [Java_com_chinatelecom_smarthome_viewer_business_impl_NativeClient_writeLogToFile:118]I/HmAdManager: getCachedAdListData from memory, size=4
09-20 07:06:30(2343) PID_SA INFO: [Java_com_chinatelecom_smarthome_viewer_business_impl_NativeClient_writeLogToFile:118]I/HmAdManager: getAdDataByStrategy: adPositionKey= not found
09-20 07:06:30(8322) PID_SA INFO: [Java_com_chinatelecom_smarthome_viewer_business_impl_NativeClient_writeLogToFile:118]I/GooglePayManagerV2: checkPendingPurchases INAPP billingResult = Response Code: OK, Debug Message:  size = 0
09-20 07:06:30(2343) ZJ_TASK INFO: [ZJ_RefreshDevicesStatus:612]ogct 63 refresh all devices status iRet 0
09-20 07:06:30(2343) PID_SA INFO: [Java_com_chinatelecom_smarthome_viewer_business_impl_NativeClient_writeLogToFile:118]I/DeviceList: dispatchAction:RequestAllAd
09-20 07:06:30(144651921548904743) PID_SA INFO: [Java_com_chinatelecom_smarthome_viewer_business_impl_NativeClient_writeLogToFile:118]AdList: AdvertisingRequst(id=, adcode=pro_Android_en_list_banner, width=1080, height=2400, appver=2.9.37, appid=1593592778513070, companyid=0000213ed0cdb8bc, countryCode=GB, platform=2, lang=2, uid=1600010140c3ad11)
09-20 07:06:30(545460848935) PID_SA INFO: [Java_com_chinatelecom_smarthome_viewer_business_impl_NativeClient_writeLogToFile:118]I/HmAdManager: getCachedAdListData from memory, size=4
09-20 07:06:30(2343) PID_SA INFO: [Java_com_chinatelecom_smarthome_viewer_business_impl_NativeClient_writeLogToFile:118]I/HmAdManager: getAdDataByStrategy: adPositionKey=pro_Android_en_Native1 lastCountDate:2026-09-20,now:1789868190898,today:2026-09-20,displayMaxTimes:0
09-20 07:06:30(545460848935) PID_SA INFO: [Java_com_chinatelecom_smarthome_viewer_business_impl_NativeClient_writeLogToFile:118]I/HmAdManager: currentAdType: 3
09-20 07:06:30(528280979751) PID_SA INFO: [Java_com_chinatelecom_smarthome_viewer_business_impl_NativeClient_writeLogToFile:118]I/HmAdManager: lastShowTime: 0
09-20 07:06:30(545460848935) PID_SA INFO: [Java_com_chinatelecom_smarthome_viewer_business_impl_NativeClient_writeLogToFile:118]I/HmAdManager: loadHomeBannerAD==isAdBuyNoShowad:false,Model:ImageTitleBean{imageUrl='null', title='null', imageId=0, clickUrl='null', adsource='applovin', adsourcecode='eb1b86e5d9feb53e', skip=0, skip_type=0, click=0, show_time_length=5, adcode='pro_Android_en_Native1', isDowload=false, jumpType='null', adtype=1, req_ad_timeout=0, strategy_type=-1, rule_conf=null, after_click_action=null, rule_update_times=0, showPrice='null', price='null', unit='null', currency_symbol='null', adId='null', page_name='null'}
09-20 07:06:30(536870914343) PID_SA INFO: [Java_com_chinatelecom_smarthome_viewer_business_impl_NativeClient_writeLogToFile:118]I/HmAdManager: loadHomeBannerAD==adModel:ImageTitleBean{imageUrl='null', title='null', imageId=0, clickUrl='null', adsource='applovin', adsourcecode='eb1b86e5d9feb53e', skip=0, skip_type=0, click=0, show_time_length=5, adcode='pro_Android_en_Native1', isDowload=false, jumpType='null', adtype=1, req_ad_timeout=0, strategy_type=-1, rule_conf=null, after_click_action=null, rule_update_times=0, showPrice='null', price='null', unit='null', currency_symbol='null', adId='null', page_name='null'}
09-20 07:06:30(28429402144514189) PID_SA INFO: [Java_com_chinatelecom_smarthome_viewer_business_impl_NativeClient_writeLogToFile:118]I/CurlLogger: cURL -X POST -H "Content-Type: application/json; charset=UTF-8"  -d '{"adcode":"pro_Android_en_list_banner","appid":"1593592778513070","appver":"2.9.37","companyid":"0000213ed0cdb8bc","countryCode":"GB","height":"2400","id":"","lang":"2","platform":"2","uid":"1600010140c3ad11","width":"1080"}' "https://exsvr.smartcloudcon.com/carewebin/store/getadlist/v2" -L
09-20 07:06:30(17827451128686577959) PID_SA INFO: [Java_com_chinatelecom_smarthome_viewer_business_impl_NativeClient_writeLogToFile:118]AdList: AdvertisingRequst(id=, adcode=pro_Android_en_right_sidebar, width=1080, height=2400, appver=2.9.37, appid=1593592778513070, companyid=0000213ed0cdb8bc, countryCode=GB, platform=2, lang=2, uid=1600010140c3ad11)
09-20 07:06:30(2343) PID_SA INFO: [Java_com_chinatelecom_smarthome_viewer_business_impl_NativeClient_writeLogToFile:118]I/DeviceList: dispatchAction:com.huiyun.care.viewer.main.deviceList.a$b@9a8eee6
09-20 07:06:30(536870919900) PID_SA INFO: [Java_com_chinatelecom_smarthome_viewer_business_impl_NativeClient_writeLogToFile:118]I/DeviceBean: getDeviceName:GateCameras
09-20 07:06:30(528280985149) PID_SA INFO: [Java_com_chinatelecom_smarthome_viewer_business_impl_NativeUser_GetDomainAddr:1672]HM_GetDomainAddr ret = 0,  aucSvrDomain:, aucWebDomain:, aucLogDomain:, aucAlexaDomain:
09-20 07:06:30(7741) PID_SA INFO: [Java_com_chinatelecom_smarthome_viewer_business_impl_NativeClient_writeLogToFile:118]I/HmHostConfig: hostInfo:{svrHost:,webHost:,logHost:,alexaHost:}
09-20 07:06:30(28429402144514227) PID_SA INFO: [Java_com_chinatelecom_smarthome_viewer_business_impl_NativeClient_writeLogToFile:118]I/CurlLogger: cURL -X POST -H "Content-Type: application/json; charset=UTF-8"  -d '{"adcode":"pro_Android_en_right_sidebar","appid":"1593592778513070","appver":"2.9.37","companyid":"0000213ed0cdb8bc","countryCode":"GB","height":"2400","id":"","lang":"2","platform":"2","uid":"1600010140c3ad11","width":"1080"}' "https://exsvr.smartcloudcon.com/carewebin/store/getadlist/v2" -L
09-20 07:06:30(528280979751) PID_SA INFO: [Java_com_chinatelecom_smarthome_viewer_business_impl_NativeClient_writeLogToFile:118]I/DeviceBean: getDeviceName:GateCameras
09-20 07:06:30(528280979751) PID_SA INFO: [Java_com_chinatelecom_smarthome_viewer_business_impl_NativeClient_writeLogToFile:118]I/DeviceBean: getDeviceName:GateCameras
09-20 07:06:30(9570398316273851) PID_SA INFO: [Java_com_chinatelecom_smarthome_viewer_business_impl_NativeClient_writeLogToFile:118]I/CurlLogger: cURL -X POST -H "Content-Type: application/json; charset=UTF-8"  -d '{"uid":"1600010140c3ad11"}' "https://exsvr.smartcloudcon.com/carewebin/store/userTrialStatus?language=2&did=12000103c0537c93&uid=1600010140c3ad11&code=AiCN" -L
09-20 07:06:31(2343) PID_SA INFO: [Java_com_chinatelecom_smarthome_viewer_business_impl_NativeClient_writeLogToFile:118]I/AppLovinAdManager: initializeSdk isTestModeEnabled: false,countryCode: ,enabledAmazonAdUnitIds?.size: null,sdkConfig string: AppLovinSdkConfiguration{, countryCode=, enabledAmazonAdUnitIds=null, testModeEnabled=false}
09-20 07:06:31(7875) PID_SA INFO: [FUN_DEVICE_COMMON_RSP:1216]FUN_DEVICE_COMMON_RSP uiReqId:63, iErr:0
09-20 07:06:31(523986017987) ZJ_TASK INFO: [ZJ_UserProcCommonRsp:220]ogct 63 recv rsp code 0 
09-20 07:06:31(523986017981) CFG_TASK INFO: [Cfg_ProcDevStatusNtc:1268]ogct 3858270715 Ntc did 12000103c0537c93 oldflag 0 online status 1 pushflag 0 upstatus 0 Rate 0
09-20 07:06:31(17086715883130199741) CFG_TASK INFO: [Cfg_ParseRecvNetData:1502]recv msgtype 37 msgid 3e
09-20 07:06:31(16325694678114491) PID_SA INFO: [Java_com_chinatelecom_smarthome_viewer_business_impl_NativeClient_writeLogToFile:118]I/CurlLogger: response:{"code":"1000","data":{"hasTrialOrder":"0"},"desc":"Success"}
09-20 07:06:31(7741) PID_SA INFO: [Java_com_chinatelecom_smarthome_viewer_business_impl_NativeClient_writeLogToFile:118]I/PackageViewModel: requestCloudTrialOffer packageId:2091730356574097408
09-20 07:06:31(9570578704900283) PID_SA INFO: [Java_com_chinatelecom_smarthome_viewer_business_impl_NativeClient_writeLogToFile:118]I/CurlLogger: cURL -X POST -H "Content-Type: application/json; charset=UTF-8"  -d '{"appid":"1593592778513070","language":"2","packageid":"2091730356574097408","utoken":"1600010140c3ad111p3g5jmo63upuvo5"}' "https://exsvr.smartcloudcon.com/carewebin/QueryPackageDetail" -L
09-20 07:06:31(7937) PID_SA INFO: [Java_com_chinatelecom_smarthome_viewer_business_impl_NativeClient_writeLogToFile:118]I/CurlLogger: response:{"code":"1000","data":{"ext":{"buyed":"1","noThirdAd":0,"reg":"2024-04-09 16:36:37","useCache":1},"list":[{"ad_id":"B00378","ad_space_height":"","ad_space_size":1,"ad_space_width":"","adcode":"pro_Android_en_list_banner","adsource":"zzy","adsourcecode":"","adtype":2,"after_click_action":"{\"body\": {\"pkg_id\": \"\", \"group_id\": \"\", \"group_code\": \"\", \"is_user_no_pay\": \"\"}, \"type\": 1}","click":1,"click_url":"","id":"378","imglist":[{"height":375,"img_url":"https://hmstatic-1311597033.cos.ap-nanjing.myqcloud.com/media/ads/1733283688209760000/en banner.png","jumpType":"0","jump_url":"https://exwebsvr.smartcloudcon.com/careProcloud/#/packages-new","lang":1,"resolution":"1080x375","width":1080},{"height":375,"img_url":"https://hmstatic-1311597033.cos.ap-nanjing.myqcloud.com/media/ads/1750666446275539862/banner en.png","jumpType":"0","jump_url":"https://exwebsvr.smartcloudcon.com/careProcloud/#/intelligentAlarm","lang":1,"resolution":"1080x375","width":1080}],"name":"日常","no_display_ad_people
09-20 07:06:31(7165641991181573889) PID_SA INFO: [Java_com_chinatelecom_smarthome_viewer_business_impl_NativeClient_writeLogToFile:118]I/CurlLogger: ":0,"no_display_user_reg_days":0,"page_name":"","rate_times":"0-23","rate_week":"1,2,3,4,5,6,7","reg_gt_date":"","req_ad_timeout":5,"rule_conf":"{\"pop_type\": 1, \"pop_value\": \"\"}","rule_update_times":2609200,"show_time_end":"","show_time_length":5,"show_time_start":"2026-06-18","show_time_type":1,"skip":1,"skip_type":0,"strategy_type":0},{"ad_id":"N00380","ad_space_height":"","ad_space_size":1,"ad_space_width":"","adcode":"pro_Android_en_cloud_Native2","adsource":"zzy","adsourcecode":"","adtype":2,"after_click_action":"","click":1,"click_url":"","id":"380","imglist":[{"height":596,"img_url":"https://hmstatic-1311597033.cos.ap-nanjing.myqcloud.com/media/ads/1730164928604458057/yingyu.jpg","jumpType":"0","jump_url":"","lang":1,"resolution":"750x596","width":750}],"name":"云存优势","no_display_ad_people":0,"no_display_user_reg_days":0,"page_name":"","rate_times":"0-23","rate_week":"1,2,3,4,5,6,7","reg_gt_date":"","req_ad_timeout":5,"rule_conf":"","rule_update_times":2609200,"show_time_end":"","show_time_length"
09-20 07:06:31(7935954271323823873) PID_SA INFO: [Java_com_chinatelecom_smarthome_viewer_business_impl_NativeClient_writeLogToFile:118]I/CurlLogger: :5,"show_time_start":"2024-10-29","show_time_type":1,"skip":1,"skip_type":0,"strategy_type":0}]},"desc":"Success"}
09-20 07:06:31(536870919937) PID_SA INFO: [Java_com_chinatelecom_smarthome_viewer_business_impl_NativeClient_writeLogToFile:118]AdList: AdvertisingResp(code=1000, data=DataBean(list=[ListBean(adId=B00378,adtype=2, adsource='zzy', adsourcecode='', show_time_end='', show_time_type=1, skip=1, skip_type=0, click=1, imglist=[Imglist(adId=,img_url='https://hmstatic-1311597033.cos.ap-nanjing.myqcloud.com/media/ads/1733283688209760000/en banner.png', width=1080, lang=1, resolution='1080x375', height=375, jump_url='https://exwebsvr.smartcloudcon.com/careProcloud/#/packages-new', jumpType='0', isDownload=false), Imglist(adId=,img_url='https://hmstatic-1311597033.cos.ap-nanjing.myqcloud.com/media/ads/1750666446275539862/banner en.png', width=1080, lang=1, resolution='1080x375', height=375, jump_url='https://exwebsvr.smartcloudcon.com/careProcloud/#/intelligentAlarm', jumpType='0', isDownload=false)], show_time_start='2026-06-18', show_time_length=5, rate_times='0-23', name='日常', rate_week='1,2,3,4,5,6,7', adId='378', click_url='', jumpType='', adcode='pro_Android_en_list_banner', req_ad_timeout=5, strategy_type=0, rule_conf='{"pop_type": 1, "pop_value": ""}', after_click_action='{"body": {"pkg_id": "", "group_id": "", "group_code": "", "is_user_no_pay": ""}, "type": 1}', rule_update_times=2609200,page_name=), ListBean(adId=N00380,adtype=2, adsource='zzy', adsourcecode='', show_time_end='', show_time_type=1, skip=1, skip_type=0, click=1, imglist=[Imglist(adId=,img_url='https://hmstatic-1311597033.cos.ap-nanjing.myqcloud.com/media/ads/1730164928604458057/yingyu.jpg', width=750, lang=1, resolution='750x596', height=596, jump_url='', jumpType='0', isDownload=false)], show_time_start='2024-10-29', show_time_length=5, rate_times='0-23', name='云存优势', rate_week='1,2,3,4,5,6,7', adId='380', click_url='', jumpType='', adcode='pro_Android_en_cloud_Native2', req_ad_timeout=5, strategy_type=0, rule_conf='', after_click_action='', rule_update_times=2609200,page_name=)]), desc=Success)
09-20 07:06:31(523986018049) PID_SA INFO: [Java_com_chinatelecom_smarthome_viewer_business_impl_NativeClient_writeLogToFile:118]AdList: AdvertisingResp bean:ListBean(adId=B00378,adtype=2, adsource='zzy', adsourcecode='', show_time_end='', show_time_type=1, skip=1, skip_type=0, click=1, imglist=[Imglist(adId=,img_url='https://hmstatic-1311597033.cos.ap-nanjing.myqcloud.com/media/ads/1733283688209760000/en banner.png', width=1080, lang=1, resolution='1080x375', height=375, jump_url='https://exwebsvr.smartcloudcon.com/careProcloud/#/packages-new', jumpType='0', isDownload=false), Imglist(adId=,img_url='https://hmstatic-1311597033.cos.ap-nanjing.myqcloud.com/media/ads/1750666446275539862/banner en.png', width=1080, lang=1, resolution='1080x375', height=375, jump_url='https://exwebsvr.smartcloudcon.com/careProcloud/#/intelligentAlarm', jumpType='0', isDownload=false)], show_time_start='2026-06-18', show_time_length=5, rate_times='0-23', name='日常', rate_week='1,2,3,4,5,6,7', adId='378', click_url='', jumpType='', adcode='pro_Android_en_list_banner', req_ad_timeout=5, strategy_type=0, rule_conf='{"pop_type": 1, "pop_value": ""}', after_click_action='{"body": {"pkg_id": "", "group_id": "", "group_code": "", "is_user_no_pay": ""}, "type": 1}', rule_update_times=2609200,page_name=)
09-20 07:06:31(523986018049) PID_SA INFO: [Java_com_chinatelecom_smarthome_viewer_business_impl_NativeClient_writeLogToFile:118]AdList: AdvertisingResp bean:ListBean(adId=N00380,adtype=2, adsource='zzy', adsourcecode='', show_time_end='', show_time_type=1, skip=1, skip_type=0, click=1, imglist=[Imglist(adId=,img_url='https://hmstatic-1311597033.cos.ap-nanjing.myqcloud.com/media/ads/1730164928604458057/yingyu.jpg', width=750, lang=1, resolution='750x596', height=596, jump_url='', jumpType='0', isDownload=false)], show_time_start='2024-10-29', show_time_length=5, rate_times='0-23', name='云存优势', rate_week='1,2,3,4,5,6,7', adId='380', click_url='', jumpType='', adcode='pro_Android_en_cloud_Native2', req_ad_timeout=5, strategy_type=0, rule_conf='', after_click_action='', rule_update_times=2609200,page_name=)
09-20 07:06:31(8379) PID_SA INFO: [Java_com_chinatelecom_smarthome_viewer_business_impl_NativeClient_writeLogToFile:118]I/CurlLogger: response:{"code":"1000","data":{"ApplicationDirection":1,"CompanyId":"0","CurrencySymbol":"USD","DescLabel":[{"ID":70,"Image":"","Name":"7-Day Event Storage"},{"ID":71,"Image":"","Name":"1 Device Only"},{"ID":79,"Image":"","Name":"Ad-Free Experience. Only See CareCamPro Offers."}],"DeviceBuyCount":0,"DeviceNum":1,"FreeTrial":2,"IapAppleKey":"com.huiyun.CareSee.basic.monthly.trial","IapAppleKeyNonSub":"","IapGoogleKey":"","IapGoogleKeyNonSub":"","IsFree":0,"IsNoSubscription":0,"IsSubscription":1,"LandingPage":"https://exwebsvr.smartcloudcon.com/mallservices/#/PackageDetails?type=EventCloud","MarketingPrice":0,"Name":"","NoSubscriptionMarketingPrice":0,"NoSubscriptionPrice":0,"PackageId":"2091730356574097408","PackageLabel":[{"ID":177,"Image":"","Name":""}],"PackageSN":"","PayAccountId":"","ProductLimit":"[]","ProductLimitType":0,"ReleaseApp":"[\"ZKnF1F57Ae\"]","ReleaseArea":0,"SalePrice":399,"ServiceDuration":1,"ServiceDurationLanguageDesc":"","ServiceDurationUnit":"MONTH","ShowServiceDuration":0,"Subscription
09-20 07:06:31(7226435092887904443) PID_SA INFO: [Java_com_chinatelecom_smarthome_viewer_business_impl_NativeClient_writeLogToFile:118]I/CurlLogger: ":1,"SubscriptionLanguageDesc":"","SupportNoSubscription":0,"TemplateId":"[72]","TemplateSnapshot":"[{\"id\":\"72\",\"TypeId\":1,\"ServiceId\":\"300010\",\"SdkMax\":\"0\",\"SdkMin\":\"0\",\"ServiceItem\":[{\"bussConfig\":{},\"functionId\":\"1010\",\"abilityConfig\":{\"ChannelCount\":\"0\",\"Duration\":20,\"ForceStreamID\":-1,\"StorageAbility\":0,\"StorageList\":[{\"LoopDays\":7,\"RecordType\":\"2\"}],\"StreamID\":1}},{\"bussConfig\":{},\"functionId\":\"1013\",\"abilityConfig\":{\"LoopDays\":7}},{\"bussConfig\":{},\"functionId\":\"1011\",\"abilityConfig\":{\"GifFlag\":1,\"GifOpenFlag\":1,\"Interval\":30,\"LoopDays\":7,\"OpenFlag\":1,\"PicType\":2,\"RecordType\":1,\"SnapJpgCnt\":1,\"StorageType\":0}}],\"TemplateName\":\"事件7天1个月\",\"EffectiveUnit\":\"MONTH\",\"EffectiveDuration\":1,\"DeviceLimitCount\":0,\"EventSetting\":[],\"TimePolicy\":\"null\"}]","TrailCondition":0,"TrialCount":1,"TrialDay":0,"TrialPrice":0,"TrialType":"free","UserBuyCount":0,"pay":["5","4"]},"desc":"Success"}
09-20 07:06:31(12970367459402980924) PID_SA INFO: [Java_com_chinatelecom_smarthome_viewer_business_impl_NativeClient_writeLogToFile:118]I/PackageViewModel: requestCloudTrialOffer payInfo:campOderNumber:0,countdownTime:,name:,packageid:2091730356574097408,tag:null,showRelName:,showType:0,poid:,deviceBuyCount:0,price:399,order_type_id:0,descLabel:[DescLabel(descId=70, descImage=, descName=7-Day Event Storage), DescLabel(descId=71, descImage=, descName=1 Device Only), DescLabel(descId=79, descImage=, descName=Ad-Free Experience. Only See CareCamPro Offers.)],packageLabelList:[PackageLabel(labelId=177, labelImage=, labelName=)],pay:[5, 4],googleKey:,Subscription:1,noSubscription:0
09-20 07:06:32(12970367459402981059) TRAS_TASK INFO: [TrasNat_CheckNatType:454]natInf check cone type
09-20 07:06:32(12970367455108013763) TRAS_TASK INFO: [TrasBase_OnPortHoleUDPRecv:983]recv msg 32,29
09-20 07:06:32(16325694678114457) PID_SA INFO: [Java_com_chinatelecom_smarthome_viewer_business_impl_NativeClient_writeLogToFile:118]I/CurlLogger: response:{"code":"1000","data":{"ext":{"buyed":"1","noThirdAd":0,"reg":"2024-04-09 16:36:37","useCache":0},"list":[]},"desc":"Success"}
09-20 07:06:32(8345) PID_SA INFO: [Java_com_chinatelecom_smarthome_viewer_business_impl_NativeClient_writeLogToFile:118]AdList: AdvertisingResp(code=1000, data=DataBean(list=[]), desc=Success)
09-20 07:06:32(16325694678114483) PID_SA INFO: [Java_com_chinatelecom_smarthome_viewer_business_impl_NativeClient_writeLogToFile:118]I/CurlLogger: response:{"code":"1000","data":{"ext":{"buyed":"1","noThirdAd":0,"reg":"2024-04-09 16:36:37","useCache":0},"list":[]},"desc":"Success"}
09-20 07:06:32(8371) PID_SA INFO: [Java_com_chinatelecom_smarthome_viewer_business_impl_NativeClient_writeLogToFile:118]AdList: AdvertisingResp(code=1000, data=DataBean(list=[]), desc=Success)
09-20 07:06:32(8333) PID_SA INFO: [Java_com_chinatelecom_smarthome_viewer_business_impl_NativeClient_writeLogToFile:118]I/CurlLogger: response:{"code":"1000","data":{"ext":{"buyed":"1","noThirdAd":0,"reg":"2024-04-09 16:36:37","useCache":1},"list":[{"ad_id":"B00378","ad_space_height":"","ad_space_size":1,"ad_space_width":"","adcode":"pro_Android_en_list_banner","adsource":"zzy","adsourcecode":"","adtype":2,"after_click_action":"{\"body\": {\"pkg_id\": \"\", \"group_id\": \"\", \"group_code\": \"\", \"is_user_no_pay\": \"\"}, \"type\": 1}","click":1,"click_url":"","id":"378","imglist":[{"height":375,"img_url":"https://hmstatic-1311597033.cos.ap-nanjing.myqcloud.com/media/ads/1733283688209760000/en banner.png","jumpType":"0","jump_url":"https://exwebsvr.smartcloudcon.com/careProcloud/#/packages-new","lang":1,"resolution":"1080x375","width":1080},{"height":375,"img_url":"https://hmstatic-1311597033.cos.ap-nanjing.myqcloud.com/media/ads/1750666446275539862/banner en.png","jumpType":"0","jump_url":"https://exwebsvr.smartcloudcon.com/careProcloud/#/intelligentAlarm","lang":1,"resolution":"1080x375","width":1080}],"name":"日常","no_display_ad_people
09-20 07:06:32(7165641991181574285) PID_SA INFO: [Java_com_chinatelecom_smarthome_viewer_business_impl_NativeClient_writeLogToFile:118]I/CurlLogger: ":0,"no_display_user_reg_days":0,"page_name":"","rate_times":"0-23","rate_week":"1,2,3,4,5,6,7","reg_gt_date":"","req_ad_timeout":5,"rule_conf":"{\"pop_type\": 1, \"pop_value\": \"\"}","rule_update_times":2609200,"show_time_end":"","show_time_length":5,"show_time_start":"2026-06-18","show_time_type":1,"skip":1,"skip_type":0,"strategy_type":0}]},"desc":"Success"}
09-20 07:06:32(8333) PID_SA INFO: [Java_com_chinatelecom_smarthome_viewer_business_impl_NativeClient_writeLogToFile:118]AdList: AdvertisingResp(code=1000, data=DataBean(list=[ListBean(adId=B00378,adtype=2, adsource='zzy', adsourcecode='', show_time_end='', show_time_type=1, skip=1, skip_type=0, click=1, imglist=[Imglist(adId=,img_url='https://hmstatic-1311597033.cos.ap-nanjing.myqcloud.com/media/ads/1733283688209760000/en banner.png', width=1080, lang=1, resolution='1080x375', height=375, jump_url='https://exwebsvr.smartcloudcon.com/careProcloud/#/packages-new', jumpType='0', isDownload=false), Imglist(adId=,img_url='https://hmstatic-1311597033.cos.ap-nanjing.myqcloud.com/media/ads/1750666446275539862/banner en.png', width=1080, lang=1, resolution='1080x375', height=375, jump_url='https://exwebsvr.smartcloudcon.com/careProcloud/#/intelligentAlarm', jumpType='0', isDownload=false)], show_time_start='2026-06-18', show_time_length=5, rate_times='0-23', name='日常', rate_week='1,2,3,4,5,6,7', adId='378', click_url='', jumpType='', adcode='pro_Android_en_list_banner', req_ad_timeout=5, strategy_type=0, rule_conf='{"pop_type": 1, "pop_value": ""}', after_click_action='{"body": {"pkg_id": "", "group_id": "", "group_code": "", "is_user_no_pay": ""}, "type": 1}', rule_update_times=2609200,page_name=)]), desc=Success)
09-20 07:06:32(528280985741) PID_SA INFO: [Java_com_chinatelecom_smarthome_viewer_business_impl_NativeClient_writeLogToFile:118]AdList: AdvertisingResp bean:ListBean(adId=B00378,adtype=2, adsource='zzy', adsourcecode='', show_time_end='', show_time_type=1, skip=1, skip_type=0, click=1, imglist=[Imglist(adId=,img_url='https://hmstatic-1311597033.cos.ap-nanjing.myqcloud.com/media/ads/1733283688209760000/en banner.png', width=1080, lang=1, resolution='1080x375', height=375, jump_url='https://exwebsvr.smartcloudcon.com/careProcloud/#/packages-new', jumpType='0', isDownload=false), Imglist(adId=,img_url='https://hmstatic-1311597033.cos.ap-nanjing.myqcloud.com/media/ads/1750666446275539862/banner en.png', width=1080, lang=1, resolution='1080x375', height=375, jump_url='https://exwebsvr.smartcloudcon.com/careProcloud/#/intelligentAlarm', jumpType='0', isDownload=false)], show_time_start='2026-06-18', show_time_length=5, rate_times='0-23', name='日常', rate_week='1,2,3,4,5,6,7', adId='378', click_url='', jumpType='', adcode='pro_Android_en_list_banner', req_ad_timeout=5, strategy_type=0, rule_conf='{"pop_type": 1, "pop_value": ""}', after_click_action='{"body": {"pkg_id": "", "group_id": "", "group_code": "", "is_user_no_pay": ""}, "type": 1}', rule_update_times=2609200,page_name=)
09-20 07:06:33(2343) PID_SA INFO: [Java_com_chinatelecom_smarthome_viewer_business_impl_NativeClient_writeLogToFile:118]I/RecommendPackageIntervalStore: canRequest slotCode:ALL_HOME_BS_003,uid:1600010140c3ad11,durationHours:604800000
09-20 07:06:33(545460848935) PID_SA INFO: [Java_com_chinatelecom_smarthome_viewer_business_impl_NativeClient_writeLogToFile:118]I/ActivityPop: isShow:false,isLoadActivity:false
09-20 07:06:33(7740) PID_SA INFO: [Java_com_chinatelecom_smarthome_viewer_business_impl_NativeClient_writeLogToFile:118]I/PackageViewModel: HOME_RECOMMEND_CODE RecommendPackageReq=RecommendPackageReq(appVersion=2.9.37, appId=1593592778513070, uid=1600010140c3ad11, slotCode=ALL_HOME_BS_003, sdDiskSpacePercent=0, storageDays=0, isCloudStorageEnabled=0, isSdCardInserted=0, deviceCount=1, noCloudStorageDeviceCount=1)
09-20 07:06:33(528280985148) PID_SA INFO: [Java_com_chinatelecom_smarthome_viewer_business_impl_NativeUser_GetDomainAddr:1672]HM_GetDomainAddr ret = 0,  aucSvrDomain:, aucWebDomain:, aucLogDomain:, aucAlexaDomain:
09-20 07:06:33(7740) PID_SA INFO: [Java_com_chinatelecom_smarthome_viewer_business_impl_NativeClient_writeLogToFile:118]I/HmHostConfig: hostInfo:{svrHost:,webHost:,logHost:,alexaHost:}
09-20 07:06:33(528280979751) PID_SA INFO: [Java_com_chinatelecom_smarthome_viewer_business_impl_NativeClient_writeLogToFile:118]I/ActivityPop: activityPopBean:firstTime:1762013333764,lastTime:1762013375162,did:12000103c0537c93，：isHasDid：true,isXcfalse
09-20 07:06:33(528280979751) PID_SA INFO: [Java_com_chinatelecom_smarthome_viewer_business_impl_NativeClient_writeLogToFile:118]I/DeviceBean: getDeviceName:GateCameras
09-20 07:06:33(528280979751) PID_SA INFO: [Java_com_chinatelecom_smarthome_viewer_business_impl_NativeClient_writeLogToFile:118]I/DeviceBean: getDeviceName:GateCameras
09-20 07:06:33(7740) PID_SA INFO: [Java_com_chinatelecom_smarthome_viewer_business_impl_NativeClient_writeLogToFile:118]I/RecommendPackageIntervalStore: markShown slotCode:ALL_HOME_BS_003,uid:1600010140c3ad11,durationHours:604800000
09-20 07:06:33(528280985148) PID_SA INFO: [Java_com_chinatelecom_smarthome_viewer_business_impl_NativeUser_GetDomainAddr:1672]HM_GetDomainAddr ret = 0,  aucSvrDomain:, aucWebDomain:, aucLogDomain:, aucAlexaDomain:
09-20 07:06:33(7740) PID_SA INFO: [Java_com_chinatelecom_smarthome_viewer_business_impl_NativeClient_writeLogToFile:118]I/HmHostConfig: hostInfo:{svrHost:,webHost:,logHost:,alexaHost:}
09-20 07:06:33(9570578704900406) PID_SA INFO: [Java_com_chinatelecom_smarthome_viewer_business_impl_NativeClient_writeLogToFile:118]I/CurlLogger: cURL -X POST -H "Content-Type: application/json; charset=UTF-8"  -d '{"appid":"1593592778513070","language":"2","packageid":"2057761467456819200","utoken":"1600010140c3ad111p3g5jmo63upuvo5"}' "https://exsvr.smartcloudcon.com/carewebin/QueryPackageDetail" -L
09-20 07:06:33(2343) PID_SA INFO: [Java_com_chinatelecom_smarthome_viewer_business_impl_NativeClient_writeLogToFile:118]I/AppLovinAdManager: showAdBanner==onAdLoadFailed==code:-1000,meg:Failed to connect to ms.applvn.com/0.0.0.0:443
09-20 07:06:33(8502) PID_SA INFO: [Java_com_chinatelecom_smarthome_viewer_business_impl_NativeClient_writeLogToFile:118]I/CurlLogger: response:{"code":"1000","data":{"ApplicationDirection":1,"CompanyId":"0","CurrencySymbol":"USD","DescLabel":[{"ID":88,"Image":"","Name":"14-Day Event Storage"},{"ID":89,"Image":"","Name":"1 Device Only"}],"DeviceBuyCount":0,"DeviceNum":1,"FreeTrial":2,"IapAppleKey":"com.huiyun.CareSee.basic.monthly","IapAppleKeyNonSub":"","IapGoogleKey":"com.huiyun.care.viewer.basic.monthly","IapGoogleKeyNonSub":"","IsFree":0,"IsNoSubscription":0,"IsSubscription":1,"LandingPage":"https://exwebsvr.smartcloudcon.com/mallservices/#/PackageDetails?type=EventCloud","MarketingPrice":0,"Name":"Basic","NoSubscriptionMarketingPrice":399,"NoSubscriptionPrice":399,"PackageId":"2057761467456819200","PackageLabel":[{"ID":105,"Image":"","Name":"New"}],"PackageSN":"","PayAccountId":"","ProductLimit":"[]","ProductLimitType":0,"ReleaseApp":"[\"ZKnF1F57Ae\", \"0FRLPPzrn9\", \"AT8UAt3NuWCTaEcY\", \"ADRSAe7L4KVykG65\", \"ADRSAw5NWj8upAnH\", \"A4NFAp8gmVSHDaNA\"]","ReleaseArea":0,"SalePrice":499,"ServiceDuration":1,"ServiceDurationLanguageDesc":"
09-20 07:06:33(7587567440763035958) PID_SA INFO: [Java_com_chinatelecom_smarthome_viewer_business_impl_NativeClient_writeLogToFile:118]I/CurlLogger: ","ServiceDurationUnit":"MONTH","ShowServiceDuration":0,"Subscription":1,"SubscriptionLanguageDesc":"Auto-renews monthly. Cancel anytime.","SupportNoSubscription":0,"TemplateId":"[120]","TemplateSnapshot":"[{\"id\":\"120\",\"TypeId\":1,\"ServiceId\":\"300010\",\"SdkMax\":\"0\",\"SdkMin\":\"0\",\"ServiceItem\":[{\"bussConfig\":{},\"functionId\":\"1010\",\"abilityConfig\":{\"Duration\":30,\"ForceStreamID\":-1,\"StorageAbility\":0,\"StorageList\":[{\"LoopDays\":14,\"RecordType\":\"2\"}],\"StreamID\":1}},{\"bussConfig\":{},\"functionId\":\"1013\",\"abilityConfig\":{\"LoopDays\":14}},{\"bussConfig\":{},\"functionId\":\"1011\",\"abilityConfig\":{\"GifFlag\":1,\"GifOpenFlag\":1,\"Interval\":30,\"LoopDays\":14,\"OpenFlag\":1,\"PicType\":2,\"RecordType\":1,\"SnapJpgCnt\":5,\"StorageType\":0}}],\"TemplateName\":\"事件14天月\",\"EffectiveUnit\":\"MONTH\",\"EffectiveDuration\":1,\"DeviceLimitCount\":0,\"EventSetting\":[],\"TimePolicy\":\"null\"}]","TrailCondition":0,"TrialCount":1,"TrialDay":7,"TrialPrice":0,"TrialType":"fre
09-20 07:06:33(8382081109998969142) PID_SA INFO: [Java_com_chinatelecom_smarthome_viewer_business_impl_NativeClient_writeLogToFile:118]I/CurlLogger: e","UserBuyCount":0,"pay":["5","4"]},"desc":"Success"}
09-20 07:06:33(2343) PID_SA INFO: [Java_com_chinatelecom_smarthome_viewer_business_impl_NativeClient_writeLogToFile:118]I/GooglePayManagerV2: startConnection billingClient.isReady=true retry=false funcId= hasCallback=true
09-20 07:06:33(2343) PID_SA INFO: [Java_com_chinatelecom_smarthome_viewer_business_impl_NativeClient_writeLogToFile:118]I/GooglePayManagerV2: queryProduct start productType=subs requestSize=1 cacheSize=0
09-20 07:06:33(2343) PID_SA INFO: [Java_com_chinatelecom_smarthome_viewer_business_impl_NativeClient_writeLogToFile:118]I/GooglePayManagerV2: productType = subs productId = com.huiyun.care.viewer.basic.monthly
09-20 07:06:34(8510) PID_SA INFO: [Java_com_chinatelecom_smarthome_viewer_business_impl_NativeClient_writeLogToFile:118]I/GooglePayManagerV2: queryProduct result fetched=1 unfetched=0 cacheSize=1 billingResult = message:,responseCode=0
09-20 07:06:34(8510) PID_SA INFO: [Java_com_chinatelecom_smarthome_viewer_business_impl_NativeClient_writeLogToFile:118]I/GooglePayManagerV2: priceCurrencyCode =   formattedPrice:null,//originPrice:null
09-20 07:06:34(8510) PID_SA INFO: [Java_com_chinatelecom_smarthome_viewer_business_impl_NativeClient_writeLogToFile:118]I/GooglePayManagerV2: priceCurrencyCode = INR  formattedPrice:₹550.00,//originPrice:550000000
09-20 07:06:34(2343) PID_SA INFO: [Java_com_chinatelecom_smarthome_viewer_business_impl_NativeClient_writeLogToFile:118]I/RecommendPopupPayHelper: resolveConfiguredAvailablePayCodes payList:[4]
09-20 07:06:34(545460848935) PID_SA INFO: [Java_com_chinatelecom_smarthome_viewer_business_impl_NativeClient_writeLogToFile:118]I/HomeRecommendPackageDialog: templateId:rec_popup_001,rec_popup_001, payInfoBean:campOderNumber:0,countdownTime:,name:Basic,packageid:2057761467456819200,tag:null,showRelName:,showType:0,poid:,deviceBuyCount:0,price:499,order_type_id:0,descLabel:[DescLabel(descId=88, descImage=, descName=14-Day Event Storage), DescLabel(descId=89, descImage=, descName=1 Device Only)],packageLabelList:[PackageLabel(labelId=105, labelImage=, labelName=New)],pay:[5, 4],googleKey:com.huiyun.care.viewer.basic.monthly,Subscription:1,noSubscription:0
09-20 07:06:34(545460848935) PID_SA INFO: [Java_com_chinatelecom_smarthome_viewer_business_impl_NativeClient_writeLogToFile:118]I/RecommendPopupPayHelper: resolveConfiguredAvailablePayCodes payList:[4]
09-20 07:06:34(536870919741) PID_SA INFO: [Java_com_chinatelecom_smarthome_viewer_business_impl_NativeClient_writeLogToFile:118]I/DeviceBean: getDeviceName:GateCameras
09-20 07:06:34(528280979751) PID_SA INFO: [Java_com_chinatelecom_smarthome_viewer_business_impl_NativeClient_writeLogToFile:118]I/DeviceBean: getDeviceName:GateCameras
09-20 07:06:34(528280979751) PID_SA INFO: [Java_com_chinatelecom_smarthome_viewer_business_impl_NativeClient_writeLogToFile:118]I/DeviceBean: getDeviceName:GateCameras
09-20 07:06:38(12970367459402981059) TRAS_TASK INFO: [TrasNat_CheckNatType:454]natInf check cone type
09-20 07:06:38(12970367455108013763) TRAS_TASK INFO: [TrasBase_OnPortHoleUDPRecv:983]recv msg 32,29
09-20 07:06:38(12970367459402975527) PID_SA INFO: [Java_com_chinatelecom_smarthome_viewer_business_impl_NativeClient_writeLogToFile:118]BaseActivity: onPause==//activity is CareMainActivity
09-20 07:06:38(12970367459402975527) PID_SA INFO: [Java_com_chinatelecom_smarthome_viewer_business_impl_NativeClient_writeLogToFile:118]BaseActivity: onPause==mIsShowAd:false//activity is CareMainActivity
09-20 07:06:39(2343) PID_SA INFO: [Java_com_chinatelecom_smarthome_viewer_business_impl_NativeMedia_setStreamCnt:924]zj set stream cnt 1
09-20 07:06:39(2343) PID_SA INFO: [Java_com_chinatelecom_smarthome_viewer_business_impl_NativeDevice_getPeerAppSetting:2953]get peer appsetting deviceId: 12000103c0537c93
09-20 07:06:39(2343) PID_SA INFO: [Java_com_chinatelecom_smarthome_viewer_business_impl_NativeDevice_getPeerAppSetting:2986]get peer appsetting result: [1] [1296] [2304] [0] [43200] [1]
09-20 07:06:39(528280979751) PID_SA INFO: [Java_com_chinatelecom_smarthome_viewer_business_impl_NativeClient_writeLogToFile:118]I/DeviceBean: getDeviceName:GateCameras
09-20 07:06:39(4294969639) PID_SA INFO: [Java_com_chinatelecom_smarthome_viewer_business_impl_NativeClient_writeLogToFile:118]LiveVideoActivity: showLandPtztruesupportRd:false,supportIRLed:true,supportWhiteLamp:true,supportAttachPTZ:false,supportPtz:true,fishEyeCamerafalse
09-20 07:06:39(2343) PID_SA INFO: [Java_com_chinatelecom_smarthome_viewer_business_impl_NativeClient_writeLogToFile:118]E/LiveVideoActivity: ptzAbility :3
09-20 07:06:39(2343) PID_SA INFO: [Java_com_chinatelecom_smarthome_viewer_business_impl_NativeDevice_getPeerAppSetting:2953]get peer appsetting deviceId: 12000103c0537c93
09-20 07:06:39(2343) PID_SA INFO: [Java_com_chinatelecom_smarthome_viewer_business_impl_NativeDevice_getPeerAppSetting:2986]get peer appsetting result: [1] [1296] [2304] [0] [43200] [1]
09-20 07:06:39(2343) PID_SA INFO: [Java_com_chinatelecom_smarthome_viewer_business_impl_NativeDevice_getPeerAppSetting:2953]get peer appsetting deviceId: 12000103c0537c93
09-20 07:06:39(2343) PID_SA INFO: [Java_com_chinatelecom_smarthome_viewer_business_impl_NativeDevice_getPeerAppSetting:2986]get peer appsetting result: [1] [1296] [2304] [0] [43200] [1]
09-20 07:06:39(2343) PID_SA INFO: [Java_com_chinatelecom_smarthome_viewer_business_impl_NativeClient_writeLogToFile:118]MediaRenderViewImpl: getVideoEncType videoEncType:H264
09-20 07:06:39(536870914343) PID_SA INFO: [Java_com_chinatelecom_smarthome_viewer_business_impl_NativeClient_writeLogToFile:118]MediaRenderViewImpl:  initRenderView   videoEncType = H264  vrMode = None   glSurfaceView = null
09-20 07:06:39(2343) PID_SA INFO: [Java_com_chinatelecom_smarthome_viewer_business_impl_NativeClient_writeLogToFile:118]I/MediaRenderViewImpl: set camId deviceId:12000103c0537c93  camId:0
09-20 07:06:39(2343) PID_SA INFO: [Java_com_chinatelecom_smarthome_viewer_business_impl_NativeDevice_getPeerAppSetting:2953]get peer appsetting deviceId: 12000103c0537c93
09-20 07:06:39(2343) PID_SA INFO: [Java_com_chinatelecom_smarthome_viewer_business_impl_NativeDevice_getPeerAppSetting:2986]get peer appsetting result: [1] [1296] [2304] [0] [43200] [1]
09-20 07:06:39(2343) PID_SA INFO: [Java_com_chinatelecom_smarthome_viewer_business_impl_NativeClient_writeLogToFile:118]addSecondGLSurfaceView: deviceId:12000103c0537c93  camId:1
09-20 07:06:39(2343) PID_SA INFO: [Java_com_chinatelecom_smarthome_viewer_business_impl_NativeDevice_getPeerAppSetting:2953]get peer appsetting deviceId: 12000103c0537c93
09-20 07:06:39(2343) PID_SA INFO: [Java_com_chinatelecom_smarthome_viewer_business_impl_NativeDevice_getPeerAppSetting:2986]get peer appsetting result: [1] [1296] [2304] [0] [43200] [1]
09-20 07:06:39(2343) PID_SA INFO: [Java_com_chinatelecom_smarthome_viewer_business_impl_NativeClient_writeLogToFile:118]I/LowPowerHeart: deviceState = 5
09-20 07:06:39(2343) PID_SA INFO: [Java_com_chinatelecom_smarthome_viewer_business_impl_NativeClient_writeLogToFile:118]I/LowPowerHeart: 11lowPowerConsumption  startDeviceHeart duration:0//interval:5000//dId:12000103c0537c93
09-20 07:06:39(545460848935) CMD_TASK INFO: [Cmd_GetPeerCurNetInfo:993]reqid 64 send GetPeerCurNetInfo msg {"METHOD":"3472","SEQID":"64","FROM":{"UserToken":"1600010140c3ad111p3g5jmo63upuvo5"},"TO":{"DID":"12000103c0537c93"}} to peer 12000103c0537c93, iret 0
09-20 07:06:39(545460848935) PID_SA INFO: [Java_com_chinatelecom_smarthome_viewer_business_impl_NativeCommand_getCurNetworkInfo:543]HM_GetNetworkInfoEx ret = 0 puiReqId = 64
09-20 07:06:39(2343) PID_SA INFO: [Java_com_chinatelecom_smarthome_viewer_business_impl_NativeClient_writeLogToFile:118]I/LiveVideoActivity: startVideo isCameraOpenFlag:true
09-20 07:06:39(2343) PID_CBST_AUDIOCTL INFO: [Cbst_AudioCtl_Init:21]Init
09-20 07:06:39(2343) PID_CBST_AUDIOCTL INFO: [Cbst_AudioCtl_Init:50]CBST_AUDIOCTL Init OK 0xed6b4798
09-20 07:06:39(2343) TRAS_TASK INFO: [TrasStreamChannel_Create:368]Create channel[1] [0xb40000784dda7500] stream[0xb40000784e378d00] media 1 stream type 1
09-20 07:06:39(2343) MD_TASK INFO: [Md_CreatAliveStreamEx:390]chanid 1 playid 65 creat AliveEx peerid 12000103c0537c93 ch[-1] cam [0 0] audioflag 1 BussType 1
09-20 07:06:39(2343) PID_SA INFO: [Java_com_chinatelecom_smarthome_viewer_business_impl_NativeClient_writeLogToFile:118]MediaRenderViewImpl:  initRenderView   videoEncType = H264  vrMode = None   glSurfaceView = android.opengl.GLSurfaceView{7cceb4f V.E...... ......I. 0,0-0,0 alpha=1.0 viewInfo = }
09-20 07:06:39(2343) PID_SA INFO: [Java_com_chinatelecom_smarthome_viewer_business_impl_NativeClient_writeLogToFile:118]MediaRenderViewImpl: startRealTimeStream: mStreamId: 65
09-20 07:06:39(12970367459402975527) PID_SA INFO: [Java_com_chinatelecom_smarthome_viewer_business_impl_NativeClient_writeLogToFile:118]LiveVideoActivity: onCreate  isClickNotify = false
09-20 07:06:39(2343) PID_SA INFO: [Java_com_chinatelecom_smarthome_viewer_business_impl_NativeClient_writeLogToFile:118]I/HmAdManager: posCode:live_interstitial,activity:LiveVideoActivity
09-20 07:06:39(5066592530467111) PID_SA INFO: [Java_com_chinatelecom_smarthome_viewer_business_impl_NativeClient_writeLogToFile:118]I/HmAdManager: getCachedAdListData from memory, size=4
09-20 07:06:39(2343) PID_SA INFO: [Java_com_chinatelecom_smarthome_viewer_business_impl_NativeClient_writeLogToFile:118]I/HmAdManager: getAdDataByStrategy: adPositionKey=pro_Android_en_Live_Interstitial not found
09-20 07:06:39(2343) PID_SA INFO: [Java_com_chinatelecom_smarthome_viewer_business_impl_NativeClient_writeLogToFile:118]I/HmAdManager: loadInterstitialAd posCode:live_interstitial,adModel:ImageTitleBean{imageUrl='null', title='null', imageId=0, clickUrl='null', adsource='', adsourcecode='', skip=0, skip_type=0, click=0, show_time_length=0, adcode='', isDowload=false, jumpType='null', adtype=0, req_ad_timeout=0, strategy_type=-1, rule_conf=null, after_click_action=null, rule_update_times=0, showPrice='null', price='null', unit='null', currency_symbol='null', adId='null', page_name='null'}
09-20 07:06:39(545460848935) PID_SA INFO: [Java_com_chinatelecom_smarthome_viewer_business_impl_NativeUser_GetDomainAddr:1672]HM_GetDomainAddr ret = 0,  aucSvrDomain:, aucWebDomain:, aucLogDomain:, aucAlexaDomain:
09-20 07:06:39(2343) PID_SA INFO: [Java_com_chinatelecom_smarthome_viewer_business_impl_NativeClient_writeLogToFile:118]I/HmHostConfig: hostInfo:{svrHost:,webHost:,logHost:,alexaHost:}
09-20 07:06:39(7937) PID_SA INFO: [Java_com_chinatelecom_smarthome_viewer_business_impl_NativeClient_writeLogToFile:118]I/CurlLogger: cURL -X POST -H "Content-Type: application/json; charset=UTF-8"  -d '{"adcode":"pro_Android_en_live_mid_bar","appid":"1593592778513070","appver":"2.9.37","companyid":"0000213ed0cdb8bc","countryCode":"GB","height":"","lang":"2","platform":"1","Scene":1,"SceneParam":"{\"CompanyID\":\"0000213ed0cdb8bc\",\"DID\":\"12000103c0537c93\"}","uid":"1600010140c3ad11","width":""}' "https://exsvr.smartcloudcon.com/carewebin/store/getdeviceadv" -L
09-20 07:06:39(2343) PID_SA INFO: [Java_com_chinatelecom_smarthome_viewer_business_impl_NativeClient_writeLogToFile:118]LiveVideoActivity: onStart
09-20 07:06:39(2343) PID_SA INFO: [Java_com_chinatelecom_smarthome_viewer_business_impl_NativeDevice_getPeerAppSetting:2953]get peer appsetting deviceId: 12000103c0537c93
09-20 07:06:39(2343) PID_SA INFO: [Java_com_chinatelecom_smarthome_viewer_business_impl_NativeDevice_getPeerAppSetting:2986]get peer appsetting result: [1] [1296] [2304] [0] [43200] [1]
09-20 07:06:39(2343) PID_SA INFO: [Java_com_chinatelecom_smarthome_viewer_business_impl_NativeDevice_getPeerAppSetting:2953]get peer appsetting deviceId: 12000103c0537c93
09-20 07:06:39(2343) PID_SA INFO: [Java_com_chinatelecom_smarthome_viewer_business_impl_NativeDevice_getPeerAppSetting:2986]get peer appsetting result: [1] [1296] [2304] [0] [43200] [1]
09-20 07:06:39(12970367459402975527) PID_SA INFO: [Java_com_chinatelecom_smarthome_viewer_business_impl_NativeClient_writeLogToFile:118]PresetManager: end  presetList = [PresetBean{presetId=1762176769, name='right', picId='20251103213252100119c0537c937006'}, PresetBean{presetId=1762325434, name='good1', picId='20251105145036100119c0537c932912'}, PresetBean{presetId=1764592558, name='g2', picId='20251201203600100119c0537c933264'}]   daoList = []
09-20 07:06:39(2343) PID_SA INFO: [Java_com_chinatelecom_smarthome_viewer_business_impl_NativeClient_writeLogToFile:118]I/PackageViewModel: play ON_START code: -10000,payRetainType:0,isWeChatPaying:false
09-20 07:06:39(545460848935) PID_SA INFO: [Java_com_chinatelecom_smarthome_viewer_business_impl_NativeClient_writeLogToFile:118]I/BaseActivity: onResume==mIsShowAd:false//activity is LiveVideoActivity
09-20 07:06:39(12970367459402975527) PID_SA INFO: [Java_com_chinatelecom_smarthome_viewer_business_impl_NativeClient_writeLogToFile:118]LiveVideoActivity: onResume
09-20 07:06:39(2343) PID_SA INFO: [Java_com_chinatelecom_smarthome_viewer_business_impl_NativeClient_writeLogToFile:118]AdList: AdvertisingRequst(id=, adcode=Android_en_sale_window_realtime, width=1080, height=2400, appver=2.9.37, appid=1593592778513070, companyid=0000213ed0cdb8bc, countryCode=GB, platform=2, lang=2, uid=1600010140c3ad11)
09-20 07:06:39(28429402144514201) PID_SA INFO: [Java_com_chinatelecom_smarthome_viewer_business_impl_NativeClient_writeLogToFile:118]I/CurlLogger: cURL -X POST -H "Content-Type: application/json; charset=UTF-8"  -d '{"adcode":"Android_en_sale_window_realtime","appid":"1593592778513070","appver":"2.9.37","companyid":"0000213ed0cdb8bc","countryCode":"GB","height":"2400","id":"","lang":"2","platform":"2","uid":"1600010140c3ad11","width":"1080"}' "https://exsvr.smartcloudcon.com/carewebin/store/getadlist/v2" -L
09-20 07:06:39(545460848935) PID_SA INFO: [Java_com_chinatelecom_smarthome_viewer_business_impl_NativeDevice_getPeerAppSetting:2953]get peer appsetting deviceId: 12000103c0537c93
09-20 07:06:39(2343) PID_SA INFO: [Java_com_chinatelecom_smarthome_viewer_business_impl_NativeDevice_getPeerAppSetting:2986]get peer appsetting result: [1] [1296] [2304] [0] [43200] [1]
09-20 07:06:39(2343) PID_SA INFO: [Java_com_chinatelecom_smarthome_viewer_business_impl_NativeClient_writeLogToFile:118]I/PackageViewModel: play ON_RESUME code: -10000,payRetainType:0
09-20 07:06:39(2343) PID_SA INFO: [Java_com_chinatelecom_smarthome_viewer_business_impl_NativeClient_writeLogToFile:118]I/PaymentManager: payResultCode:-10000, orderInfo is null:true, isAlipaySubscriptionPaying:false
09-20 07:06:39(8561) PID_SA INFO: [Java_com_chinatelecom_smarthome_viewer_business_impl_NativeClient_writeLogToFile:118]onSurfaceChanged: SurfaceWidth = 1080 SurfaceHeight = 608 videoWidth = 0 videoHeight = 0
09-20 07:06:39(523986017991) MD_CACHE INFO: [Md_VideoPlayCreatWriteHandle:106]creat video write handle 0xb4000073e0e29700 usrid 16 w 1920 h 1080
09-20 07:06:39(7879) MD_CACHE INFO: [Md_RgnPlayCreatWriteHandle:35]creat region write handle 0xb4000073e0e29800 peerid 12000103c0537c93 chanid 16
09-20 07:06:39(7879) MD_CACHE INFO: [Md_AudioPlayCreatWriteHandle:167]creat audio write handle 0xb400007abf837c00 usrid 1 
09-20 07:06:39(7879) MD_CACHE INFO: [Md_VideoPlayCreatReadHandle:319]creat video read handle 0xb40000780adff380 uiUsrId 16
09-20 07:06:39(7879) MD_CACHE INFO: [Md_RgnPlayCreatReadHandle:123]region creat read handle 0xb4000073e0e0f250 peerid 12000103c0537c93 chanid 16
09-20 07:06:39(7879) MD_CACHE INFO: [Md_AudioPlayCreatReadHandle:343]creat read handle 0xb40000780adff480 usrid 1 
09-20 07:06:39(523986017991) MD_TASK INFO: [Md_ProcCreatRspOperation:2303]playid 65 peer 12000103c0537c93  sessionid 1 creat video 0xb40000780adff380 audio 0xb40000780adff480 jsuttime 0
09-20 07:06:39(7879) PID_SA INFO: [FUN_MEDIA_STATE:1285]FUN_MEDIA_STATE hPlayHandle:65, uiOption:1, uiCode:0
09-20 07:06:39(523986017991) PID_SA INFO: [Java_com_chinatelecom_smarthome_viewer_business_impl_NativeClient_writeLogToFile:118]Internal: onMediaStreamState==mediaStreamId = 65 vodType = 1  errorCode = 0
09-20 07:06:39(7879) TRAS_TASK INFO: [TrasStreamChannel_ProcessLiveStreamRsp:1059]chanid 1 recv alive response video w:1920 h:1080 type 2 audio type 4 sample 8000 write handle[0xb4000073e0e29700]
09-20 07:06:39(8563) PID_SA INFO: [Java_com_chinatelecom_smarthome_viewer_business_impl_NativeClient_writeLogToFile:118]BottomGLRenderer: 0onSurfaceChanged=play_pos_x:0//play_pos_y:0//display_w:0//display_h0
09-20 07:06:39(8563) PID_SA INFO: [Java_com_chinatelecom_smarthome_viewer_business_impl_NativeClient_writeLogToFile:118]BottomGLRenderer: splitScreenFlag:false//orientation:1//screenSplitBean.getHalfPercent():1.0
09-20 07:06:39(8563) PID_SA INFO: [Java_com_chinatelecom_smarthome_viewer_business_impl_NativeClient_writeLogToFile:118]BottomGLRenderer: fatherViewW:1080//fatherViewH:606
09-20 07:06:39(8563) PID_SA INFO: [Java_com_chinatelecom_smarthome_viewer_business_impl_NativeClient_writeLogToFile:118]BottomGLRenderer: display_w:0//display_h:0
09-20 07:06:39(523986017991) MD_CACHE INFO: [Md_AudioPlaySetFrameInfo:222] handle 0xb400007abf837c00 usrid 1 first write data uiTimeStamp 280796235
09-20 07:06:39(7870) CMD_TASK INFO: [Cmd_ProcRecvNetMsg:5738]reqid 64 recv rsp content {"CODE":"0","METHOD":"3473","SEQID":"64","FROM":{"DID":"12000103c0537c93"},"TO":{"UserToken":"1600010140c3ad111p3g5jmo63upuvo5"},"BODY":{"NetType":"2","Signal":"93","IPAddr":"192.168.1.192","MacAddr":"F0:A8:82:ED:40:9D","SSID":"ASUS_30_2G"}}
09-20 07:06:39(4123661408707550910) PID_SA INFO: [FUN_DEVICE_RSP_GET_NETWORK_INFO:2502]FUN_DEVICE_RSP_GET_NETWORK_INFO reqId:64, err:0, netType:2, signalType:0, sigStrength:93, ip:192.168.1.192, ssid:ASUS_30_2G
09-20 07:06:39(8561) PID_SA INFO: [Java_com_chinatelecom_smarthome_viewer_business_impl_NativeClient_writeLogToFile:118]onSurfaceChanged: SurfaceWidth = 1080 SurfaceHeight = 606 videoWidth = 0 videoHeight = 0
09-20 07:06:39(545460848935) PID_SA INFO: [Java_com_chinatelecom_smarthome_viewer_business_impl_NativeClient_writeLogToFile:118]MediaRenderViewImpl: getVideoEncType videoEncType:H264
09-20 07:06:39(2343) PID_SA INFO: [Java_com_chinatelecom_smarthome_viewer_business_impl_NativeMedia_getStreamDesc:435]GetVideoDescribe width:1920, height:1080, encType:2, smartEnc:0, quality:0, bitrate:0, frameRate:17, frameInterval:0
09-20 07:06:39(2343) PID_SA INFO: [Java_com_chinatelecom_smarthome_viewer_business_impl_NativeMedia_getStreamDesc:463]GetAudioDescribe encType:4, sampleRate:8000, channel:1, depth:16
09-20 07:06:39(2343) PID_SA INFO: [Java_com_chinatelecom_smarthome_viewer_business_impl_NativeClient_writeLogToFile:118]ZJViewerStreamImpl: getStreamDesc streamId = 65 camId = 0
09-20 07:06:39(545460848935) PID_SA INFO: [Java_com_chinatelecom_smarthome_viewer_business_impl_NativeMedia_initVideoDecoder:1492]enter function(video_type:2)
09-20 07:06:39(545460848935) PID_CBST INFO: [Cbst_Dec_VDecoderAlloc:112]VD task[0xb400007a9c136860] create ok, uiVideoType[10100]
09-20 07:06:39(2343) PID_SA INFO: [Java_com_chinatelecom_smarthome_viewer_business_impl_NativeMedia_initVideoDecoder:1501]return function, handle:12970367453431556192
09-20 07:06:39(4294969639) PID_SA INFO: [Java_com_chinatelecom_smarthome_viewer_business_impl_NativeMedia_initAudioDecoder:1508]enter function(audio_type:4, sampleRate:8000, channel:1, depth:16)
09-20 07:06:39(545460848935) PID_CBST INFO: [Cbst_Dec_ADecoderAlloc:528]AD task[0xb4000078361b58e0] create ok, uiAudioType[40202]
09-20 07:06:39(2343) PID_SA INFO: [Java_com_chinatelecom_smarthome_viewer_business_impl_NativeMedia_initAudioDecoder:1537]return function, handle:12970367443130865888
09-20 07:06:39(2343) PID_SA INFO: [Java_com_chinatelecom_smarthome_viewer_business_impl_NativeClient_writeLogToFile:118]I/playback***-test: MediaRenderViewImplIMediaStreamStateCallback vodType = CREATE streamType = 0//currenStreamID:65//streamID:65//isRevStream:false
09-20 07:06:39(545460848935) PID_SA INFO: [Java_com_chinatelecom_smarthome_viewer_business_impl_NativeClient_writeLogToFile:118]LiveVideoActivity11: networkBean = NetworkBean{netType=2, signalType=0, signalStrength=93, ipAddress='192.168.1.192', macAddress='F0:A8:82:ED:40:9D', wifiSSID='ASUS_30_2G', simCard='', netMask='', gateWay=''}
09-20 07:06:39(523986018673) PID_SA INFFILTER: [Java_com_chinatelecom_smarthome_viewer_business_impl_NativeMedia_getVideoDecodedFrame:513]enter function(mediaStreamId:65,decoderHandle:12970367453431556192)
09-20 07:06:39(523986018673) PID_SA ERRFILTER: [Java_com_chinatelecom_smarthome_viewer_business_impl_NativeMedia_getVideoDecodedFrame:525]HM_GetVideoFrame error
09-20 07:06:39(7879) MD_CACHE INFO: [Md_VideoPlaySetFrameInfo:223]ChanId[16] WRITE I-frame ts[280796328] len[84278] writeCnt[1] writePos[84290]
09-20 07:06:39(7879) MD_CACHE INFO: [Md_VideoPlaySetFrameInfo:230]ChanId[16] recv first video frame ts[280796328] len[84278] tickcnt[287426924]
09-20 07:06:39(8561) MD_CACHE INFO: [Md_VideoPlayReadFrame:407]read handle 0xb40000780adff380 first read frame tickcnt 287426926
09-20 07:06:39(7879) TRAS_TASK INFFILTER: [TrasStreamChannel_ProcessVodControl:2834]chanid 1 recv ttltime 900
09-20 07:06:39(3472332908214100337) PID_CBST INFO: [Cbst_Dec_CreateVideoDec:133]VD task[0xb400007a9c136860] create hVDHandle[0xb400007b1f5c06e0] ok, uiVideoType[10100], uiStreamPixFmt[0]
09-20 07:06:39(2343) PID_SA INFO: [Java_com_chinatelecom_smarthome_viewer_business_impl_NativeClient_writeLogToFile:118]BaseActivity: onSaveInstanceState==mIsShowAd:false//activity is CareMainActivity
09-20 07:06:39(12970367420748276081) PID_SA INFFILTER: [Java_com_chinatelecom_smarthome_viewer_business_impl_NativeMedia_getVideoDecodedFrame:538]Cbst_Dec_DecodeVideoFrameEx call,picture_w:1920,picture_h:1080
09-20 07:06:39(12970367420748276081) PID_SA INFFILTER: [Java_com_chinatelecom_smarthome_viewer_business_impl_NativeMedia_getVideoDecodedFrame:602]return function(puiTimeStamp:280796328)
09-20 07:06:39(12970367459402981745) PID_SA INFO: [Java_com_chinatelecom_smarthome_viewer_business_impl_NativeClient_writeLogToFile:118]onSurfaceChanged: SurfaceWidth = 1080 SurfaceHeight = 606 videoWidth = 1920 videoHeight = 1080
09-20 07:06:39(12970367459402981745) PID_SA INFO: [Java_com_chinatelecom_smarthome_viewer_business_impl_NativeClient_writeLogToFile:118]onSurfaceChanged: FIT_CENTER orientation = 1 display_w = 1077   display_h = 606 play_pos_x = 1 play_pos_y = 0
09-20 07:06:39(528280985148) CMD_TASK INFO: [Cmd_GetPeerCurNetInfo:993]reqid 67 send GetPeerCurNetInfo msg {"METHOD":"3472","SEQID":"67","FROM":{"UserToken":"1600010140c3ad111p3g5jmo63upuvo5"},"TO":{"DID":"12000103c0537c93"}} to peer 12000103c0537c93, iret 0
09-20 07:06:39(528280985148) PID_SA INFO: [Java_com_chinatelecom_smarthome_viewer_business_impl_NativeCommand_getCurNetworkInfo:543]HM_GetNetworkInfoEx ret = 0 puiReqId = 67
09-20 07:06:39(545460848935) PID_SA INFO: [Java_com_chinatelecom_smarthome_viewer_business_impl_NativeClient_writeLogToFile:118]AudioDevice: init audio record state = AudioRecord.STATE_INITIALIZED
09-20 07:06:39(545460848935) PID_SA INFO: [Java_com_chinatelecom_smarthome_viewer_business_impl_NativeClient_writeLogToFile:118]AudioDevice: createTracker getMinBufferSize: 696
09-20 07:06:39(4294969639) PID_SA INFO: [Java_com_chinatelecom_smarthome_viewer_business_impl_NativeMedia_setPushAudioParam:839]ZJ_SetPushAudioParam channel = 1, depth = 16 sampleRate = 8000 audioType = 4
09-20 07:06:39(4294969639) PID_CBST_AUDIOCTL INFO: [Cbst_AudioCtl_Start:92]Start
09-20 07:06:39(2343) PID_CBST_AUDIOCTL INFO: [Cbst_AudioCtl_PlayStart:27]CBST_AUDIOCTL Play Start  
09-20 07:06:39(2343) PID_CBST_AUDIOCTL INFO: [Cbst_AudioCtl_PlayStart:56]CBST_AUDIOCTL Play Start OK AEC:0xb400007bdedb4540 pBuf:0xb400007b20751000
09-20 07:06:39(2343) PID_CBST_AUDIOCTL INFO: [Cbst_AudioCtl_Start:154]CBST_AUDIOCTL Start OK 0xed6b4798 AEC:0xb400007bdedb4540 NS:0x0 VAD:0xb400007bded21400
09-20 07:06:39(493921247631) cos INFO: [Cos_ThreadProc:174]thread[Cbst_AudioCtl_PlayTask]:0xc56c5800 , threadid:8591 start ok
09-20 07:06:39(523986018703) PID_CBST_AUDIOCTL INFO: [Cbst_AudioCtl_PlayTask:81]Task Start
09-20 07:06:39(493921247632) cos INFO: [Cos_ThreadProc:174]thread[Cbst_AudioCtl_CapTask]:0xc56c5860 , threadid:8592 start ok
09-20 07:06:39(8592) PID_CBST_AUDIOCTL INFO: [Cbst_AudioCtl_CapTask:118]CBST_AUDIOCTL Cap Start OK AEC:0xb400007bdedb4540 NS:0x0 [0xb400007c41376b20:0xb400007c3b859a00]
09-20 07:06:39(8371) PID_SA INFO: [Java_com_chinatelecom_smarthome_viewer_business_impl_NativeClient_writeLogToFile:118]GLRenderer555551: yuv_w = 1920  yuv_h = 1080
09-20 07:06:39(1690528561116488081) MD_CACHE INFO: [Md_AudioPlayReadFrame:423] handle 0xb400007abf837c00 usrid 1 first read data
09-20 07:06:39(8371) PID_SA INFO: [Java_com_chinatelecom_smarthome_viewer_business_impl_NativeDevice_getPeerAppSetting:2953]get peer appsetting deviceId: 12000103c0537c93
09-20 07:06:39(8371) PID_SA INFO: [Java_com_chinatelecom_smarthome_viewer_business_impl_NativeDevice_getPeerAppSetting:2986]get peer appsetting result: [1] [1296] [2304] [0] [43200] [1]
09-20 07:06:39(7870) CMD_TASK INFO: [Cmd_ProcRecvNetMsg:5738]reqid 67 recv rsp content {"CODE":"0","METHOD":"3473","SEQID":"67","FROM":{"DID":"12000103c0537c93"},"TO":{"UserToken":"1600010140c3ad111p3g5jmo63upuvo5"},"BODY":{"NetType":"2","Signal":"93","IPAddr":"192.168.1.192","MacAddr":"F0:A8:82:ED:40:9D","SSID":"ASUS_30_2G"}}
09-20 07:06:39(4123661408707550910) PID_SA INFO: [FUN_DEVICE_RSP_GET_NETWORK_INFO:2502]FUN_DEVICE_RSP_GET_NETWORK_INFO reqId:67, err:0, netType:2, signalType:0, sigStrength:93, ip:192.168.1.192, ssid:ASUS_30_2G
09-20 07:06:40(16325694678114457) PID_SA INFO: [Java_com_chinatelecom_smarthome_viewer_business_impl_NativeClient_writeLogToFile:118]I/CurlLogger: response:{"code":"1000","data":{"ext":{"buyed":"1","noThirdAd":0,"reg":"2024-04-09 16:36:37","useCache":0},"list":[]},"desc":"Success"}
09-20 07:06:40(8345) PID_SA INFO: [Java_com_chinatelecom_smarthome_viewer_business_impl_NativeClient_writeLogToFile:118]AdList: AdvertisingResp(code=1000, data=DataBean(list=[]), desc=Success)
09-20 07:06:40(12297829379609731225) PID_SA INFO: [Java_com_chinatelecom_smarthome_viewer_business_impl_NativeClient_writeLogToFile:118]E/requestMarketAd: empty marketing ads, page=P19 adCode=Android_en_sale_window_realtime
09-20 07:06:41(545460848935) PID_SA INFO: [Java_com_chinatelecom_smarthome_viewer_business_impl_NativeClient_writeLogToFile:118]LiveVideoActivity: onPause
09-20 07:06:41(12970367459402975527) PID_SA INFO: [Java_com_chinatelecom_smarthome_viewer_business_impl_NativeClient_writeLogToFile:118]BaseActivity: onPause==mIsShowAd:false//activity is LiveVideoActivity
09-20 07:06:41(545460848935) PID_SA INFO: [Java_com_chinatelecom_smarthome_viewer_business_impl_NativeClient_writeLogToFile:118]I/CloudChargeCardInfo: deviceId:12000103c0537c93,//chargeType:2,//chargeFlag:0
09-20 07:06:41(2343) PID_SA INFO: [Java_com_chinatelecom_smarthome_viewer_business_impl_NativeClient_writeLogToFile:118]I/CloudChargeCardInfo: deviceId:12000103c0537c93,//chargeType:1,//chargeFlag:0
09-20 07:06:41(12970367459402975527) PID_SA INFO: [Java_com_chinatelecom_smarthome_viewer_business_impl_NativeClient_writeLogToFile:118]I/DeviceBean: getDeviceName:GateCameras
09-20 07:06:41(2343) PID_SA INFO: [Java_com_chinatelecom_smarthome_viewer_business_impl_NativeClient_writeLogToFile:118]I/DetectEntity: initSwitch motionProp:com.chinatelecom.smarthome.viewer.bean.prop.MotionProp@e0ea79
09-20 07:06:41(545460848935) PID_SA INFO: [Java_com_chinatelecom_smarthome_viewer_business_impl_NativeClient_writeLogToFile:118]I/DetectEntity: initSwitch motionPropStr:AlarmMotionProp{Motion={"Trace":"0","Sensitive":"50","Status":"0","Interval":"35"}, Human={"Trace":"0","Sensitive":"50","Status":"0","Interval":"50"}, Face={"Trace":"0","DiscernFlag":"0","Sensitive":"25","Status":"0","Interval":"30"}, EBike=null, Fence=null, motionNBean=null, motionTraceBean=null, humanNBean=null, humanTraceBean=null, faceNBean=null, faceTraceBean=null, eBikeNBean=null, fenceBean=null, isMotionTrace=false, isHumanTrace=false, isFaceTrace=false}
09-20 07:06:41(2343) PID_SA INFO: [Java_com_chinatelecom_smarthome_viewer_business_impl_NativeClient_writeLogToFile:118]getInIoTProp: innerIoTBeanProp = {"PushFlag":"7","SMSFlag":"1","EmailFlag":"1","Interval":"300","EmailAddr":"","StartTime":"0","EndTime":"86400","SpanFlag":"0","Week":"127"}
09-20 07:06:41(2343) ZJ_TASK INFO: [ZJ_UsrGetDevPackages:2678]ogct 68 get owner charge package iRet 0
09-20 07:06:41(12970367459402975527) PID_SA INFO: [Java_com_chinatelecom_smarthome_viewer_business_impl_NativeClient_writeLogToFile:118]getInIoTProp: innerIoTBeanProp = {"PushFlag":"7","SMSFlag":"1","EmailFlag":"1","Interval":"300","EmailAddr":"","StartTime":"0","EndTime":"86400","SpanFlag":"0","Week":"127"}
09-20 07:06:41(2343) PID_SA INFO: [Java_com_chinatelecom_smarthome_viewer_business_impl_NativeClient_writeLogToFile:118]getInIoTProp: innerIoTBeanProp = {"PushFlag":"7","SMSFlag":"1","EmailFlag":"1","Interval":"300","EmailAddr":"","StartTime":"0","EndTime":"86400","SpanFlag":"0","Week":"127"}
09-20 07:06:41(2343) PID_SA INFO: [Java_com_chinatelecom_smarthome_viewer_business_impl_NativeClient_writeLogToFile:118]I/BaseActivity: onResume==mIsShowAd:false//activity is NewDeviceSettingActivity
09-20 07:06:41(2343) PID_SA INFO: [Java_com_chinatelecom_smarthome_viewer_business_impl_NativeClient_writeLogToFile:118]I/CloudChargeCardInfo: deviceId:12000103c0537c93,//chargeType:2,//chargeFlag:0
09-20 07:06:41(2343) PID_SA INFO: [Java_com_chinatelecom_smarthome_viewer_business_impl_NativeClient_writeLogToFile:118]I/CloudChargeCardInfo: deviceId:12000103c0537c93,//chargeType:1,//chargeFlag:0
09-20 07:06:41(2343) PID_SA INFO: [Java_com_chinatelecom_smarthome_viewer_business_impl_NativeClient_writeLogToFile:118]I/LowPowerHeart: deviceState = 5
09-20 07:06:41(2343) PID_SA INFO: [Java_com_chinatelecom_smarthome_viewer_business_impl_NativeClient_writeLogToFile:118]I/LowPowerHeart: 44lowPowerConsumption  startDeviceHeart //dId:12000103c0537c93//heartbeatStatus.isActive():false
09-20 07:06:41(2343) PID_SA INFO: [Java_com_chinatelecom_smarthome_viewer_business_impl_NativeClient_writeLogToFile:118]I/LowPowerHeart: 22lowPowerConsumption  startDeviceHeart //dId:12000103c0537c93//heartbeatStatus.isActive():false
09-20 07:06:41(545460848935) CMD_TASK INFO: [Cmd_CheckPeerDevVersion:4123]reqid 69 send msg {"METHOD":"3414","SEQID":"69","FROM":{"UserToken":"1600010140c3ad111p3g5jmo63upuvo5"},"TO":{"DID":"12000103c0537c93"}} to peer 12000103c0537c93, iret 0
09-20 07:06:41(523986017987) PID_SA INFO: [FUN_USERCHARGEPACKAGE_CB:2738]FUN_USERCHARGEPACKAGE_CB reqId:68, error:0
09-20 07:06:41(523986017987) PID_SA INFO: [FUN_USERCHARGEPACKAGE_CB:2740]list size: 0
09-20 07:06:41(7875) ZJ_TASK INFO: [ZJ_ProcUsrGetDevPackages:2660]ogct 68 recv rsp code 0
09-20 07:06:41(2343) PID_SA INFO: [Java_com_chinatelecom_smarthome_viewer_business_impl_NativeClient_writeLogToFile:118]I/queryDeviceChargePackages: deviceID = 12000103c0537c93 poids =   requestCount = 1
09-20 07:06:41(2343) PID_SA INFO: [Java_com_chinatelecom_smarthome_viewer_business_impl_NativeClient_writeLogToFile:118]LiveVideoActivity: onStop
09-20 07:06:41(2343) MD_TASK INFO: [Md_StopStream:2112]stop sessionid 1 playid 65
09-20 07:06:41(2343) MD_CACHE INFO: [Md_AudioPlayDestroyReadHandle:491]destroy audio read handle 0xb40000780adff480 
09-20 07:06:41(2343) MD_CACHE INFO: [Md_VideoPlayDestroyReadHandle:599]destroy video read handle 0xb40000780adff380 
09-20 07:06:41(545460848935) TRAS_TASK INFO: [Tras_StopPlay:462]chanid 1 send close requst
09-20 07:06:41(2343) PID_SA INFO: [Java_com_chinatelecom_smarthome_viewer_business_impl_NativeMedia_destroyVideoDecoder:1545]enter function(handle:12970367453431556192)
09-20 07:06:41(2343) PID_CBST INFO: [Cbst_Dec_VDecoderFree:492]VD task[0xb400007a9c136860] free
09-20 07:06:41(7876) TRAS_TASK INFO: [TrasStreamChannel_CloseChan:307]chanid 1 will be close
09-20 07:06:41(523986017991) TRAS_TASK ERRFILTER: [TrasStreamChannel_ParseLiveMediaData:3088]chanid 1 can not find so close it
09-20 07:06:41(2343) PID_SA INFO: [Java_com_chinatelecom_smarthome_viewer_business_impl_NativeMedia_destroyAudioDecoder:1554]enter function(handle:12970367443130865888)
09-20 07:06:41(523986017984) MD_CACHE INFO: [Md_RgnPlayReadDestroy:182]region read handle 0xb4000073e0e0f250 detroyed ok
09-20 07:06:41(7872) MD_TASK INFO: [Md_ProcBussTaskStopStatus:2820]playid 65 sessionid 0 close ok
09-20 07:06:41(2343) PID_SA INFO: [Java_com_chinatelecom_smarthome_viewer_business_impl_NativeClient_writeLogToFile:118]E/LowPowerHeart: Heartbeat startDeviceHeart duration:25000,interval:3000,dId:12000103c0537c93
09-20 07:06:41(528280985148) CMD_TASK INFO: [Cmd_GetPeerCurNetInfo:993]reqid 81 send GetPeerCurNetInfo msg {"METHOD":"3472","SEQID":"81","FROM":{"UserToken":"1600010140c3ad111p3g5jmo63upuvo5"},"TO":{"DID":"12000103c0537c93"}} to peer 12000103c0537c93, iret 0
09-20 07:06:41(528280985148) PID_SA INFO: [Java_com_chinatelecom_smarthome_viewer_business_impl_NativeCommand_getCurNetworkInfo:543]HM_GetNetworkInfoEx ret = 0 puiReqId = 81
09-20 07:06:41(2343) PID_SA INFO: [Java_com_chinatelecom_smarthome_viewer_business_impl_NativeClient_writeLogToFile:118]BaseActivity: onSaveInstanceState==mIsShowAd:false//activity is LiveVideoActivity
09-20 07:06:41(2343) PID_CBST_AUDIOCTL INFO: [Cbst_AudioCtl_Stop:169] Stop  0xed6b4798
09-20 07:06:41(523986018703) PID_CBST_AUDIOCTL INFO: [Cbst_AudioCtl_PlayTask:119]Task Quit
09-20 07:06:41(8591) cos INFO: [Cos_ThreadProc:185]thread[Cbst_AudioCtl_PlayTask]:0xc56c5800, threadid:8591 proc complete
09-20 07:06:41(2343) cos INFO: [Cos_ThreadDelete:128]thread[Cbst_AudioCtl_PlayTask]:0xc56c5800 delete ok
09-20 07:06:41(536870914343) PID_CBST_AUDIOCTL INFO: [Cbst_AudioCtl_PlayStop:71] Stop ok
09-20 07:06:41(8592) PID_CBST_AUDIOCTL INFO: [Cbst_AudioCtl_CapTask:182]Cap Quit 
09-20 07:06:41(8592) cos INFO: [Cos_ThreadProc:185]thread[Cbst_AudioCtl_CapTask]:0xc56c5860, threadid:8592 proc complete
09-20 07:06:41(2343) cos INFO: [Cos_ThreadDelete:128]thread[Cbst_AudioCtl_CapTask]:0xc56c5860 delete ok
09-20 07:06:41(532575947047) PID_CBST_AUDIOCTL INFO: [Cbst_AudioCtl_Stop:185]CBST_AUDIOCTL Stop OK 0xed6b4798
09-20 07:06:41(7870) CMD_TASK INFO: [Cmd_ProcRecvNetMsg:5738]reqid 81 recv rsp content {"CODE":"0","METHOD":"3473","SEQID":"81","FROM":{"DID":"12000103c0537c93"},"TO":{"UserToken":"1600010140c3ad111p3g5jmo63upuvo5"},"BODY":{"NetType":"2","Signal":"88","IPAddr":"192.168.1.192","MacAddr":"F0:A8:82:ED:40:9D","SSID":"ASUS_30_2G"}}
09-20 07:06:41(4123661408707550910) PID_SA INFO: [FUN_DEVICE_RSP_GET_NETWORK_INFO:2502]FUN_DEVICE_RSP_GET_NETWORK_INFO reqId:81, err:0, netType:2, signalType:0, sigStrength:88, ip:192.168.1.192, ssid:ASUS_30_2G
09-20 07:06:42(7870) CMD_TASK INFO: [Cmd_ProcRecvNetMsg:5738]reqid 69 recv rsp content {"CODE":"0","METHOD":"3415","SEQID":"69","FROM":{"DID":"12000103c0537c93"},"TO":{"UserToken":"1600010140c3ad111p3g5jmo63upuvo5"},"BODY":{"Version":"","UpdateFlag":"0"}}
09-20 07:06:42(7870) PID_SA INFO: [FUN_CHECKVERSION_RSP:2162]FUN_CHECKVERSION_RSP reqId:69, error:0, status:0, version:, descUrl:
09-20 07:06:42(2343) PID_SA INFO: [Java_com_chinatelecom_smarthome_viewer_business_impl_NativeClient_writeLogToFile:118]I/NewDeviceSettingActivity: isNewDevice:true,updateModeEnum:0,isShowUpdate:true
09-20 07:06:43(7876) TRAS_TASK INFO: [TrasStreamChannel_CloseChan:313]chanid 1 close ok
09-20 07:06:43(7876) MD_CACHE INFO: [Md_VideoPlayDestroyWriteHandle:269]destroy video write handle 0xb4000073e0e29700 usrid 16
09-20 07:06:43(12970367455108013764) MD_CACHE INFO: [Md_RgnPlayWriteDestroy:83]region write handle 0xb4000073e0e29800 detroyed ok
09-20 07:06:43(7937) PID_SA INFO: [Java_com_chinatelecom_smarthome_viewer_business_impl_NativeClient_writeLogToFile:118]I/CurlLogger: response:{"code":"1000","data":{"ext":{"buyed":"1","noThirdAd":0,"reg":"2024-04-09 16:36:37","useCache":1},"list":[{"ad_id":"H00385","ad_space_height":"","ad_space_size":1,"ad_space_width":"","adcode":"pro_Android_en_live_mid_bar","adsource":"zzy","adsourcecode":"","adtype":5,"after_click_action":"{\"body\": {\"pkg_id\": \"\", \"group_id\": \"\", \"group_code\": \"\", \"is_user_no_pay\": \"\"}, \"type\": 1}","click":1,"click_url":"","id":"385","imglist":[{"height":96,"img_url":"https://hmstatic-1311597033.cos.ap-nanjing.myqcloud.com/media/ads/1731566894454115736/english_proc.jpg","jumpType":"0","jump_url":"","lang":1,"resolution":"272x96","width":272},{"height":96,"img_url":"https://hmstatic-1311597033.cos.ap-nanjing.myqcloud.com/media/ads/1727147886093655511/3-2.png","jumpType":"0","jump_url":"https://exwebsvr.smartcloudcon.com/careProcloud/#/photo","lang":1,"resolution":"272x96","width":272},{"height":96,"img_url":"https://hmstatic-1311597033.cos.ap-nanjing.myqcloud.com/media/ads/1737618186234639783/shishis
09-20 07:06:43(3180157209464020737) PID_SA INFO: [Java_com_chinatelecom_smarthome_viewer_business_impl_NativeClient_writeLogToFile:118]I/CurlLogger: hiping_dff4b937-0ac0-4284-9ce9-af185e3bad4c.png","jumpType":"0","jump_url":"https://exwebsvr.smartcloudcon.com/careProcloud/#/intelligentAlarm","lang":1,"resolution":"272x96","width":272}],"name":"实时视频推荐位","no_display_ad_people":0,"no_display_user_reg_days":0,"page_name":"","rate_times":"0-23","rate_week":"1,2,3,4,5,6,7","reg_gt_date":"","req_ad_timeout":5,"rule_conf":"{\"pop_type\": 1, \"pop_value\": \"\"}","rule_update_times":2609200,"show_time_end":"","show_time_length":5,"show_time_start":"2025-12-22","show_time_type":1,"skip":1,"skip_type":0,"strategy_type":0}]},"desc":"Success"}
09-20 07:06:43(12970367459402975527) PID_SA INFO: [Java_com_chinatelecom_smarthome_viewer_business_impl_NativeClient_writeLogToFile:118]I/AdResourcesViewModel: requestGoodInfo:{"code":1000,"data":{"list":[{"id":"385","ad_id":"H00385","adcode":"pro_Android_en_live_mid_bar","adsource":"zzy","adsourcecode":"","adtype":5,"after_click_action":"{\"body\": {\"pkg_id\": \"\", \"group_id\": \"\", \"group_code\": \"\", \"is_user_no_pay\": \"\"}, \"type\": 1}","click":1,"click_url":"","imglist":[{"ad_id":"","adcode":"","height":96,"img_url":"https://hmstatic-1311597033.cos.ap-nanjing.myqcloud.com/media/ads/1731566894454115736/english_proc.jpg","isDownload":false,"jumpType":"0","jump_url":"","lang":1,"resolution":"272x96","width":272,"baseObjId":0},{"ad_id":"","adcode":"","height":96,"img_url":"https://hmstatic-1311597033.cos.ap-nanjing.myqcloud.com/media/ads/1727147886093655511/3-2.png","isDownload":false,"jumpType":"0","jump_url":"https://exwebsvr.smartcloudcon.com/careProcloud/#/photo","lang":1,"resolution":"272x96","width":272,"baseObjId":0},{"ad_id":"","adcode":"","height":96,"img_url":"https://hmstatic-1311597033.cos.ap-nanjing.myqcloud.com/media/ads/1737618186234639783/s
09-20 07:06:43(8101260402836375847) PID_SA INFO: [Java_com_chinatelecom_smarthome_viewer_business_impl_NativeClient_writeLogToFile:118]I/AdResourcesViewModel: hishishiping_dff4b937-0ac0-4284-9ce9-af185e3bad4c.png","isDownload":false,"jumpType":"0","jump_url":"https://exwebsvr.smartcloudcon.com/careProcloud/#/intelligentAlarm","lang":1,"resolution":"272x96","width":272,"baseObjId":0}],"jumpType":"","name":"实时视频推荐位","page_name":"","rate_times":"0-23","rate_week":"1,2,3,4,5,6,7","req_ad_timeout":5,"rule_conf":"{\"pop_type\": 1, \"pop_value\": \"\"}","rule_update_times":2609200,"show_time_end":"","show_time_length":5,"show_time_start":"2025-12-22","show_time_type":1,"skip":1,"skip_type":0,"strategy_type":0,"baseObjId":0}]},"desc":"Success"}
09-20 07:06:43(12970367459402975527) PID_SA INFO: [Java_com_chinatelecom_smarthome_viewer_business_impl_NativeClient_writeLogToFile:118]I/AdResourcesViewModel: requestGoodInfo:{"code":1000,"data":{"list":[{"id":"385","ad_id":"H00385","adcode":"pro_Android_en_live_mid_bar","adsource":"zzy","adsourcecode":"","adtype":5,"after_click_action":"{\"body\": {\"pkg_id\": \"\", \"group_id\": \"\", \"group_code\": \"\", \"is_user_no_pay\": \"\"}, \"type\": 1}","click":1,"click_url":"","imglist":[{"ad_id":"","adcode":"","height":96,"img_url":"https://hmstatic-1311597033.cos.ap-nanjing.myqcloud.com/media/ads/1731566894454115736/english_proc.jpg","isDownload":false,"jumpType":"0","jump_url":"","lang":1,"resolution":"272x96","width":272,"baseObjId":0},{"ad_id":"","adcode":"","height":96,"img_url":"https://hmstatic-1311597033.cos.ap-nanjing.myqcloud.com/media/ads/1727147886093655511/3-2.png","isDownload":false,"jumpType":"0","jump_url":"https://exwebsvr.smartcloudcon.com/careProcloud/#/photo","lang":1,"resolution":"272x96","width":272,"baseObjId":0},{"ad_id":"","adcode":"","height":96,"img_url":"https://hmstatic-1311597033.cos.ap-nanjing.myqcloud.com/media/ads/1737618186234639783/s
09-20 07:06:43(8101260402836375847) PID_SA INFO: [Java_com_chinatelecom_smarthome_viewer_business_impl_NativeClient_writeLogToFile:118]I/AdResourcesViewModel: hishishiping_dff4b937-0ac0-4284-9ce9-af185e3bad4c.png","isDownload":false,"jumpType":"0","jump_url":"https://exwebsvr.smartcloudcon.com/careProcloud/#/intelligentAlarm","lang":1,"resolution":"272x96","width":272,"baseObjId":0}],"jumpType":"","name":"实时视频推荐位","page_name":"","rate_times":"0-23","rate_week":"1,2,3,4,5,6,7","req_ad_timeout":5,"rule_conf":"{\"pop_type\": 1, \"pop_value\": \"\"}","rule_update_times":2609200,"show_time_end":"","show_time_length":5,"show_time_start":"2025-12-22","show_time_type":1,"skip":1,"skip_type":0,"strategy_type":0,"baseObjId":0}]},"desc":"Success"}
09-20 07:06:44(7875) cos INFO: [Cos_SocketClose:390]socket<5> closed
09-20 07:06:44(523986017987) PID_SA INFO: [FUN_GETLOCALNETTYPE:3507]FUN_GETLOCALNETTYPE uiNatType:1
09-20 07:06:44(523986017987) TRAS_TASK INFO: [TrasNat_CheckNatType:482]natInf check end, get local nattype 1 conetype 3
09-20 07:06:44(2343) PID_SA INFO: [Java_com_chinatelecom_smarthome_viewer_business_impl_NativeClient_writeLogToFile:118]BaseActivity: onPause==//activity is NewDeviceSettingActivity
09-20 07:06:44(2343) PID_SA INFO: [Java_com_chinatelecom_smarthome_viewer_business_impl_NativeClient_writeLogToFile:118]BaseActivity: onPause==mIsShowAd:false//activity is NewDeviceSettingActivity
09-20 07:06:44(545460848935) PID_SA INFO: [Java_com_chinatelecom_smarthome_viewer_business_impl_NativeDevice_getPeerAppSetting:2953]get peer appsetting deviceId: 12000103c0537c93
09-20 07:06:44(2343) PID_SA INFO: [Java_com_chinatelecom_smarthome_viewer_business_impl_NativeDevice_getPeerAppSetting:2986]get peer appsetting result: [1] [1296] [2304] [0] [43200] [1]
09-20 07:06:44(4294969639) PID_SA INFO: [Java_com_chinatelecom_smarthome_viewer_business_impl_NativeDevice_getPeerAppSetting:2953]get peer appsetting deviceId: 12000103c0537c93
09-20 07:06:44(2343) PID_SA INFO: [Java_com_chinatelecom_smarthome_viewer_business_impl_NativeDevice_getPeerAppSetting:2986]get peer appsetting result: [1] [1296] [2304] [0] [43200] [1]
09-20 07:06:44(2343) PID_SA INFO: [Java_com_chinatelecom_smarthome_viewer_business_impl_NativeClient_writeLogToFile:118]I/DeviceAbilityTools: getRecordPropInfo prop:{"RecordLoop":"1","RecordFull":"0","StreamID":"0","Duration":"0"}
09-20 07:06:44(12970367459402975527) PID_SA INFO: [Java_com_chinatelecom_smarthome_viewer_business_impl_NativeClient_writeLogToFile:118]I/DeviceAbilityTools: getRecordPropInfo prop:true
09-20 07:06:44(2343) PID_SA INFO: [Java_com_chinatelecom_smarthome_viewer_business_impl_NativeClient_writeLogToFile:118]I/BaseActivity: onResume==mIsShowAd:false//activity is DeviceConfigSettingActivity
09-20 07:06:44(528280985149) CMD_TASK INFO: [Cmd_GetPeerCurNetInfo:993]reqid 82 send GetPeerCurNetInfo msg {"METHOD":"3472","SEQID":"82","FROM":{"UserToken":"1600010140c3ad111p3g5jmo63upuvo5"},"TO":{"DID":"12000103c0537c93"}} to peer 12000103c0537c93, iret 0
09-20 07:06:44(528280985149) PID_SA INFO: [Java_com_chinatelecom_smarthome_viewer_business_impl_NativeCommand_getCurNetworkInfo:543]HM_GetNetworkInfoEx ret = 0 puiReqId = 82
09-20 07:06:44(7870) CMD_TASK INFO: [Cmd_ProcRecvNetMsg:5738]reqid 82 recv rsp content {"CODE":"0","METHOD":"3473","SEQID":"82","FROM":{"DID":"12000103c0537c93"},"TO":{"UserToken":"1600010140c3ad111p3g5jmo63upuvo5"},"BODY":{"NetType":"2","Signal":"88","IPAddr":"192.168.1.192","MacAddr":"F0:A8:82:ED:40:9D","SSID":"ASUS_30_2G"}}
09-20 07:06:44(4123661408707550910) PID_SA INFO: [FUN_DEVICE_RSP_GET_NETWORK_INFO:2502]FUN_DEVICE_RSP_GET_NETWORK_INFO reqId:82, err:0, netType:2, signalType:0, sigStrength:88, ip:192.168.1.192, ssid:ASUS_30_2G
09-20 07:06:45(2343) PID_SA INFO: [Java_com_chinatelecom_smarthome_viewer_business_impl_NativeClient_writeLogToFile:118]BaseActivity: onSaveInstanceState==mIsShowAd:false//activity is NewDeviceSettingActivity
09-20 07:06:45(545460848935) PID_SA INFO: [Java_com_chinatelecom_smarthome_viewer_business_impl_NativeUser_GetDomainAddr:1672]HM_GetDomainAddr ret = 0,  aucSvrDomain:, aucWebDomain:, aucLogDomain:, aucAlexaDomain:
09-20 07:06:45(2343) PID_SA INFO: [Java_com_chinatelecom_smarthome_viewer_business_impl_NativeClient_writeLogToFile:118]I/HmHostConfig: hostInfo:{svrHost:,webHost:,logHost:,alexaHost:}
09-20 07:06:45(9570578704900237) PID_SA INFO: [Java_com_chinatelecom_smarthome_viewer_business_impl_NativeClient_writeLogToFile:118]I/CurlLogger: cURL -X POST -H "Content-Type: application/json; charset=UTF-8"  -d '{"appid":"1593592778513070","appver":"2.9.37","code":"Live_Cloud_Sale_En","companyid":"0000213ed0cdb8bc","devCfg":{},"did":"12000103c0537c93","language":"2","sdkver":"","trialFlag":"1","type":"EN","uid":"1600010140c3ad11","userGroup":[]}' "https://exsvr.smartcloudcon.com/carewebin/store/goodsinfos" -L
09-20 07:06:46(8333) PID_SA INFO: [Java_com_chinatelecom_smarthome_viewer_business_impl_NativeClient_writeLogToFile:118]I/CurlLogger: response:{"code":"1000","data":{"commodityItem":[{"campOderNumber":0,"countdownTime":-1,"currency_symbol":"$","default":0,"deviceBuyCount":0,"deviceNum":1,"freepkg":0,"google_key":"com.huiyun.care.viewer.live.7day.yearly","imageUrl":"https://hmstatic-1311597033.cos.ap-nanjing.myqcloud.com/media/ads/1740558595370296256/CN-BD-CL1-QX.png","infolist":[],"ios_key":"","market":0,"marketDiscount":0.0,"marketDuration":0,"marketPrice":"0.00","marketUnit":"","name":"7 Days Event Recording （Yearly）","number":12,"order_type_id":1,"packageid":1,"pay":["4","3"],"poid":"63079","price":"36.99","promoteGroupId":"[]","promotePkg":[],"serviceCycleName":"","serviceid":300010,"showRelName":"","showServiceCycle":1,"showType":0,"show_price":"36.99","subscription":1,"subscription_info":"","tag":{"type2":"$49.99"},"templatesnapshot":"{\"id\": \"12\", \"type\": \"BASE\", \"sdkMax\": \"3999999\", \"sdkMin\": \"0\", \"typeId\": \"1\", \"patchId\": \"1\", \"serviceItem\": [{\"bussConfig\": {}, \"functionId\": \"1010\", \"abilityConfig\":
09-20 07:06:46(2464143477835833485) PID_SA INFO: [Java_com_chinatelecom_smarthome_viewer_business_impl_NativeClient_writeLogToFile:118]I/CurlLogger:  {\"Duration\": \"30\", \"StreamID\": \"1\", \"StorageList\": [{\"LoopDays\": \"7\", \"RecordType\": \"2\"}]}}, {\"bussConfig\": {}, \"functionId\": \"1011\", \"abilityConfig\": {\"GifFlag\": \"1\", \"PicType\": \"2\", \"LoopDays\": \"7\", \"RecordType\": \"1\", \"SnapJpgCnt\": \"5\", \"GifOpenFlag\": \"0\", \"StorageType\": \"0\"}}, {\"bussConfig\": {}, \"functionId\": \"1013\", \"abilityConfig\": {\"LoopDays\": \"7\"}}], \"templateName\": \"7天事件模板-12个月\", \"deviceSupport\": \"1 \u0026\u0026 1 \u0026\u0026 1\", \"effectiveUnit\": \"MONTH\", \"lowestPriceEn\": \"73.0\", \"orientationType\": \"DEVICE\", \"lowestPriceEnUsd\": \"10.0\", \"effectiveDuration\": \"12\", \"monthLowestPriceEn\": \"11.68\", \"monthLowestPriceEnUsd\": \"1.1\"}","trialCondition":1,"trialDay":0,"uniqueid":"5jHjUlaVuo","unit":"MONTH","updatetime":"2025-09-29T15:57:19","userBuyCount":0}],"pay":[]},"desc":"success","traceId":"916937c0-c672-4c24-9504-d301bb030d92"}
09-20 07:06:46(2343) PID_SA INFO: [Java_com_chinatelecom_smarthome_viewer_business_impl_NativeClient_writeLogToFile:118]I/PackageViewModel: requestGoodInfo:{"code":"1000","data":{"code":0,"commodityItem":[{"campOderNumber":"0","canTrialBuy":0,"countdownTime":"-1","currency_symbol":"$","default":0,"DescLabel":[],"deviceBuyCount":0,"deviceNum":1,"freepkg":0,"IapGoogleKeyNonSub":"","google_key":"com.huiyun.care.viewer.live.7day.yearly","imageUrl":"https://hmstatic-1311597033.cos.ap-nanjing.myqcloud.com/media/ads/1740558595370296256/CN-BD-CL1-QX.png","infolist":[],"ios_key":"","MarketingPrice":"","name":"7 Days Event Recording （Yearly）","IsNoSubscription":0,"NoSubscriptionMarketingPrice":"0","NoSubscriptionPrice":"0","number":12,"order_type_id":1,"PackageLabel":[],"packageid":"1","pay":["4","3"],"poid":"63079","price":"36.99","serviceCycleName":"","showRelName":"","showServiceCycle":1,"showType":0,"show_price":"36.99","subscription":1,"SubscriptionLanguageDesc":"","tag":{"type2":"$49.99"},"TrialDay":0,"TrialPrice":"0","TrialType":"","unit":"MONTH","updatetime":"2025-09-29T15:57:19","userBuyCount":0}],"pay":[]}}
09-20 07:06:46(2343) PID_SA INFO: [Java_com_chinatelecom_smarthome_viewer_business_impl_NativeClient_writeLogToFile:118]I/PackageViewModel: requestGoodInfo:{"code":"1000","data":{"code":0,"commodityItem":[{"campOderNumber":"0","canTrialBuy":0,"countdownTime":"-1","currency_symbol":"$","default":0,"DescLabel":[],"deviceBuyCount":0,"deviceNum":1,"freepkg":0,"IapGoogleKeyNonSub":"","google_key":"com.huiyun.care.viewer.live.7day.yearly","imageUrl":"https://hmstatic-1311597033.cos.ap-nanjing.myqcloud.com/media/ads/1740558595370296256/CN-BD-CL1-QX.png","infolist":[],"ios_key":"","MarketingPrice":"","name":"7 Days Event Recording （Yearly）","IsNoSubscription":0,"NoSubscriptionMarketingPrice":"0","NoSubscriptionPrice":"0","number":12,"order_type_id":1,"PackageLabel":[],"packageid":"1","pay":["4","3"],"poid":"63079","price":"36.99","serviceCycleName":"","showRelName":"","showServiceCycle":1,"showType":0,"show_price":"36.99","subscription":1,"SubscriptionLanguageDesc":"","tag":{"type2":"$49.99"},"TrialDay":0,"TrialPrice":"0","TrialType":"","unit":"MONTH","updatetime":"2025-09-29T15:57:19","userBuyCount":0}],"pay":[]}}
09-20 07:06:46(2343) PID_SA INFO: [Java_com_chinatelecom_smarthome_viewer_business_impl_NativeClient_writeLogToFile:118]I/GooglePayManagerV2: startConnection billingClient.isReady=true retry=false funcId= hasCallback=true
09-20 07:06:46(2343) PID_SA INFO: [Java_com_chinatelecom_smarthome_viewer_business_impl_NativeClient_writeLogToFile:118]I/GooglePayManagerV2: queryProduct start productType=subs requestSize=1 cacheSize=1
09-20 07:06:46(2343) PID_SA INFO: [Java_com_chinatelecom_smarthome_viewer_business_impl_NativeClient_writeLogToFile:118]I/GooglePayManagerV2: productType = subs productId = com.huiyun.care.viewer.live.7day.yearly
09-20 07:06:46(2343) PID_SA INFO: [Java_com_chinatelecom_smarthome_viewer_business_impl_NativeClient_writeLogToFile:118]I/====///===: payInfo:1
09-20 07:06:46(8660) PID_SA INFO: [Java_com_chinatelecom_smarthome_viewer_business_impl_NativeClient_writeLogToFile:118]I/GooglePayManagerV2: queryProduct result fetched=1 unfetched=0 cacheSize=2 billingResult = message:,responseCode=0
09-20 07:06:46(8660) PID_SA INFO: [Java_com_chinatelecom_smarthome_viewer_business_impl_NativeClient_writeLogToFile:118]I/GooglePayManagerV2: priceCurrencyCode =   formattedPrice:null,//originPrice:null
09-20 07:06:46(8660) PID_SA INFO: [Java_com_chinatelecom_smarthome_viewer_business_impl_NativeClient_writeLogToFile:118]I/GooglePayManagerV2: priceCurrencyCode = INR  formattedPrice:₹3,850.00,//originPrice:3850000000
09-20 07:06:47(528280985148) CMD_TASK INFO: [Cmd_GetPeerCurNetInfo:993]reqid 83 send GetPeerCurNetInfo msg {"METHOD":"3472","SEQID":"83","FROM":{"UserToken":"1600010140c3ad111p3g5jmo63upuvo5"},"TO":{"DID":"12000103c0537c93"}} to peer 12000103c0537c93, iret 0
09-20 07:06:47(528280985148) PID_SA INFO: [Java_com_chinatelecom_smarthome_viewer_business_impl_NativeCommand_getCurNetworkInfo:543]HM_GetNetworkInfoEx ret = 0 puiReqId = 83
09-20 07:06:47(7870) CMD_TASK INFO: [Cmd_ProcRecvNetMsg:5738]reqid 83 recv rsp content {"CODE":"0","METHOD":"3473","SEQID":"83","FROM":{"DID":"12000103c0537c93"},"TO":{"UserToken":"1600010140c3ad111p3g5jmo63upuvo5"},"BODY":{"NetType":"2","Signal":"91","IPAddr":"192.168.1.192","MacAddr":"F0:A8:82:ED:40:9D","SSID":"ASUS_30_2G"}}
09-20 07:06:47(4123661408707550910) PID_SA INFO: [FUN_DEVICE_RSP_GET_NETWORK_INFO:2502]FUN_DEVICE_RSP_GET_NETWORK_INFO reqId:83, err:0, netType:2, signalType:0, sigStrength:91, ip:192.168.1.192, ssid:ASUS_30_2G
09-20 07:06:48(2343) PID_SA INFO: [Java_com_chinatelecom_smarthome_viewer_business_impl_NativeClient_writeLogToFile:118]I/BasicActivity: onKeyDown BasicActivity className:com.huiyun.care.viewer.setting.DeviceConfigSettingActivity
09-20 07:06:48(12970367459402975527) PID_SA INFO: [Java_com_chinatelecom_smarthome_viewer_business_impl_NativeClient_writeLogToFile:118]BaseActivity: onPause==//activity is DeviceConfigSettingActivity
09-20 07:06:48(12970367459402975527) PID_SA INFO: [Java_com_chinatelecom_smarthome_viewer_business_impl_NativeClient_writeLogToFile:118]BaseActivity: onPause==mIsShowAd:false//activity is DeviceConfigSettingActivity
09-20 07:06:48(12970367459402975527) PID_SA INFO: [Java_com_chinatelecom_smarthome_viewer_business_impl_NativeClient_writeLogToFile:118]BaseActivity: onRestart==mIsShowAd:false//activity is NewDeviceSettingActivity
09-20 07:06:48(12970367459402975527) PID_SA INFO: [Java_com_chinatelecom_smarthome_viewer_business_impl_NativeClient_writeLogToFile:118]getInIoTProp: innerIoTBeanProp = {"PushFlag":"7","SMSFlag":"1","EmailFlag":"1","Interval":"300","EmailAddr":"","StartTime":"0","EndTime":"86400","SpanFlag":"0","Week":"127"}
09-20 07:06:48(545460848935) PID_SA INFO: [Java_com_chinatelecom_smarthome_viewer_business_impl_NativeClient_writeLogToFile:118]I/BaseActivity: onResume==mIsShowAd:false//activity is NewDeviceSettingActivity
09-20 07:06:48(2343) PID_SA INFO: [Java_com_chinatelecom_smarthome_viewer_business_impl_NativeClient_writeLogToFile:118]I/CloudChargeCardInfo: deviceId:12000103c0537c93,//chargeType:2,//chargeFlag:0
09-20 07:06:48(2343) PID_SA INFO: [Java_com_chinatelecom_smarthome_viewer_business_impl_NativeClient_writeLogToFile:118]I/CloudChargeCardInfo: deviceId:12000103c0537c93,//chargeType:1,//chargeFlag:0
09-20 07:06:48(2343) PID_SA INFO: [Java_com_chinatelecom_smarthome_viewer_business_impl_NativeClient_writeLogToFile:118]I/LowPowerHeart: deviceState = 5
09-20 07:06:48(2343) PID_SA INFO: [Java_com_chinatelecom_smarthome_viewer_business_impl_NativeClient_writeLogToFile:118]I/LowPowerHeart: 44lowPowerConsumption  startDeviceHeart //dId:12000103c0537c93//heartbeatStatus.isActive():true
09-20 07:06:48(545460848935) CMD_TASK INFO: [Cmd_CheckPeerDevVersion:4123]reqid 84 send msg {"METHOD":"3414","SEQID":"84","FROM":{"UserToken":"1600010140c3ad111p3g5jmo63upuvo5"},"TO":{"DID":"12000103c0537c93"}} to peer 12000103c0537c93, iret 0
09-20 07:06:49(7870) CMD_TASK INFO: [Cmd_ProcRecvNetMsg:5738]reqid 84 recv rsp content {"CODE":"0","METHOD":"3415","SEQID":"84","FROM":{"DID":"12000103c0537c93"},"TO":{"UserToken":"1600010140c3ad111p3g5jmo63upuvo5"},"BODY":{"Version":"","UpdateFlag":"0"}}
09-20 07:06:49(7870) PID_SA INFO: [FUN_CHECKVERSION_RSP:2162]FUN_CHECKVERSION_RSP reqId:84, error:0, status:0, version:, descUrl:
09-20 07:06:49(12970367459402975527) PID_SA INFO: [Java_com_chinatelecom_smarthome_viewer_business_impl_NativeClient_writeLogToFile:118]I/DeviceConfigSettingActivity: isNewDevice:true,updateModeEnum:0,isShowUpdate:true
09-20 07:06:49(528280979751) PID_SA INFO: [Java_com_chinatelecom_smarthome_viewer_business_impl_NativeClient_writeLogToFile:118]BaseActivity: onDestroy==mIsShowAd:false//activity is DeviceConfigSettingActivity
09-20 07:06:50(523986018012) CMD_TASK INFO: [Cmd_GetPeerCurNetInfo:993]reqid 85 send GetPeerCurNetInfo msg {"METHOD":"3472","SEQID":"85","FROM":{"UserToken":"1600010140c3ad111p3g5jmo63upuvo5"},"TO":{"DID":"12000103c0537c93"}} to peer 12000103c0537c93, iret 0
09-20 07:06:50(523986018012) PID_SA INFO: [Java_com_chinatelecom_smarthome_viewer_business_impl_NativeCommand_getCurNetworkInfo:543]HM_GetNetworkInfoEx ret = 0 puiReqId = 85
09-20 07:06:50(7870) CMD_TASK INFO: [Cmd_ProcRecvNetMsg:5738]reqid 85 recv rsp content {"CODE":"0","METHOD":"3473","SEQID":"85","FROM":{"DID":"12000103c0537c93"},"TO":{"UserToken":"1600010140c3ad111p3g5jmo63upuvo5"},"BODY":{"NetType":"2","Signal":"91","IPAddr":"192.168.1.192","MacAddr":"F0:A8:82:ED:40:9D","SSID":"ASUS_30_2G"}}
09-20 07:06:50(4123661408707550910) PID_SA INFO: [FUN_DEVICE_RSP_GET_NETWORK_INFO:2502]FUN_DEVICE_RSP_GET_NETWORK_INFO reqId:85, err:0, netType:2, signalType:0, sigStrength:91, ip:192.168.1.192, ssid:ASUS_30_2G
09-20 07:06:50(12970367459402975527) PID_SA INFO: [Java_com_chinatelecom_smarthome_viewer_business_impl_NativeClient_writeLogToFile:118]BaseActivity: onPause==//activity is NewDeviceSettingActivity
09-20 07:06:50(12970367459402975527) PID_SA INFO: [Java_com_chinatelecom_smarthome_viewer_business_impl_NativeClient_writeLogToFile:118]BaseActivity: onPause==mIsShowAd:false//activity is NewDeviceSettingActivity
09-20 07:06:51(2343) PID_SA INFO: [Java_com_chinatelecom_smarthome_viewer_business_impl_NativeClient_writeLogToFile:118]BaseActivity: onSaveInstanceState==mIsShowAd:false//activity is NewDeviceSettingActivity
09-20 07:06:53(523986018012) CMD_TASK INFO: [Cmd_GetPeerCurNetInfo:993]reqid 86 send GetPeerCurNetInfo msg {"METHOD":"3472","SEQID":"86","FROM":{"UserToken":"1600010140c3ad111p3g5jmo63upuvo5"},"TO":{"DID":"12000103c0537c93"}} to peer 12000103c0537c93, iret 0
09-20 07:06:53(523986018012) PID_SA INFO: [Java_com_chinatelecom_smarthome_viewer_business_impl_NativeCommand_getCurNetworkInfo:543]HM_GetNetworkInfoEx ret = 0 puiReqId = 86
09-20 07:06:54(7870) CMD_TASK INFO: [Cmd_ProcRecvNetMsg:5738]reqid 86 recv rsp content {"CODE":"0","METHOD":"3473","SEQID":"86","FROM":{"DID":"12000103c0537c93"},"TO":{"UserToken":"1600010140c3ad111p3g5jmo63upuvo5"},"BODY":{"NetType":"2","Signal":"91","IPAddr":"192.168.1.192","MacAddr":"F0:A8:82:ED:40:9D","SSID":"ASUS_30_2G"}}
09-20 07:06:54(4123661408707550910) PID_SA INFO: [FUN_DEVICE_RSP_GET_NETWORK_INFO:2502]FUN_DEVICE_RSP_GET_NETWORK_INFO reqId:86, err:0, netType:2, signalType:0, sigStrength:91, ip:192.168.1.192, ssid:ASUS_30_2G
09-20 07:06:55(2343) PID_SA INFO: [Java_com_chinatelecom_smarthome_viewer_business_impl_NativeClient_writeLogToFile:118]I/LowPowerHeart: deviceState = 5
09-20 07:06:55(2343) PID_SA INFO: [Java_com_chinatelecom_smarthome_viewer_business_impl_NativeClient_writeLogToFile:118]I/LowPowerHeart: 11lowPowerConsumption  startDeviceHeart duration:0//interval:5000//dId:12000103c0537c93
09-20 07:06:55(545460848935) CMD_TASK INFO: [Cmd_GetPeerCurNetInfo:993]reqid 87 send GetPeerCurNetInfo msg {"METHOD":"3472","SEQID":"87","FROM":{"UserToken":"1600010140c3ad111p3g5jmo63upuvo5"},"TO":{"DID":"12000103c0537c93"}} to peer 12000103c0537c93, iret 0
09-20 07:06:55(545460848935) PID_SA INFO: [Java_com_chinatelecom_smarthome_viewer_business_impl_NativeCommand_getCurNetworkInfo:543]HM_GetNetworkInfoEx ret = 0 puiReqId = 87
09-20 07:06:55(545460848935) PID_SA INFO: [Java_com_chinatelecom_smarthome_viewer_business_impl_NativeClient_writeLogToFile:118]I/BaseActivity: onResume==mIsShowAd:false//activity is NetWorkInfoActivity
09-20 07:06:55(7870) CMD_TASK INFO: [Cmd_ProcRecvNetMsg:5738]reqid 87 recv rsp content {"CODE":"0","METHOD":"3473","SEQID":"87","FROM":{"DID":"12000103c0537c93"},"TO":{"UserToken":"1600010140c3ad111p3g5jmo63upuvo5"},"BODY":{"NetType":"2","Signal":"91","IPAddr":"192.168.1.192","MacAddr":"F0:A8:82:ED:40:9D","SSID":"ASUS_30_2G"}}
09-20 07:06:55(4123661408707550910) PID_SA INFO: [FUN_DEVICE_RSP_GET_NETWORK_INFO:2502]FUN_DEVICE_RSP_GET_NETWORK_INFO reqId:87, err:0, netType:2, signalType:0, sigStrength:91, ip:192.168.1.192, ssid:ASUS_30_2G
09-20 07:06:56(4294975171) TRAS_TASK INFFILTER: [TrasLink_Ping:257]Link send heatbeart requst ret 8
09-20 07:06:59(7875) TRAS_TASK INFO: [TrasP2PSlot_ProcTcpState:310]tcpslot 0xb400007c826c1680 turn to close for not inuse
09-20 07:06:59(7875) TRAS_TASK INFO: [TrasP2PSlot_ProcTcpState:310]tcpslot 0xb400007c826c1800 turn to close for not inuse
09-20 07:06:59(523986017987) cos INFO: [Cos_SocketClose:390]socket<163> closed
09-20 07:06:59(7875) TRAS_TASK INFO: [TrasP2PSlot_ProcTcpState:352]tcpslot 0xb400007c826c1680 closed ok reset bestslot 0
09-20 07:06:59(523986017987) cos INFO: [Cos_SocketClose:390]socket<492> closed
09-20 07:06:59(7875) TRAS_TASK INFO: [TrasP2PSlot_ProcTcpState:352]tcpslot 0xb400007c826c1800 closed ok reset bestslot 0
09-20 07:06:59(523986017987) TRAS_TASK INFO: [TrasP2PSlot_Close:61]close the Slot 0xb400007c826c1680  flag 0 ok .
09-20 07:06:59(523986017987) TRAS_TASK INFO: [TrasP2PSlot_Close:61]close the Slot 0xb400007c826c1800  flag 0 ok .
09-20 07:07:06(2343) PID_SA INFO: [Java_com_chinatelecom_smarthome_viewer_business_impl_NativeClient_writeLogToFile:118]I/BasicActivity: onKeyDown BasicActivity className:com.huiyun.care.viewer.setting.NetWorkInfoActivity
09-20 07:07:06(12970367459402975527) PID_SA INFO: [Java_com_chinatelecom_smarthome_viewer_business_impl_NativeClient_writeLogToFile:118]BaseActivity: onPause==//activity is NetWorkInfoActivity
09-20 07:07:06(12970367459402975527) PID_SA INFO: [Java_com_chinatelecom_smarthome_viewer_business_impl_NativeClient_writeLogToFile:118]BaseActivity: onPause==mIsShowAd:false//activity is NetWorkInfoActivity
09-20 07:07:06(523986012455) PID_SA INFO: [Java_com_chinatelecom_smarthome_viewer_business_impl_NativeClient_writeLogToFile:118]BaseActivity: onDestroy==mIsShowAd:false//activity is NetWorkInfoActivity
09-20 07:07:07(545460848935) PID_SA INFO: [Java_com_chinatelecom_smarthome_viewer_business_impl_NativeUser_GetDomainAddr:1672]HM_GetDomainAddr ret = 0,  aucSvrDomain:, aucWebDomain:, aucLogDomain:, aucAlexaDomain:
09-20 07:07:07(2343) PID_SA INFO: [Java_com_chinatelecom_smarthome_viewer_business_impl_NativeClient_writeLogToFile:118]I/HmHostConfig: hostInfo:{svrHost:,webHost:,logHost:,alexaHost:}
09-20 07:07:07(545460848935) PID_SA INFO: [Java_com_chinatelecom_smarthome_viewer_business_impl_NativeUser_GetDomainAddr:1672]HM_GetDomainAddr ret = 0,  aucSvrDomain:, aucWebDomain:, aucLogDomain:, aucAlexaDomain:
09-20 07:07:07(2343) PID_SA INFO: [Java_com_chinatelecom_smarthome_viewer_business_impl_NativeClient_writeLogToFile:118]I/HmHostConfig: hostInfo:{svrHost:,webHost:,logHost:,alexaHost:}
09-20 07:07:08(2343) PID_SA INFO: [Java_com_chinatelecom_smarthome_viewer_business_impl_NativeClient_writeLogToFile:118]I/BasicActivity: onKeyDown BasicActivity className:com.huiyun.hubiotmodule.camera_device.setting.shareTransfer.TransferDeviceActivity
09-20 07:07:08(2343) PID_SA INFO: [Java_com_chinatelecom_smarthome_viewer_business_impl_NativeClient_writeLogToFile:118]I/AppLovinAdManager: showAdBanner==onAdLoadFailed==code:-1000,meg:Failed to connect to ms.applvn.com/0.0.0.0:443
09-20 07:07:09(2343) PID_SA INFO: [Java_com_chinatelecom_smarthome_viewer_business_impl_NativeClient_writeLogToFile:118]I/LowPowerHeart: deviceState = 5
09-20 07:07:09(545460848935) PID_SA INFO: [Java_com_chinatelecom_smarthome_viewer_business_impl_NativeClient_writeLogToFile:118]I/LowPowerHeart: 11lowPowerConsumption  startDeviceHeart duration:0//interval:5000//dId:12000103c0537c93
09-20 07:07:09(545460848935) CMD_TASK INFO: [Cmd_GetPeerCurNetInfo:993]reqid 88 send GetPeerCurNetInfo msg {"METHOD":"3472","SEQID":"88","FROM":{"UserToken":"1600010140c3ad111p3g5jmo63upuvo5"},"TO":{"DID":"12000103c0537c93"}} to peer 12000103c0537c93, iret 0
09-20 07:07:09(545460848935) PID_SA INFO: [Java_com_chinatelecom_smarthome_viewer_business_impl_NativeCommand_getCurNetworkInfo:543]HM_GetNetworkInfoEx ret = 0 puiReqId = 88
09-20 07:07:09(545460848935) PID_SA INFO: [Java_com_chinatelecom_smarthome_viewer_business_impl_NativeClient_writeLogToFile:118]I/BaseActivity: onResume==mIsShowAd:false//activity is NetWorkInfoActivity
09-20 07:07:09(7870) CMD_TASK INFO: [Cmd_ProcRecvNetMsg:5738]reqid 88 recv rsp content {"CODE":"0","METHOD":"3473","SEQID":"88","FROM":{"DID":"12000103c0537c93"},"TO":{"UserToken":"1600010140c3ad111p3g5jmo63upuvo5"},"BODY":{"NetType":"2","Signal":"93","IPAddr":"192.168.1.192","MacAddr":"F0:A8:82:ED:40:9D","SSID":"ASUS_30_2G"}}
09-20 07:07:09(4123661408707550910) PID_SA INFO: [FUN_DEVICE_RSP_GET_NETWORK_INFO:2502]FUN_DEVICE_RSP_GET_NETWORK_INFO reqId:88, err:0, netType:2, signalType:0, sigStrength:93, ip:192.168.1.192, ssid:ASUS_30_2G
09-20 07:07:10(2343) PID_SA INFO: [Java_com_chinatelecom_smarthome_viewer_business_impl_NativeClient_writeLogToFile:118]I/BasicActivity: onKeyDown BasicActivity className:com.huiyun.care.viewer.setting.NetWorkInfoActivity
09-20 07:07:10(12970367459402975527) PID_SA INFO: [Java_com_chinatelecom_smarthome_viewer_business_impl_NativeClient_writeLogToFile:118]BaseActivity: onPause==//activity is NetWorkInfoActivity
09-20 07:07:10(12970367459402975527) PID_SA INFO: [Java_com_chinatelecom_smarthome_viewer_business_impl_NativeClient_writeLogToFile:118]BaseActivity: onPause==mIsShowAd:false//activity is NetWorkInfoActivity
09-20 07:07:11(528280979751) PID_SA INFO: [Java_com_chinatelecom_smarthome_viewer_business_impl_NativeClient_writeLogToFile:118]BaseActivity: onDestroy==mIsShowAd:false//activity is NetWorkInfoActivity
09-20 07:07:11(2343) PID_SA INFO: [Java_com_chinatelecom_smarthome_viewer_business_impl_NativeClient_writeLogToFile:118]I/LowPowerHeart: deviceState = 5
09-20 07:07:11(2343) PID_SA INFO: [Java_com_chinatelecom_smarthome_viewer_business_impl_NativeClient_writeLogToFile:118]I/LowPowerHeart: 44lowPowerConsumption  startDeviceHeart //dId:12000103c0537c93//heartbeatStatus.isActive():false
09-20 07:07:11(2343) PID_SA INFO: [Java_com_chinatelecom_smarthome_viewer_business_impl_NativeClient_writeLogToFile:118]I/LowPowerHeart: 22lowPowerConsumption  startDeviceHeart //dId:12000103c0537c93//heartbeatStatus.isActive():false
09-20 07:07:11(545460848935) CMD_TASK INFO: [Cmd_GetPeerZoneAndTime:505]reqid 89 send GetPeerZoneAndTime msg {"METHOD":"343E","SEQID":"89","FROM":{"UserToken":"1600010140c3ad111p3g5jmo63upuvo5"},"TO":{"DID":"12000103c0537c93"}} to peer 12000103c0537c93, iret 0
09-20 07:07:11(545460848935) PID_SA INFO: [Java_com_chinatelecom_smarthome_viewer_business_impl_NativeCommand_getZoneAndTime:346]HM_GetZoneAndTime ret = 0 puiReqId = 89
09-20 07:07:11(545460848935) PID_SA INFO: [Java_com_chinatelecom_smarthome_viewer_business_impl_NativeClient_writeLogToFile:118]I/BaseActivity: onResume==mIsShowAd:false//activity is TimeZoneSettingActivity
09-20 07:07:11(7870) CMD_TASK INFO: [Cmd_ProcRecvNetMsg:5738]reqid 89 recv rsp content {"CODE":"0","SEQID":"89","FROM":{"DID":"12000103c0537c93"},"TO":{"UserToken":"1600010140c3ad111p3g5jmo63upuvo5"},"METHOD":"343F","BODY":{"Zone":"19800","SyncFlag":"1","Time":"2026-09-20 07:07:13 ","DstArea":"Asia/Kolkata","DstZone":"IST-5:30"}}
09-20 07:07:11(7870) PID_SA INFO: [FUN_DEVICE_RSP_GET_TIME_ZONE:2320]FUN_DEVICE_RSP_GET_TIME_ZONE uiReqId:89, pucTime:2026-09-20 07:07:13 , iTimeZone:19800, iSyncFlag:1, pucDstArea:Asia/Kolkata, pucDstZone:IST-5:30, iErr:0
09-20 07:07:11(12970367459402975527) PID_SA INFO: [Java_com_chinatelecom_smarthome_viewer_business_impl_NativeClient_writeLogToFile:118]getTimeSetting: autoSync = true syncTimeZone = 19800 date = 2026-09-20 time = 07:07:13  timeZoneResult = Kolkata dstArea= Asia/Kolkata dstZone = IST-5:30
09-20 07:07:12(2343) PID_SA INFO: [Java_com_chinatelecom_smarthome_viewer_business_impl_NativeClient_writeLogToFile:118]I/BasicActivity: onKeyDown BasicActivity className:com.huiyun.care.viewer.setting.TimeZoneSettingActivity
09-20 07:07:12(12970367459402975527) PID_SA INFO: [Java_com_chinatelecom_smarthome_viewer_business_impl_NativeClient_writeLogToFile:118]BaseActivity: onPause==//activity is TimeZoneSettingActivity
09-20 07:07:12(12970367459402975527) PID_SA INFO: [Java_com_chinatelecom_smarthome_viewer_business_impl_NativeClient_writeLogToFile:118]BaseActivity: onPause==mIsShowAd:false//activity is TimeZoneSettingActivity
09-20 07:07:13(523986012455) PID_SA INFO: [Java_com_chinatelecom_smarthome_viewer_business_impl_NativeClient_writeLogToFile:118]BaseActivity: onDestroy==mIsShowAd:false//activity is TimeZoneSettingActivity
09-20 07:07:13(2343) PID_SA INFO: [Java_com_chinatelecom_smarthome_viewer_business_impl_NativeClient_writeLogToFile:118]I/LowPowerHeart: deviceState = 5
09-20 07:07:13(545460848935) PID_SA INFO: [Java_com_chinatelecom_smarthome_viewer_business_impl_NativeClient_writeLogToFile:118]I/LowPowerHeart: 11lowPowerConsumption  startDeviceHeart duration:0//interval:5000//dId:12000103c0537c93
09-20 07:07:13(528280979751) TRAS_TASK INFO: [TrasStreamChannel_Create:368]Create channel[2] [0xb40000784dda7500] stream[0xb400007abfae9100] media 4 stream type 1
09-20 07:07:13(2343) MD_TASK INFO: [Md_CollectPeerLogFile:4025]chanid 2 reqid 90 handle 0xb400007a9c0c9000 down peer 12000103c0537c93 logfile /data/user/0/com.huiyun.care.viewerpro.googleplay/files/Care/log/12000103c0537c93
09-20 07:07:14(523986017991) TRAS_TASK INFO: [TrasStreamChannel_ProcLogFileStreamRsp:1525]chanid 2 recv get logfile rsp; logfile name /data/user/0/com.huiyun.care.viewerpro.googleplay/files/Care/log/12000103c0537c93/log.tar.gz size 27031
09-20 07:07:14(7879) PID_SA INFO: [FUN_DEVICE_COMMON_RSP:1216]FUN_DEVICE_COMMON_RSP uiReqId:90, iErr:0
09-20 07:07:14(523986017991) TRAS_TASK INFO: [Tras_StopPlay:462]chanid 2 send close requst
09-20 07:07:14(12970367455108013767) MD_TASK INFO: [Md_RcvDownFileStatus:3867]reqid 90 sessionid 2 down file len 0
09-20 07:07:14(7879) TRAS_TASK INFO: [TrasStreamChannel_WriteFileData:4574]chanid 2 recv log file end
09-20 07:07:14(523986017988) TRAS_TASK INFO: [TrasStreamChannel_CloseChan:307]chanid 2 will be close
09-20 07:07:16(523986017988) TRAS_TASK INFO: [TrasStreamChannel_CloseChan:313]chanid 2 close ok
09-20 07:07:28(2343) PID_SA INFO: [Java_com_chinatelecom_smarthome_viewer_business_impl_NativeClient_setBackgroundToFront:88]setBackgroundToFront 0
09-20 07:07:28(2343) PID_SA INFO: [Java_com_chinatelecom_smarthome_viewer_business_impl_NativeClient_writeLogToFile:118]I/HmLaunch: ========== 应用切换到后台 ==========
09-20 07:07:28(545460848935) PID_SA INFO: [Java_com_chinatelecom_smarthome_viewer_business_impl_NativeClient_writeLogToFile:118]I/HmLaunch: HmLifecycleObserver onStop:activity:class androidx.lifecycle.LifecycleRegistry,version:2009370
09-20 07:07:28(2343) PID_SA INFO: [Java_com_chinatelecom_smarthome_viewer_business_impl_NativeClient_writeLogToFile:118]I/HmLaunch: ========== 应用切换到后台 ==========
09-20 07:07:28(4294975171) cos INFO: [Cos_SocketClose:390]socket<439> closed
09-20 07:07:28(4294975171) PID_SA INFO: [FUN_SERVER_STATUS:2600]FUN_SERVER_STATUS enServerStatus:0, iErr:0
09-20 07:07:28(515396077863) PID_SA INFO: [Java_com_chinatelecom_smarthome_viewer_business_impl_NativeClient_writeLogToFile:118]I/Internal: onServerStatusChange/////uToken:1600010140c3ad111p3g5jmo63upuvo5//serverStatus:0//errorCode:0
09-20 07:07:28(2343) PID_SA INFO: [Java_com_chinatelecom_smarthome_viewer_business_impl_NativeClient_writeLogToFile:118]I/y0: onSelfAuthStateChange serverStatus:0,hmError:0
09-20 07:07:30(545460848935) PID_SA INFO: [Java_com_chinatelecom_smarthome_viewer_business_impl_NativeClient_writeLogToFile:118]E/LowPowerHeart: Heartbeat resumeDeviceHeart duration:0,interval:3000,canHeartExt:true
09-20 07:07:30(2343) PID_SA INFO: [Java_com_chinatelecom_smarthome_viewer_business_impl_NativeClient_setBackgroundToFront:88]setBackgroundToFront 1
09-20 07:07:30(523986017987) PID_SA INFO: [FUN_SERVER_STATUS:2600]FUN_SERVER_STATUS enServerStatus:1, iErr:0
09-20 07:07:30(12970367459402981059) cos INFO: [Cos_SocketOpen:377]socket<382> open ok
09-20 07:07:30(515396077863) PID_SA INFO: [Java_com_chinatelecom_smarthome_viewer_business_impl_NativeClient_writeLogToFile:118]I/Internal: onServerStatusChange/////uToken:1600010140c3ad111p3g5jmo63upuvo5//serverStatus:1//errorCode:0
09-20 07:07:30(2343) PID_SA INFO: [Java_com_chinatelecom_smarthome_viewer_business_impl_NativeClient_writeLogToFile:118]I/y0: onSelfAuthStateChange serverStatus:1,hmError:0
09-20 07:07:30(12970367455108013763) TRAS_TASK INFO: [TrasLink_Connect:245]Link Connect Addr:43.133.96.204:19336,ConnFlag:1
09-20 07:07:30(7875) TRAS_TASK INFO: [TrasBase_ProcBaseSock:670]Link Connect Addr:43.133.96.204:19336,ConnectFlag is: 2
09-20 07:07:30(4294975171) PID_SA INFO: [FUN_SERVER_STATUS:2600]FUN_SERVER_STATUS enServerStatus:2, iErr:0
09-20 07:07:30(515396077863) PID_SA INFO: [Java_com_chinatelecom_smarthome_viewer_business_impl_NativeClient_writeLogToFile:118]I/Internal: onServerStatusChange/////uToken:1600010140c3ad111p3g5jmo63upuvo5//serverStatus:2//errorCode:0
09-20 07:07:30(2343) PID_SA INFO: [Java_com_chinatelecom_smarthome_viewer_business_impl_NativeClient_writeLogToFile:118]I/y0: onSelfAuthStateChange serverStatus:2,hmError:0
09-20 07:07:31(12970367450813046467) TRAS_TASK INFO: [TrasLink_AuthUserToken:188]ogct 94 send login requst body {"METHOD":"4116","SEQID":"94","BODY":{"UserToken":"1600010140c3ad111p3g5jmo63upuvo5","SDKVersion":"51713056","WebDomainAbilty":"1","TestFlag":"1"}} iRet 0 
09-20 07:07:31(7875) PID_SA INFO: [FUN_SERVER_STATUS:2600]FUN_SERVER_STATUS enServerStatus:4, iErr:0
09-20 07:07:31(523986017987) TRAS_TASK INFO: [TrasLink_ProcAuthTokenRsp:292]ogct 94 recv auth rsp code 0 
09-20 07:07:31(536870914343) PID_SA INFO: [Java_com_chinatelecom_smarthome_viewer_business_impl_NativeClient_writeLogToFile:118]I/Internal: onServerStatusChange/////uToken:1600010140c3ad111p3g5jmo63upuvo5//serverStatus:4//errorCode:0
09-20 07:07:31(2343) PID_SA INFO: [Java_com_chinatelecom_smarthome_viewer_business_impl_NativeClient_writeLogToFile:118]I/y0: onSelfAuthStateChange serverStatus:4,hmError:0
09-20 07:07:31(2343) ZJ_TASK INFO: [ZJ_GetPaasPlatAccessToken:3766]ogct 95 get paasplat token iRet 0
09-20 07:07:31(536870914343) PID_SA INFO: [Java_com_chinatelecom_smarthome_viewer_business_impl_NativeClient_writeLogToFile:118]I/DeviceBean: getDeviceName:GateCameras
09-20 07:07:31(536870914343) PID_SA INFO: [Java_com_chinatelecom_smarthome_viewer_business_impl_NativeClient_writeLogToFile:118]onInitPushSuccess: regid = eTaw3UHwT7yXDsUUjIDjw_:APA91bGOPrHHfPX6BI8lyu8Xuh2S_tcCJ1X6J2fTnbEulnllK4sV-ag66RoIN9ctFMucYPCZ7nWJDLxUD71DTrCmEUFuwrP9Ejga3KAQWdqdxzB2QJfr-f8
09-20 07:07:31(2343) ZJ_TASK INFO: [ZJ_SetPushToken:1024]ogct 96 set pushtoken eTaw3UHwT7yXDsUUjIDjw_:APA91bGOPrHHfPX6BI8lyu8Xuh2S_tcCJ1X6J2fTnbEulnllK4sV-ag66RoIN9ctFMucYPCZ7nWJDLxUD71DTrCmEUFuwrP9Ejga3KAQWdqdxzB2QJfr-f8 iRet 0
09-20 07:07:31(12970367459402981059) ZJ_TASK INFO: [ZJ_RecvGetPaasTokenRsp:3750]ogct 95 recv rsp code 0
09-20 07:07:31(536870914343) PID_SA INFO: [Java_com_chinatelecom_smarthome_viewer_business_impl_NativeClient_writeLogToFile:118]I/Internal: onGetPaasPlatToken accessTokenut6AAF38DB-00000003-00G001-nkcfg/expireSeconds:86399//strPaasAddr:https://gm-ap.smartcloudcon.com
09-20 07:07:31(2343) PID_SA INFO: [Java_com_chinatelecom_smarthome_viewer_business_impl_NativeClient_writeLogToFile:118]I/HmSdkHelper: onServerStatusChange onTokenReturn accessToken:ut6AAF38DB-00000003-00G001-nkcfg
09-20 07:07:31(12970367459402975527) PID_SA INFO: [Java_com_chinatelecom_smarthome_viewer_business_impl_NativeClient_writeLogToFile:118]I/HmSdkHelper: onServerStatusChange onTokenReturn pTokenJson:{"accessToken":"ut6AAF38DB-00000003-00G001-nkcfg","createTime":1789868251277,"expireSeconds":86399,"passAddress":"https://gm-ap.smartcloudcon.com"}
09-20 07:07:31(7875) PID_SA INFO: [FUN_DEVICE_COMMON_RSP:1216]FUN_DEVICE_COMMON_RSP uiReqId:96, iErr:0
09-20 07:07:31(523986017987) ZJ_TASK INFO: [ZJ_UserProcSetPushTokenRsp:1001]ogct 96 recv rsp code 0 
09-20 07:07:31(2343) ZJ_TASK INFO: [ZJ_RefreshDevicesStatus:612]ogct 97 refresh all devices status iRet 0
09-20 07:07:31(2343) PID_SA INFO: [Java_com_chinatelecom_smarthome_viewer_business_impl_NativeClient_writeLogToFile:118]I/DeviceList: dispatchAction:RequestAllAd
09-20 07:07:31(17827451128686577959) PID_SA INFO: [Java_com_chinatelecom_smarthome_viewer_business_impl_NativeClient_writeLogToFile:118]AdList: AdvertisingRequst(id=, adcode=pro_Android_en_list_banner, width=1080, height=2400, appver=2.9.37, appid=1593592778513070, companyid=0000213ed0cdb8bc, countryCode=GB, platform=2, lang=2, uid=1600010140c3ad11)
09-20 07:07:31(545460848935) PID_SA INFO: [Java_com_chinatelecom_smarthome_viewer_business_impl_NativeClient_writeLogToFile:118]I/HmAdManager: getCachedAdListData from memory, size=4
09-20 07:07:31(2343) PID_SA INFO: [Java_com_chinatelecom_smarthome_viewer_business_impl_NativeClient_writeLogToFile:118]I/HmAdManager: getAdDataByStrategy: adPositionKey=pro_Android_en_Native1 lastCountDate:2026-09-20,now:1789868251491,today:2026-09-20,displayMaxTimes:0
09-20 07:07:31(2343) PID_SA INFO: [Java_com_chinatelecom_smarthome_viewer_business_impl_NativeClient_writeLogToFile:118]I/HmAdManager: currentAdType: 3
09-20 07:07:31(528280979751) PID_SA INFO: [Java_com_chinatelecom_smarthome_viewer_business_impl_NativeClient_writeLogToFile:118]I/HmAdManager: lastShowTime: 0
09-20 07:07:31(2343) PID_SA INFO: [Java_com_chinatelecom_smarthome_viewer_business_impl_NativeClient_writeLogToFile:118]I/HmAdManager: loadHomeBannerAD==isAdBuyNoShowad:false,Model:ImageTitleBean{imageUrl='null', title='null', imageId=0, clickUrl='null', adsource='applovin', adsourcecode='eb1b86e5d9feb53e', skip=0, skip_type=0, click=0, show_time_length=5, adcode='pro_Android_en_Native1', isDowload=false, jumpType='null', adtype=1, req_ad_timeout=0, strategy_type=-1, rule_conf=null, after_click_action=null, rule_update_times=0, showPrice='null', price='null', unit='null', currency_symbol='null', adId='null', page_name='null'}
09-20 07:07:31(536870914343) PID_SA INFO: [Java_com_chinatelecom_smarthome_viewer_business_impl_NativeClient_writeLogToFile:118]I/HmAdManager: loadHomeBannerAD==adModel:ImageTitleBean{imageUrl='null', title='null', imageId=0, clickUrl='null', adsource='applovin', adsourcecode='eb1b86e5d9feb53e', skip=0, skip_type=0, click=0, show_time_length=5, adcode='pro_Android_en_Native1', isDowload=false, jumpType='null', adtype=1, req_ad_timeout=0, strategy_type=-1, rule_conf=null, after_click_action=null, rule_update_times=0, showPrice='null', price='null', unit='null', currency_symbol='null', adId='null', page_name='null'}
09-20 07:07:31(17827451128686577959) PID_SA INFO: [Java_com_chinatelecom_smarthome_viewer_business_impl_NativeClient_writeLogToFile:118]AdList: AdvertisingRequst(id=, adcode=pro_Android_en_right_sidebar, width=1080, height=2400, appver=2.9.37, appid=1593592778513070, companyid=0000213ed0cdb8bc, countryCode=GB, platform=2, lang=2, uid=1600010140c3ad11)
09-20 07:07:31(2343) PID_SA INFO: [Java_com_chinatelecom_smarthome_viewer_business_impl_NativeClient_writeLogToFile:118]I/DeviceList: dispatchAction:com.huiyun.care.viewer.main.deviceList.a$b@86aa732
09-20 07:07:31(7875) PID_SA INFO: [FUN_DEVICE_COMMON_RSP:1216]FUN_DEVICE_COMMON_RSP uiReqId:97, iErr:0
09-20 07:07:31(523986017987) ZJ_TASK INFO: [ZJ_UserProcCommonRsp:220]ogct 97 recv rsp code 0 
09-20 07:07:31(7869) CFG_TASK INFO: [Cfg_ProcDevStatusNtc:1268]ogct 3858366093 Ntc did 12000103c0537c93 oldflag 0 online status 1 pushflag 0 upstatus 0 Rate 0
09-20 07:07:31(15347828554356235965) CFG_TASK INFO: [Cfg_ParseRecvNetData:1502]recv msgtype 37 msgid 3e
09-20 07:07:31(28429402144513793) PID_SA INFO: [Java_com_chinatelecom_smarthome_viewer_business_impl_NativeClient_writeLogToFile:118]I/CurlLogger: cURL -X POST -H "Content-Type: application/json; charset=UTF-8"  -d '{"adcode":"pro_Android_en_right_sidebar","appid":"1593592778513070","appver":"2.9.37","companyid":"0000213ed0cdb8bc","countryCode":"GB","height":"2400","id":"","lang":"2","platform":"2","uid":"1600010140c3ad11","width":"1080"}' "https://exsvr.smartcloudcon.com/carewebin/store/getadlist/v2" -L
09-20 07:07:31(28429402144514201) PID_SA INFO: [Java_com_chinatelecom_smarthome_viewer_business_impl_NativeClient_writeLogToFile:118]I/CurlLogger: cURL -X POST -H "Content-Type: application/json; charset=UTF-8"  -d '{"adcode":"pro_Android_en_list_banner","appid":"1593592778513070","appver":"2.9.37","companyid":"0000213ed0cdb8bc","countryCode":"GB","height":"2400","id":"","lang":"2","platform":"2","uid":"1600010140c3ad11","width":"1080"}' "https://exsvr.smartcloudcon.com/carewebin/store/getadlist/v2" -L
09-20 07:07:32(12970367459402975527) PID_SA INFO: [Java_com_chinatelecom_smarthome_viewer_business_impl_NativeClient_writeLogToFile:118]BaseActivity: onRestart==mIsShowAd:false//activity is NewDeviceSettingActivity
09-20 07:07:32(12970367459402975527) PID_SA INFO: [Java_com_chinatelecom_smarthome_viewer_business_impl_NativeClient_writeLogToFile:118]getInIoTProp: innerIoTBeanProp = {"PushFlag":"7","SMSFlag":"1","EmailFlag":"1","Interval":"300","EmailAddr":"","StartTime":"0","EndTime":"86400","SpanFlag":"0","Week":"127"}
09-20 07:07:32(545460848935) PID_SA INFO: [Java_com_chinatelecom_smarthome_viewer_business_impl_NativeClient_writeLogToFile:118]I/BaseActivity: onResume==mIsShowAd:false//activity is NewDeviceSettingActivity
09-20 07:07:32(2343) PID_SA INFO: [Java_com_chinatelecom_smarthome_viewer_business_impl_NativeClient_writeLogToFile:118]I/CloudChargeCardInfo: deviceId:12000103c0537c93,//chargeType:2,//chargeFlag:0
09-20 07:07:32(2343) PID_SA INFO: [Java_com_chinatelecom_smarthome_viewer_business_impl_NativeClient_writeLogToFile:118]I/CloudChargeCardInfo: deviceId:12000103c0537c93,//chargeType:1,//chargeFlag:0
09-20 07:07:32(2343) PID_SA INFO: [Java_com_chinatelecom_smarthome_viewer_business_impl_NativeClient_writeLogToFile:118]I/LowPowerHeart: deviceState = 5
09-20 07:07:32(2343) PID_SA INFO: [Java_com_chinatelecom_smarthome_viewer_business_impl_NativeClient_writeLogToFile:118]I/LowPowerHeart: 44lowPowerConsumption  startDeviceHeart //dId:12000103c0537c93//heartbeatStatus.isActive():false
09-20 07:07:32(2343) PID_SA INFO: [Java_com_chinatelecom_smarthome_viewer_business_impl_NativeClient_writeLogToFile:118]I/LowPowerHeart: 22lowPowerConsumption  startDeviceHeart //dId:12000103c0537c93//heartbeatStatus.isActive():false
09-20 07:07:32(545460848935) CMD_TASK INFO: [Cmd_CheckPeerDevVersion:4123]reqid 98 send msg {"METHOD":"3414","SEQID":"98","FROM":{"UserToken":"1600010140c3ad111p3g5jmo63upuvo5"},"TO":{"DID":"12000103c0537c93"}} to peer 12000103c0537c93, iret 0
09-20 07:07:33(7870) CMD_TASK INFO: [Cmd_ProcRecvNetMsg:5738]reqid 98 recv rsp content {"CODE":"0","METHOD":"3415","SEQID":"98","FROM":{"DID":"12000103c0537c93"},"TO":{"UserToken":"1600010140c3ad111p3g5jmo63upuvo5"},"BODY":{"Version":"","UpdateFlag":"0"}}
09-20 07:07:33(7870) PID_SA INFO: [FUN_CHECKVERSION_RSP:2162]FUN_CHECKVERSION_RSP reqId:98, error:0, status:0, version:, descUrl:
09-20 07:07:33(12970367459402975527) PID_SA INFO: [Java_com_chinatelecom_smarthome_viewer_business_impl_NativeClient_writeLogToFile:118]I/TimeZoneSettingActivity: isNewDevice:true,updateModeEnum:0,isShowUpdate:true
09-20 07:07:33(8345) PID_SA INFO: [Java_com_chinatelecom_smarthome_viewer_business_impl_NativeClient_writeLogToFile:118]I/CurlLogger: response:{"code":"1000","data":{"ext":{"buyed":"1","noThirdAd":0,"reg":"2024-04-09 16:36:37","useCache":1},"list":[{"ad_id":"B00378","ad_space_height":"","ad_space_size":1,"ad_space_width":"","adcode":"pro_Android_en_list_banner","adsource":"zzy","adsourcecode":"","adtype":2,"after_click_action":"{\"body\": {\"pkg_id\": \"\", \"group_id\": \"\", \"group_code\": \"\", \"is_user_no_pay\": \"\"}, \"type\": 1}","click":1,"click_url":"","id":"378","imglist":[{"height":375,"img_url":"https://hmstatic-1311597033.cos.ap-nanjing.myqcloud.com/media/ads/1733283688209760000/en banner.png","jumpType":"0","jump_url":"https://exwebsvr.smartcloudcon.com/careProcloud/#/packages-new","lang":1,"resolution":"1080x375","width":1080},{"height":375,"img_url":"https://hmstatic-1311597033.cos.ap-nanjing.myqcloud.com/media/ads/1750666446275539862/banner en.png","jumpType":"0","jump_url":"https://exwebsvr.smartcloudcon.com/careProcloud/#/intelligentAlarm","lang":1,"resolution":"1080x375","width":1080}],"name":"日常","no_display_ad_people
09-20 07:07:33(7165641991181574297) PID_SA INFO: [Java_com_chinatelecom_smarthome_viewer_business_impl_NativeClient_writeLogToFile:118]I/CurlLogger: ":0,"no_display_user_reg_days":0,"page_name":"","rate_times":"0-23","rate_week":"1,2,3,4,5,6,7","reg_gt_date":"","req_ad_timeout":5,"rule_conf":"{\"pop_type\": 1, \"pop_value\": \"\"}","rule_update_times":2609200,"show_time_end":"","show_time_length":5,"show_time_start":"2026-06-18","show_time_type":1,"skip":1,"skip_type":0,"strategy_type":0}]},"desc":"Success"}
09-20 07:07:33(17827451128686583961) PID_SA INFO: [Java_com_chinatelecom_smarthome_viewer_business_impl_NativeClient_writeLogToFile:118]AdList: AdvertisingResp(code=1000, data=DataBean(list=[ListBean(adId=B00378,adtype=2, adsource='zzy', adsourcecode='', show_time_end='', show_time_type=1, skip=1, skip_type=0, click=1, imglist=[Imglist(adId=,img_url='https://hmstatic-1311597033.cos.ap-nanjing.myqcloud.com/media/ads/1733283688209760000/en banner.png', width=1080, lang=1, resolution='1080x375', height=375, jump_url='https://exwebsvr.smartcloudcon.com/careProcloud/#/packages-new', jumpType='0', isDownload=false), Imglist(adId=,img_url='https://hmstatic-1311597033.cos.ap-nanjing.myqcloud.com/media/ads/1750666446275539862/banner en.png', width=1080, lang=1, resolution='1080x375', height=375, jump_url='https://exwebsvr.smartcloudcon.com/careProcloud/#/intelligentAlarm', jumpType='0', isDownload=false)], show_time_start='2026-06-18', show_time_length=5, rate_times='0-23', name='日常', rate_week='1,2,3,4,5,6,7', adId='378', click_url='', jumpType='', adcode='pro_Android_en_list_banner', req_ad_timeout=5, strategy_type=0, rule_conf='{"pop_type": 1, "pop_value": ""}', after_click_action='{"body": {"pkg_id": "", "group_id": "", "group_code": "", "is_user_no_pay": ""}, "type": 1}', rule_update_times=2609200,page_name=)]), desc=Success)
09-20 07:07:33(528280985753) PID_SA INFO: [Java_com_chinatelecom_smarthome_viewer_business_impl_NativeClient_writeLogToFile:118]AdList: AdvertisingResp bean:ListBean(adId=B00378,adtype=2, adsource='zzy', adsourcecode='', show_time_end='', show_time_type=1, skip=1, skip_type=0, click=1, imglist=[Imglist(adId=,img_url='https://hmstatic-1311597033.cos.ap-nanjing.myqcloud.com/media/ads/1733283688209760000/en banner.png', width=1080, lang=1, resolution='1080x375', height=375, jump_url='https://exwebsvr.smartcloudcon.com/careProcloud/#/packages-new', jumpType='0', isDownload=false), Imglist(adId=,img_url='https://hmstatic-1311597033.cos.ap-nanjing.myqcloud.com/media/ads/1750666446275539862/banner en.png', width=1080, lang=1, resolution='1080x375', height=375, jump_url='https://exwebsvr.smartcloudcon.com/careProcloud/#/intelligentAlarm', jumpType='0', isDownload=false)], show_time_start='2026-06-18', show_time_length=5, rate_times='0-23', name='日常', rate_week='1,2,3,4,5,6,7', adId='378', click_url='', jumpType='', adcode='pro_Android_en_list_banner', req_ad_timeout=5, strategy_type=0, rule_conf='{"pop_type": 1, "pop_value": ""}', after_click_action='{"body": {"pkg_id": "", "group_id": "", "group_code": "", "is_user_no_pay": ""}, "type": 1}', rule_update_times=2609200,page_name=)
09-20 07:07:34(16325694678114049) PID_SA INFO: [Java_com_chinatelecom_smarthome_viewer_business_impl_NativeClient_writeLogToFile:118]I/CurlLogger: response:{"code":"1000","data":{"ext":{"buyed":"1","noThirdAd":0,"reg":"2024-04-09 16:36:37","useCache":0},"list":[]},"desc":"Success"}
09-20 07:07:34(7937) PID_SA INFO: [Java_com_chinatelecom_smarthome_viewer_business_impl_NativeClient_writeLogToFile:118]AdList: AdvertisingResp(code=1000, data=DataBean(list=[]), desc=Success)
09-20 07:07:36(12970367459402975527) PID_SA INFO: [Java_com_chinatelecom_smarthome_viewer_business_impl_NativeClient_writeLogToFile:118]BaseActivity: onPause==//activity is NewDeviceSettingActivity
09-20 07:07:36(12970367459402975527) PID_SA INFO: [Java_com_chinatelecom_smarthome_viewer_business_impl_NativeClient_writeLogToFile:118]BaseActivity: onPause==mIsShowAd:false//activity is NewDeviceSettingActivity
09-20 07:07:36(545460848935) PID_SA INFO: [Java_com_chinatelecom_smarthome_viewer_business_impl_NativeDevice_getPeerAppSetting:2953]get peer appsetting deviceId: 12000103c0537c93
09-20 07:07:36(2343) PID_SA INFO: [Java_com_chinatelecom_smarthome_viewer_business_impl_NativeDevice_getPeerAppSetting:2986]get peer appsetting result: [1] [1296] [2304] [0] [43200] [1]
09-20 07:07:36(4294969639) PID_SA INFO: [Java_com_chinatelecom_smarthome_viewer_business_impl_NativeDevice_getPeerAppSetting:2953]get peer appsetting deviceId: 12000103c0537c93
09-20 07:07:36(2343) PID_SA INFO: [Java_com_chinatelecom_smarthome_viewer_business_impl_NativeDevice_getPeerAppSetting:2986]get peer appsetting result: [1] [1296] [2304] [0] [43200] [1]
09-20 07:07:36(2343) PID_SA INFO: [Java_com_chinatelecom_smarthome_viewer_business_impl_NativeClient_writeLogToFile:118]I/DeviceAbilityTools: getRecordPropInfo prop:{"RecordLoop":"1","RecordFull":"0","StreamID":"0","Duration":"0"}
09-20 07:07:36(12970367459402975527) PID_SA INFO: [Java_com_chinatelecom_smarthome_viewer_business_impl_NativeClient_writeLogToFile:118]I/DeviceAbilityTools: getRecordPropInfo prop:true
09-20 07:07:36(2343) PID_SA INFO: [Java_com_chinatelecom_smarthome_viewer_business_impl_NativeClient_writeLogToFile:118]I/BaseActivity: onResume==mIsShowAd:false//activity is DeviceConfigSettingActivity
09-20 07:07:36(2343) PID_SA INFO: [Java_com_chinatelecom_smarthome_viewer_business_impl_NativeClient_writeLogToFile:118]I/AppLovinAdManager: showAdBanner==onAdLoadFailed==code:-1000,meg:Failed to connect to ms.applvn.com/0.0.0.0:443
09-20 07:07:36(2343) PID_SA INFO: [Java_com_chinatelecom_smarthome_viewer_business_impl_NativeClient_writeLogToFile:118]BaseActivity: onSaveInstanceState==mIsShowAd:false//activity is NewDeviceSettingActivity
09-20 07:07:36(2343) PID_SA INFO: [Java_com_chinatelecom_smarthome_viewer_business_impl_NativeClient_writeLogToFile:118]I/AppLovinAdManager: showAdBanner==onAdLoadFailed==code:-1000,meg:Failed to connect to ms.applvn.com/0.0.0.0:443
09-20 07:07:42(12970367459402975527) PID_SA INFO: [Java_com_chinatelecom_smarthome_viewer_business_impl_NativeClient_writeLogToFile:118]BaseActivity: onPause==//activity is DeviceConfigSettingActivity
09-20 07:07:42(545460848935) PID_SA INFO: [Java_com_chinatelecom_smarthome_viewer_business_impl_NativeClient_writeLogToFile:118]BaseActivity: onPause==mIsShowAd:false//activity is DeviceConfigSettingActivity
09-20 07:07:42(2343) PID_SA INFO: [Java_com_chinatelecom_smarthome_viewer_business_impl_NativeClient_writeLogToFile:118]BaseActivity: onRestart==mIsShowAd:false//activity is NewDeviceSettingActivity
09-20 07:07:42(12970367459402975527) PID_SA INFO: [Java_com_chinatelecom_smarthome_viewer_business_impl_NativeClient_writeLogToFile:118]getInIoTProp: innerIoTBeanProp = {"PushFlag":"7","SMSFlag":"1","EmailFlag":"1","Interval":"300","EmailAddr":"","StartTime":"0","EndTime":"86400","SpanFlag":"0","Week":"127"}
09-20 07:07:42(545460848935) PID_SA INFO: [Java_com_chinatelecom_smarthome_viewer_business_impl_NativeClient_writeLogToFile:118]I/BaseActivity: onResume==mIsShowAd:false//activity is NewDeviceSettingActivity
09-20 07:07:42(2343) PID_SA INFO: [Java_com_chinatelecom_smarthome_viewer_business_impl_NativeClient_writeLogToFile:118]I/CloudChargeCardInfo: deviceId:12000103c0537c93,//chargeType:2,//chargeFlag:0
09-20 07:07:42(2343) PID_SA INFO: [Java_com_chinatelecom_smarthome_viewer_business_impl_NativeClient_writeLogToFile:118]I/CloudChargeCardInfo: deviceId:12000103c0537c93,//chargeType:1,//chargeFlag:0
09-20 07:07:42(2343) PID_SA INFO: [Java_com_chinatelecom_smarthome_viewer_business_impl_NativeClient_writeLogToFile:118]I/LowPowerHeart: deviceState = 5
09-20 07:07:42(545460848935) PID_SA INFO: [Java_com_chinatelecom_smarthome_viewer_business_impl_NativeClient_writeLogToFile:118]I/LowPowerHeart: 44lowPowerConsumption  startDeviceHeart //dId:12000103c0537c93//heartbeatStatus.isActive():false
09-20 07:07:42(545460848935) PID_SA INFO: [Java_com_chinatelecom_smarthome_viewer_business_impl_NativeClient_writeLogToFile:118]I/LowPowerHeart: 22lowPowerConsumption  startDeviceHeart //dId:12000103c0537c93//heartbeatStatus.isActive():false
09-20 07:07:42(545460848935) CMD_TASK INFO: [Cmd_CheckPeerDevVersion:4123]reqid 99 send msg {"METHOD":"3414","SEQID":"99","FROM":{"UserToken":"1600010140c3ad111p3g5jmo63upuvo5"},"TO":{"DID":"12000103c0537c93"}} to peer 12000103c0537c93, iret 0
09-20 07:07:43(523986012455) PID_SA INFO: [Java_com_chinatelecom_smarthome_viewer_business_impl_NativeClient_writeLogToFile:118]BaseActivity: onDestroy==mIsShowAd:false//activity is DeviceConfigSettingActivity
09-20 07:07:43(7870) CMD_TASK INFO: [Cmd_ProcRecvNetMsg:5738]reqid 99 recv rsp content {"CODE":"0","METHOD":"3415","SEQID":"99","FROM":{"DID":"12000103c0537c93"},"TO":{"UserToken":"1600010140c3ad111p3g5jmo63upuvo5"},"BODY":{"Version":"","UpdateFlag":"0"}}
09-20 07:07:43(7870) PID_SA INFO: [FUN_CHECKVERSION_RSP:2162]FUN_CHECKVERSION_RSP reqId:99, error:0, status:0, version:, descUrl:
09-20 07:07:43(2343) PID_SA INFO: [Java_com_chinatelecom_smarthome_viewer_business_impl_NativeClient_writeLogToFile:118]I/DeviceConfigSettingActivity: isNewDevice:true,updateModeEnum:0,isShowUpdate:true
09-20 07:07:44(12970367459402975527) PID_SA INFO: [Java_com_chinatelecom_smarthome_viewer_business_impl_NativeClient_writeLogToFile:118]BaseActivity: onPause==//activity is NewDeviceSettingActivity
09-20 07:07:44(12970367459402975527) PID_SA INFO: [Java_com_chinatelecom_smarthome_viewer_business_impl_NativeClient_writeLogToFile:118]BaseActivity: onPause==mIsShowAd:false//activity is NewDeviceSettingActivity
09-20 07:07:44(545460848935) PID_SA INFO: [Java_com_chinatelecom_smarthome_viewer_business_impl_NativeClient_writeLogToFile:118]I/BaseActivity: onResume==mIsShowAd:false//activity is RecordVideoSettingActivity
09-20 07:07:44(2343) PID_SA INFO: [Java_com_chinatelecom_smarthome_viewer_business_impl_NativeClient_writeLogToFile:118]I/CloudChargeCardInfo: deviceId:12000103c0537c93,//chargeType:1,//chargeFlag:0
09-20 07:07:44(12970367459402975527) PID_SA INFO: [Java_com_chinatelecom_smarthome_viewer_business_impl_NativeClient_writeLogToFile:118]I/CloudChargeCardInfo: deviceId:12000103c0537c93,//chargeType:2,//chargeFlag:0
09-20 07:07:44(2343) PID_SA INFO: [Java_com_chinatelecom_smarthome_viewer_business_impl_NativeClient_writeLogToFile:118]AdList: AdvertisingRequst(id=, adcode=pro_Android_en_Recording, width=1080, height=2400, appver=2.9.37, appid=1593592778513070, companyid=0000213ed0cdb8bc, countryCode=GB, platform=2, lang=2, uid=1600010140c3ad11)
09-20 07:07:44(2343) PID_SA INFO: [Java_com_chinatelecom_smarthome_viewer_business_impl_NativeClient_writeLogToFile:118]I/PaymentManager: payResultCode:-10000, orderInfo is null:true, isAlipaySubscriptionPaying:false
09-20 07:07:44(523986018012) PID_SA INFO: [Java_com_chinatelecom_smarthome_viewer_business_impl_NativeUser_GetDomainAddr:1672]HM_GetDomainAddr ret = 0,  aucSvrDomain:, aucWebDomain:, aucLogDomain:, aucAlexaDomain:
09-20 07:07:44(7900) PID_SA INFO: [Java_com_chinatelecom_smarthome_viewer_business_impl_NativeClient_writeLogToFile:118]I/HmHostConfig: hostInfo:{svrHost:,webHost:,logHost:,alexaHost:}
09-20 07:07:44(28429402144514189) PID_SA INFO: [Java_com_chinatelecom_smarthome_viewer_business_impl_NativeClient_writeLogToFile:118]I/CurlLogger: cURL -X POST -H "Content-Type: application/json; charset=UTF-8"  -d '{"adcode":"pro_Android_en_Recording","appid":"1593592778513070","appver":"2.9.37","companyid":"0000213ed0cdb8bc","countryCode":"GB","height":"2400","id":"","lang":"2","platform":"2","uid":"1600010140c3ad11","width":"1080"}' "https://exsvr.smartcloudcon.com/carewebin/store/getadlist/v2" -L
09-20 07:07:44(9570578704899804) PID_SA INFO: [Java_com_chinatelecom_smarthome_viewer_business_impl_NativeClient_writeLogToFile:118]I/CurlLogger: cURL -X POST -H "Content-Type: application/json; charset=UTF-8"  -d '{"appid":"1593592778513070","appver":"2.9.37","code":"Recording_EN","companyid":"0000213ed0cdb8bc","devCfg":{},"did":"12000103c0537c93","language":"2","sdkver":"3051580","type":"EN","uid":"1600010140c3ad11","userGroup":[]}' "https://exsvr.smartcloudcon.com/carewebin/store/recordingPkginfos" -L
09-20 07:07:45(2343) PID_SA INFO: [Java_com_chinatelecom_smarthome_viewer_business_impl_NativeClient_writeLogToFile:118]BaseActivity: onSaveInstanceState==mIsShowAd:false//activity is NewDeviceSettingActivity
09-20 07:07:45(7900) PID_SA INFO: [Java_com_chinatelecom_smarthome_viewer_business_impl_NativeClient_writeLogToFile:118]I/CurlLogger: response:{"code":"1000","data":{"dayPkg":{"currency_symbol":"$","default":0,"deviceBuyCount":0,"deviceNum":1,"freepkg":0,"google_key":"com.huiyun.recording24h7d.monthly","infolist":[],"ios_key":"","market":0,"marketDiscount":0.0,"marketDuration":0,"marketPrice":"0.00","marketUnit":"","name":"7 Days Continuous Recording","number":1,"packageid":5,"pay":["3","4"],"poid":"63044","price":"8.99","promotePkg":[],"serviceCycleName":"","serviceid":300011,"showRelName":"","showServiceCycle":1,"showType":0,"show_price":"8.99","subscription":1,"subscription_info":"","tag":{},"templatesnapshot":"{\"id\": \"32\", \"type\": \"BASE\", \"sdkMax\": \"9999999\", \"sdkMin\": \"1010107\", \"typeId\": \"2\", \"patchId\": \"5\", \"serviceItem\": [{\"bussConfig\": {}, \"functionId\": \"1010\", \"abilityConfig\": {\"Duration\": \"30\", \"StreamID\": \"1\", \"StorageList\": [{\"LoopDays\": \"7\", \"RecordType\": \"1\"}], \"ForceStreamID\": \"-1\", \"StorageAbility\": \"0\"}}, {\"bussConfig\": {}, \"functionId\": \"1011\", \"abilityCon
09-20 07:07:45(7380959172860321500) PID_SA INFO: [Java_com_chinatelecom_smarthome_viewer_business_impl_NativeClient_writeLogToFile:118]I/CurlLogger: fig\": {\"GifFlag\": \"1\", \"PicType\": \"2\", \"LoopDays\": \"7\", \"RecordType\": \"1\", \"SnapJpgCnt\": \"5\", \"GifOpenFlag\": \"0\", \"StorageType\": \"0\"}}, {\"bussConfig\": {}, \"functionId\": \"1013\", \"abilityConfig\": {\"LoopDays\": \"7\"}}], \"templateName\": \"7天全天模板-一个月\", \"deviceSupport\": \"1 \u0026\u0026 1 \u0026\u0026 IFNULL(!JSON_OVERLAPS(JSON_EXTRACT({deviceConfig},'$**.AwakeAbility'),'[\\\"1\\\",\\\"2\\\",\\\"3\\\"]'),1)\", \"effectiveUnit\": \"MONTH\", \"orientationType\": \"DEVICE\", \"lowestPriceEnUsd\": \"3\", \"effectiveDuration\": \"1\", \"monthLowestPriceEnUsd\": \"0\"}","trialCondition":1,"trialDay":0,"uniqueid":"rRjTkKqYMx","unit":"MONTH","updatetime":"2026-03-23T14:30:17","userBuyCount":0},"eventPkg":{"currency_symbol":"$","default":0,"deviceBuyCount":0,"deviceNum":1,"freepkg":0,"google_key":"com.huiyun.recording.7d.monthly","infolist":[],"ios_key":"","market":0,"marketDiscount":0.0,"marketDuration":0,"marketPrice":"0.00","marketUnit":"","name":"7 Days Event Recording","numbe
09-20 07:07:45(523986018012) PID_SA INFO: [Java_com_chinatelecom_smarthome_viewer_business_impl_NativeClient_writeLogToFile:118]I/CurlLogger: r":1,"packageid":1,"pay":["3","4"],"poid":"63043","price":"4.99","promotePkg":[],"serviceCycleName":"","serviceid":300010,"showRelName":"","showServiceCycle":1,"showType":0,"show_price":"4.99","subscription":1,"subscription_info":"","tag":{},"templatesnapshot":"{\"id\": \"8\", \"type\": \"BASE\", \"sdkMax\": \"3999999\", \"sdkMin\": \"0\", \"typeId\": \"1\", \"patchId\": \"1\", \"serviceItem\": [{\"bussConfig\": {}, \"functionId\": \"1010\", \"abilityConfig\": {\"Duration\": \"30\", \"StreamID\": \"1\", \"StorageList\": [{\"LoopDays\": \"7\", \"RecordType\": \"2\"}]}}, {\"bussConfig\": {}, \"functionId\": \"1011\", \"abilityConfig\": {\"GifFlag\": \"1\", \"PicType\": \"2\", \"LoopDays\": \"7\", \"RecordType\": \"1\", \"SnapJpgCnt\": \"5\", \"GifOpenFlag\": \"0\", \"StorageType\": \"0\"}}, {\"bussConfig\": {}, \"functionId\": \"1013\", \"abilityConfig\": {\"LoopDays\": \"7\"}}], \"templateName\": \"7天事件模板-一个月\", \"deviceSupport\": \"1 \u0026\u0026 1 \u0026\u0026 1\", \"effectiveUnit\": \"MONTH\", \"lowestPrice
09-20 07:07:45(8104601797198356188) PID_SA INFO: [Java_com_chinatelecom_smarthome_viewer_business_impl_NativeClient_writeLogToFile:118]I/CurlLogger: En\": \"7.3\", \"orientationType\": \"DEVICE\", \"lowestPriceEnUsd\": \"1.0\", \"effectiveDuration\": \"1\", \"monthLowestPriceEn\": \"11.68\", \"monthLowestPriceEnUsd\": \"1.1\"}","trialCondition":1,"trialDay":0,"uniqueid":"HVdTxurrlN","unit":"MONTH","updatetime":"2025-09-19T00:24:59","userBuyCount":0}},"desc":"Success"}
09-20 07:07:45(2343) PID_SA INFO: [Java_com_chinatelecom_smarthome_viewer_business_impl_NativeClient_writeLogToFile:118]I/GooglePayManagerV2: startConnection billingClient.isReady=true retry=false funcId= hasCallback=true
09-20 07:07:45(2343) PID_SA INFO: [Java_com_chinatelecom_smarthome_viewer_business_impl_NativeClient_writeLogToFile:118]I/GooglePayManagerV2: queryProduct start productType=subs requestSize=2 cacheSize=2
09-20 07:07:45(2343) PID_SA INFO: [Java_com_chinatelecom_smarthome_viewer_business_impl_NativeClient_writeLogToFile:118]I/GooglePayManagerV2: productType = subs productId = com.huiyun.recording24h7d.monthly
09-20 07:07:45(2343) PID_SA INFO: [Java_com_chinatelecom_smarthome_viewer_business_impl_NativeClient_writeLogToFile:118]I/GooglePayManagerV2: productType = subs productId = com.huiyun.recording.7d.monthly
09-20 07:07:45(9876) PID_SA INFO: [Java_com_chinatelecom_smarthome_viewer_business_impl_NativeClient_writeLogToFile:118]I/GooglePayManagerV2: queryProduct result fetched=2 unfetched=0 cacheSize=4 billingResult = message:,responseCode=0
09-20 07:07:45(9876) PID_SA INFO: [Java_com_chinatelecom_smarthome_viewer_business_impl_NativeClient_writeLogToFile:118]I/GooglePayManagerV2: priceCurrencyCode =   formattedPrice:null,//originPrice:null
09-20 07:07:45(9876) PID_SA INFO: [Java_com_chinatelecom_smarthome_viewer_business_impl_NativeClient_writeLogToFile:118]I/GooglePayManagerV2: priceCurrencyCode = INR  formattedPrice:₹920.00,//originPrice:920000000
09-20 07:07:45(9876) PID_SA INFO: [Java_com_chinatelecom_smarthome_viewer_business_impl_NativeClient_writeLogToFile:118]I/GooglePayManagerV2: priceCurrencyCode =   formattedPrice:null,//originPrice:null
09-20 07:07:45(9876) PID_SA INFO: [Java_com_chinatelecom_smarthome_viewer_business_impl_NativeClient_writeLogToFile:118]I/GooglePayManagerV2: priceCurrencyCode = INR  formattedPrice:₹520.00,//originPrice:520000000
09-20 07:07:46(8333) PID_SA INFO: [Java_com_chinatelecom_smarthome_viewer_business_impl_NativeClient_writeLogToFile:118]I/CurlLogger: response:{"code":"1000","data":{"ext":{"buyed":"1","noThirdAd":0,"reg":"2024-04-09 16:36:37","useCache":1},"list":[{"ad_id":"B00401","ad_space_height":"","ad_space_size":1,"ad_space_width":"","adcode":"pro_Android_en_Recording","adsource":"zzy","adsourcecode":"","adtype":2,"after_click_action":"","click":1,"click_url":"","id":"401","imglist":[{"height":970,"img_url":"https://hmstatic-1311597033.cos.ap-nanjing.myqcloud.com/media/ads/1733466781205899161/english.png","jumpType":"","jump_url":"","lang":1,"resolution":"638x970","width":638}],"name":"录像设置页面","no_display_ad_people":0,"no_display_user_reg_days":0,"page_name":"","rate_times":"0-23","rate_week":"1,2,3,4,5,6,7","reg_gt_date":"","req_ad_timeout":5,"rule_conf":"","rule_update_times":2609200,"show_time_end":"","show_time_length":5,"show_time_start":"2024-12-20","show_time_type":1,"skip":1,"skip_type":0,"strategy_type":0}]},"desc":"Success"}
09-20 07:07:46(8333) PID_SA INFO: [Java_com_chinatelecom_smarthome_viewer_business_impl_NativeClient_writeLogToFile:118]AdList: AdvertisingResp(code=1000, data=DataBean(list=[ListBean(adId=B00401,adtype=2, adsource='zzy', adsourcecode='', show_time_end='', show_time_type=1, skip=1, skip_type=0, click=1, imglist=[Imglist(adId=,img_url='https://hmstatic-1311597033.cos.ap-nanjing.myqcloud.com/media/ads/1733466781205899161/english.png', width=638, lang=1, resolution='638x970', height=970, jump_url='', jumpType='', isDownload=false)], show_time_start='2024-12-20', show_time_length=5, rate_times='0-23', name='录像设置页面', rate_week='1,2,3,4,5,6,7', adId='401', click_url='', jumpType='', adcode='pro_Android_en_Recording', req_ad_timeout=5, strategy_type=0, rule_conf='', after_click_action='', rule_update_times=2609200,page_name=)]), desc=Success)
09-20 07:07:46(8333) PID_SA INFO: [Java_com_chinatelecom_smarthome_viewer_business_impl_NativeClient_writeLogToFile:118]AdList: AdvertisingResp bean:ListBean(adId=B00401,adtype=2, adsource='zzy', adsourcecode='', show_time_end='', show_time_type=1, skip=1, skip_type=0, click=1, imglist=[Imglist(adId=,img_url='https://hmstatic-1311597033.cos.ap-nanjing.myqcloud.com/media/ads/1733466781205899161/english.png', width=638, lang=1, resolution='638x970', height=970, jump_url='', jumpType='', isDownload=false)], show_time_start='2024-12-20', show_time_length=5, rate_times='0-23', name='录像设置页面', rate_week='1,2,3,4,5,6,7', adId='401', click_url='', jumpType='', adcode='pro_Android_en_Recording', req_ad_timeout=5, strategy_type=0, rule_conf='', after_click_action='', rule_update_times=2609200,page_name=)
09-20 07:07:46(2343) PID_SA INFO: [Java_com_chinatelecom_smarthome_viewer_business_impl_NativeClient_writeLogToFile:118]I/LowPowerHeart: deviceState = 5
09-20 07:07:46(545460848935) PID_SA INFO: [Java_com_chinatelecom_smarthome_viewer_business_impl_NativeClient_writeLogToFile:118]I/LowPowerHeart: 44lowPowerConsumption  startDeviceHeart //dId:12000103c0537c93//heartbeatStatus.isActive():false
09-20 07:07:46(2343) PID_SA INFO: [Java_com_chinatelecom_smarthome_viewer_business_impl_NativeClient_writeLogToFile:118]I/LowPowerHeart: 22lowPowerConsumption  startDeviceHeart //dId:12000103c0537c93//heartbeatStatus.isActive():false
09-20 07:07:46(545460848935) CMD_TASK INFO: [Cmd_GetPeerTfCardInf:830]reqid 100 send GetPeerTfCardInf msg {"METHOD":"344E","SEQID":"100","FROM":{"UserToken":"1600010140c3ad111p3g5jmo63upuvo5"},"TO":{"DID":"12000103c0537c93"}} to peer 12000103c0537c93, iret 0
09-20 07:07:46(545460848935) PID_SA INFO: [Java_com_chinatelecom_smarthome_viewer_business_impl_NativeCommand_getTFCardInfo:394]HM_GetSdCardInf ret = 0 puiReqId = 100
09-20 07:07:47(7870) CMD_TASK INFO: [Cmd_ProcRecvNetMsg:5738]reqid 100 recv rsp content {"CODE":"0","METHOD":"344F","SEQID":"100","FROM":{"DID":"12000103c0537c93"},"TO":{"UserToken":"1600010140c3ad111p3g5jmo63upuvo5"},"BODY":{"StorageAbility":"1","TotalSize":"0","FreeSize":"0","CardStatus":"1"}}
09-20 07:07:47(7870) PID_SA INFO: [FUN_DEVICE_RSP_GET_TFCARD_INFO:2342]FUN_DEVICE_RSP_GET_TFCARD_INFO uiReqId:100, uiTotalSize:0, uiRemainSize:0, iErr:1
09-20 07:07:50(2343) PID_SA INFO: [Java_com_chinatelecom_smarthome_viewer_business_impl_NativeClient_writeLogToFile:118]I/LowPowerHeart: deviceState = 5
09-20 07:07:50(545460848935) PID_SA INFO: [Java_com_chinatelecom_smarthome_viewer_business_impl_NativeClient_writeLogToFile:118]I/LowPowerHeart: 44lowPowerConsumption  startDeviceHeart //dId:12000103c0537c93//heartbeatStatus.isActive():false
09-20 07:07:50(545460848935) PID_SA INFO: [Java_com_chinatelecom_smarthome_viewer_business_impl_NativeClient_writeLogToFile:118]I/LowPowerHeart: 22lowPowerConsumption  startDeviceHeart //dId:12000103c0537c93//heartbeatStatus.isActive():false
09-20 07:07:50(545460848935) CMD_TASK INFO: [Cmd_FormatPeerTfCard:801]reqid 101 send FormatPeerTfCard msg {"METHOD":"344C","SEQID":"101","FROM":{"UserToken":"1600010140c3ad111p3g5jmo63upuvo5"},"TO":{"DID":"12000103c0537c93"}} to peer 12000103c0537c93, iret 0
09-20 07:07:50(545460848935) PID_SA INFO: [Java_com_chinatelecom_smarthome_viewer_business_impl_NativeCommand_formatTFCard:371]HM_FormatSdCard ret = 0 puiReqId = 101
09-20 07:07:50(523986017993) cos ERR: [Cand_DirOpen:233]opendir pucDirName:/storage/emulated/0/Android/data/com.huiyun.care.viewerpro.googleplay/files/Care/cloud
09-20 07:07:50(523986017993) DP_MNG ERR: [DiskSpace_ClearSubDirCahce:237]dir /storage/emulated/0/Android/data/com.huiyun.care.viewerpro.googleplay/files/Care/cloud open fail errno 2 
09-20 07:07:50(523986017993) DP_MNG INFO: [DiskSpace_ClearDayEventCache:201]dir  removed
09-20 07:07:50(7881) EVENT_TASK INFO: [Event_ClearEventMemCache:2506]start clear Date [2025-11-03] event cache
09-20 07:07:50(523986017993) cos ERR: [Cand_DirRmv:304]rmdir pucDirName:/storage/emulated/0/Android/data/com.huiyun.care.viewerpro.googleplay/files/Care/event/12000103c0537c93/2025-11-03/local errno 2
09-20 07:07:50(523986017993) DP_MNG INFO: [DiskSpace_ClearDayEventCache:201]dir /storage/emulated/0/Android/data/com.huiyun.care.viewerpro.googleplay/files/Care/event/12000103c0537c93/2025-11-03 removed
09-20 07:07:50(7881) EVENT_TASK INFO: [Event_ClearEventMemCache:2506]start clear Date [2025-11-04] event cache
09-20 07:07:50(523986017994) EVENT_TASK INFO: [Event_ClearLocalEventCache_ProcMsg:2285]clear local event list device id 12000103c0537c93 router 1
09-20 07:07:50(523986017993) cos ERR: [Cand_DirRmv:304]rmdir pucDirName:/storage/emulated/0/Android/data/com.huiyun.care.viewerpro.googleplay/files/Care/event/12000103c0537c93/2025-11-04/local errno 2
09-20 07:07:50(523986017993) DP_MNG INFO: [DiskSpace_ClearDayEventCache:201]dir /storage/emulated/0/Android/data/com.huiyun.care.viewerpro.googleplay/files/Care/event/12000103c0537c93/2025-11-04 removed
09-20 07:07:50(7881) EVENT_TASK INFO: [Event_ClearEventMemCache:2506]start clear Date [2025-11-05] event cache
09-20 07:07:50(523986017993) cos ERR: [Cand_DirRmv:304]rmdir pucDirName:/storage/emulated/0/Android/data/com.huiyun.care.viewerpro.googleplay/files/Care/event/12000103c0537c93/2025-11-05/local errno 2
09-20 07:07:50(523986017993) DP_MNG INFO: [DiskSpace_ClearDayEventCache:201]dir /storage/emulated/0/Android/data/com.huiyun.care.viewerpro.googleplay/files/Care/event/12000103c0537c93/2025-11-05 removed
09-20 07:07:50(7881) EVENT_TASK INFO: [Event_ClearEventMemCache:2506]start clear Date [2025-11-06] event cache
09-20 07:07:50(523986017993) cos ERR: [Cand_DirRmv:304]rmdir pucDirName:/storage/emulated/0/Android/data/com.huiyun.care.viewerpro.googleplay/files/Care/event/12000103c0537c93/2025-11-06/local errno 2
09-20 07:07:50(523986017993) DP_MNG INFO: [DiskSpace_ClearDayEventCache:201]dir /storage/emulated/0/Android/data/com.huiyun.care.viewerpro.googleplay/files/Care/event/12000103c0537c93/2025-11-06 removed
09-20 07:07:50(7881) EVENT_TASK INFO: [Event_ClearEventMemCache:2506]start clear Date [2025-11-09] event cache
09-20 07:07:50(523986017993) cos ERR: [Cand_DirRmv:304]rmdir pucDirName:/storage/emulated/0/Android/data/com.huiyun.care.viewerpro.googleplay/files/Care/event/12000103c0537c93/2025-11-09/local errno 2
09-20 07:07:50(523986017993) DP_MNG INFO: [DiskSpace_ClearDayEventCache:201]dir /storage/emulated/0/Android/data/com.huiyun.care.viewerpro.googleplay/files/Care/event/12000103c0537c93/2025-11-09 removed
09-20 07:07:50(7881) EVENT_TASK INFO: [Event_ClearEventMemCache:2506]start clear Date [2025-11-08] event cache
09-20 07:07:50(523986017993) cos ERR: [Cand_DirRmv:304]rmdir pucDirName:/storage/emulated/0/Android/data/com.huiyun.care.viewerpro.googleplay/files/Care/event/12000103c0537c93/2025-11-08/local errno 2
09-20 07:07:50(523986017993) DP_MNG INFO: [DiskSpace_ClearDayEventCache:201]dir /storage/emulated/0/Android/data/com.huiyun.care.viewerpro.googleplay/files/Care/event/12000103c0537c93/2025-11-08 removed
09-20 07:07:50(7881) EVENT_TASK INFO: [Event_ClearEventMemCache:2506]start clear Date [2025-11-19] event cache
09-20 07:07:50(523986017993) cos ERR: [Cand_DirRmv:304]rmdir pucDirName:/storage/emulated/0/Android/data/com.huiyun.care.viewerpro.googleplay/files/Care/event/12000103c0537c93/2025-11-19/local errno 2
09-20 07:07:50(523986017993) DP_MNG INFO: [DiskSpace_ClearDayEventCache:201]dir /storage/emulated/0/Android/data/com.huiyun.care.viewerpro.googleplay/files/Care/event/12000103c0537c93/2025-11-19 removed
09-20 07:07:50(523986017993) EVENT_TASK INFO: [Event_ClearEventMemCache:2506]start clear Date [2025-11-24] event cache
09-20 07:07:50(523986017993) cos ERR: [Cand_DirRmv:304]rmdir pucDirName:/storage/emulated/0/Android/data/com.huiyun.care.viewerpro.googleplay/files/Care/event/12000103c0537c93/2025-11-24/local errno 2
09-20 07:07:50(523986017993) DP_MNG INFO: [DiskSpace_ClearDayEventCache:201]dir /storage/emulated/0/Android/data/com.huiyun.care.viewerpro.googleplay/files/Care/event/12000103c0537c93/2025-11-24 removed
09-20 07:07:50(7881) EVENT_TASK INFO: [Event_ClearEventMemCache:2506]start clear Date [2025-11-27] event cache
09-20 07:07:50(523986017993) cos ERR: [Cand_DirRmv:304]rmdir pucDirName:/storage/emulated/0/Android/data/com.huiyun.care.viewerpro.googleplay/files/Care/event/12000103c0537c93/2025-11-27/local errno 2
09-20 07:07:50(523986017993) DP_MNG INFO: [DiskSpace_ClearDayEventCache:201]dir /storage/emulated/0/Android/data/com.huiyun.care.viewerpro.googleplay/files/Care/event/12000103c0537c93/2025-11-27 removed
09-20 07:07:50(7881) EVENT_TASK INFO: [Event_ClearEventMemCache:2506]start clear Date [2026-05-03] event cache
09-20 07:07:50(523986017993) cos ERR: [Cand_DirRmv:304]rmdir pucDirName:/storage/emulated/0/Android/data/com.huiyun.care.viewerpro.googleplay/files/Care/event/12000103c0537c93/2026-05-03/local errno 2
09-20 07:07:50(12970367450813046473) DP_MNG INFO: [DiskSpace_ClearDayCache:152]dir /storage/emulated/0/Android/data/com.huiyun.care.viewerpro.googleplay/files/Care/record/12000103c0537c93/2025-11-03 removed
09-20 07:07:50(523986017993) cos ERR: [Cand_DirRmv:304]rmdir pucDirName:/storage/emulated/0/Android/data/com.huiyun.care.viewerpro.googleplay/files/Care/record/12000103c0537c93/2025-11-03/0 errno 2
09-20 07:07:50(12970367450813046473) DP_MNG INFO: [DiskSpace_ClearDayCache:152]dir /storage/emulated/0/Android/data/com.huiyun.care.viewerpro.googleplay/files/Care/record/12000103c0537c93/2025-11-04 removed
09-20 07:07:50(523986017993) cos ERR: [Cand_DirRmv:304]rmdir pucDirName:/storage/emulated/0/Android/data/com.huiyun.care.viewerpro.googleplay/files/Care/record/12000103c0537c93/2025-11-04/0 errno 2
09-20 07:07:50(12970367450813046473) DP_MNG INFO: [DiskSpace_ClearDayCache:152]dir /storage/emulated/0/Android/data/com.huiyun.care.viewerpro.googleplay/files/Care/record/12000103c0537c93/2025-11-05 removed
09-20 07:07:50(523986017993) cos ERR: [Cand_DirRmv:304]rmdir pucDirName:/storage/emulated/0/Android/data/com.huiyun.care.viewerpro.googleplay/files/Care/record/12000103c0537c93/2025-11-05/0 errno 2
09-20 07:07:50(12970367450813046473) DP_MNG INFO: [DiskSpace_ClearDayCache:152]dir /storage/emulated/0/Android/data/com.huiyun.care.viewerpro.googleplay/files/Care/record/12000103c0537c93/2025-11-06 removed
09-20 07:07:50(523986017993) cos ERR: [Cand_DirRmv:304]rmdir pucDirName:/storage/emulated/0/Android/data/com.huiyun.care.viewerpro.googleplay/files/Care/record/12000103c0537c93/2025-11-06/0 errno 2
09-20 07:07:50(12970367450813046473) DP_MNG INFO: [DiskSpace_ClearDayCache:152]dir /storage/emulated/0/Android/data/com.huiyun.care.viewerpro.googleplay/files/Care/record/12000103c0537c93/2025-11-09 removed
09-20 07:07:50(523986017993) cos ERR: [Cand_DirRmv:304]rmdir pucDirName:/storage/emulated/0/Android/data/com.huiyun.care.viewerpro.googleplay/files/Care/record/12000103c0537c93/2025-11-09/0 errno 2
09-20 07:07:50(12970367450813046473) DP_MNG INFO: [DiskSpace_ClearDayCache:152]dir /storage/emulated/0/Android/data/com.huiyun.care.viewerpro.googleplay/files/Care/record/12000103c0537c93/2025-11-08 removed
09-20 07:07:50(523986017993) cos ERR: [Cand_DirRmv:304]rmdir pucDirName:/storage/emulated/0/Android/data/com.huiyun.care.viewerpro.googleplay/files/Care/record/12000103c0537c93/2025-11-08/0 errno 2
09-20 07:07:50(12970367450813046473) DP_MNG INFO: [DiskSpace_ClearDayCache:152]dir /storage/emulated/0/Android/data/com.huiyun.care.viewerpro.googleplay/files/Care/record/12000103c0537c93/2025-11-19 removed
09-20 07:07:50(523986017993) cos ERR: [Cand_DirRmv:304]rmdir pucDirName:/storage/emulated/0/Android/data/com.huiyun.care.viewerpro.googleplay/files/Care/record/12000103c0537c93/2025-11-19/0 errno 2
09-20 07:07:50(12970367450813046473) DP_MNG INFO: [DiskSpace_ClearDayCache:152]dir /storage/emulated/0/Android/data/com.huiyun.care.viewerpro.googleplay/files/Care/record/12000103c0537c93/2025-11-24 removed
09-20 07:07:50(523986017993) cos ERR: [Cand_DirRmv:304]rmdir pucDirName:/storage/emulated/0/Android/data/com.huiyun.care.viewerpro.googleplay/files/Care/record/12000103c0537c93/2025-11-24/0 errno 2
09-20 07:07:50(523986017993) cos ERR: [Cand_DirOpen:233]opendir pucDirName:/storage/emulated/0/Android/data/com.huiyun.care.viewerpro.googleplay/files/Care/timesicon
09-20 07:07:50(523986017993) DP_MNG ERR: [DiskSpace_ClearSubDirCahce:237]dir /storage/emulated/0/Android/data/com.huiyun.care.viewerpro.googleplay/files/Care/timesicon open fail errno 2 
09-20 07:07:50(12970367450813046473) DP_MNG INFO: [DiskSpace_ClearDayCache:152]dir /storage/emulated/0/Android/data/com.huiyun.care.viewerpro.googleplay/files/Care/picture/12000103c0537c93/2025-11-03 removed
09-20 07:07:50(523986017993) cos ERR: [Cand_DirRmv:304]rmdir pucDirName:/storage/emulated/0/Android/data/com.huiyun.care.viewerpro.googleplay/files/Care/picture/12000103c0537c93/2025-11-03/0 errno 2
09-20 07:07:50(12970367450813046473) DP_MNG INFO: [DiskSpace_ClearDayCache:152]dir /storage/emulated/0/Android/data/com.huiyun.care.viewerpro.googleplay/files/Care/picture/12000103c0537c93/2025-11-04 removed
09-20 07:07:50(523986017993) cos ERR: [Cand_DirRmv:304]rmdir pucDirName:/storage/emulated/0/Android/data/com.huiyun.care.viewerpro.googleplay/files/Care/picture/12000103c0537c93/2025-11-04/0 errno 2
09-20 07:07:50(12970367450813046473) DP_MNG INFO: [DiskSpace_ClearDayCache:152]dir /storage/emulated/0/Android/data/com.huiyun.care.viewerpro.googleplay/files/Care/picture/12000103c0537c93/2025-11-05 removed
09-20 07:07:50(523986017993) cos ERR: [Cand_DirRmv:304]rmdir pucDirName:/storage/emulated/0/Android/data/com.huiyun.care.viewerpro.googleplay/files/Care/picture/12000103c0537c93/2025-11-05/0 errno 2
09-20 07:07:50(12970367450813046473) DP_MNG INFO: [DiskSpace_ClearDayCache:152]dir /storage/emulated/0/Android/data/com.huiyun.care.viewerpro.googleplay/files/Care/picture/12000103c0537c93/2025-11-06 removed
09-20 07:07:50(523986017993) cos ERR: [Cand_DirRmv:304]rmdir pucDirName:/storage/emulated/0/Android/data/com.huiyun.care.viewerpro.googleplay/files/Care/picture/12000103c0537c93/2025-11-06/0 errno 2
09-20 07:07:50(12970367450813046473) DP_MNG INFO: [DiskSpace_ClearDayCache:152]dir /storage/emulated/0/Android/data/com.huiyun.care.viewerpro.googleplay/files/Care/picture/12000103c0537c93/2025-11-09 removed
09-20 07:07:50(523986017993) cos ERR: [Cand_DirRmv:304]rmdir pucDirName:/storage/emulated/0/Android/data/com.huiyun.care.viewerpro.googleplay/files/Care/picture/12000103c0537c93/2025-11-09/0 errno 2
09-20 07:07:50(12970367450813046473) DP_MNG INFO: [DiskSpace_ClearDayCache:152]dir /storage/emulated/0/Android/data/com.huiyun.care.viewerpro.googleplay/files/Care/picture/12000103c0537c93/2025-11-08 removed
09-20 07:07:50(523986017993) cos ERR: [Cand_DirRmv:304]rmdir pucDirName:/storage/emulated/0/Android/data/com.huiyun.care.viewerpro.googleplay/files/Care/picture/12000103c0537c93/2025-11-08/0 errno 2
09-20 07:08:05(12970367459402975527) PID_SA INFO: [Java_com_chinatelecom_smarthome_viewer_business_impl_NativeClient_writeLogToFile:118]BaseActivity: onPause==//activity is RecordVideoSettingActivity
09-20 07:08:05(545460848935) PID_SA INFO: [Java_com_chinatelecom_smarthome_viewer_business_impl_NativeClient_writeLogToFile:118]BaseActivity: onPause==mIsShowAd:false//activity is RecordVideoSettingActivity
09-20 07:08:05(2343) PID_SA INFO: [Java_com_chinatelecom_smarthome_viewer_business_impl_NativeClient_writeLogToFile:118]BaseActivity: onSaveInstanceState==mIsShowAd:false//activity is RecordVideoSettingActivity
09-20 07:08:06(2343) PID_SA INFO: [Java_com_chinatelecom_smarthome_viewer_business_impl_NativeClient_writeLogToFile:118]I/: UsrToken:1600010140c3ad111p3g5jmo63upuvo5
09-20 07:08:06(2343) PID_SA INFO: [Java_com_chinatelecom_smarthome_viewer_business_impl_NativeClient_setBackgroundToFront:88]setBackgroundToFront 0
09-20 07:08:06(2343) PID_SA INFO: [Java_com_chinatelecom_smarthome_viewer_business_impl_NativeClient_writeLogToFile:118]I/HmLaunch: ========== 应用切换到后台 ==========
09-20 07:08:06(545460848935) PID_SA INFO: [Java_com_chinatelecom_smarthome_viewer_business_impl_NativeClient_writeLogToFile:118]I/HmLaunch: HmLifecycleObserver onStop:activity:class androidx.lifecycle.LifecycleRegistry,version:2009370
09-20 07:08:06(2343) PID_SA INFO: [Java_com_chinatelecom_smarthome_viewer_business_impl_NativeClient_writeLogToFile:118]I/HmLaunch: ========== 应用切换到后台 ==========
09-20 07:08:06(4294975171) cos INFO: [Cos_SocketClose:390]socket<382> closed
09-20 07:08:06(4294975171) PID_SA INFO: [FUN_SERVER_STATUS:2600]FUN_SERVER_STATUS enServerStatus:0, iErr:0
09-20 07:08:06(528280979751) PID_SA INFO: [Java_com_chinatelecom_smarthome_viewer_business_impl_NativeClient_writeLogToFile:118]BaseActivity: onDestroy==mIsShowAd:false//activity is RecordVideoSettingActivity
09-20 07:08:06(528280979751) PID_SA INFO: [Java_com_chinatelecom_smarthome_viewer_business_impl_NativeClient_writeLogToFile:118]BaseActivity: onDestroy==mIsShowAd:false//activity is NewDeviceSettingActivity
09-20 07:08:07(2343) PID_CBST_AUDIOCTL INFO: [Cbst_AudioCtl_Destroy:65]Destroy
09-20 07:08:07(545460848935) PID_CBST_AUDIOCTL INFO: [Cbst_AudioCtl_Destroy:74]CBST_AUDIOCTL Destroy OK 0xed6b4798
09-20 07:08:07(528280979751) PID_SA INFO: [Java_com_chinatelecom_smarthome_viewer_business_impl_NativeClient_writeLogToFile:118]BaseActivity: onDestroy==mIsShowAd:false//activity is LiveVideoActivity
09-20 07:08:07(12970367459402975527) PID_CBST_AUDIOCTL ERR: [Cbst_AudioCtl_Stop:163]CBST_AUDIOCTL Not Init Magic:0 Init:0
09-20 07:08:07(515396077863) PID_SA INFO: [Java_com_chinatelecom_smarthome_viewer_business_impl_NativeClient_writeLogToFile:118]I/Internal: onServerStatusChange/////uToken:1600010140c3ad111p3g5jmo63upuvo5//serverStatus:0//errorCode:0
09-20 07:08:07(2343) PID_SA INFO: [Java_com_chinatelecom_smarthome_viewer_business_impl_NativeClient_writeLogToFile:118]I/y0: onSelfAuthStateChange serverStatus:0,hmError:0
09-20 07:08:07(2343) PID_SA INFO: [Java_com_chinatelecom_smarthome_viewer_business_impl_NativeClient_writeLogToFile:118]BaseActivity: onRestart==mIsShowAd:false//activity is CareMainActivity
09-20 07:08:07(532575947047) PID_SA INFO: [Java_com_chinatelecom_smarthome_viewer_business_impl_NativeClient_writeLogToFile:118]I/PackageViewModel: play ON_START code: -10000,payRetainType:0,isWeChatPaying:false
09-20 07:08:07(545460848935) PID_SA INFO: [Java_com_chinatelecom_smarthome_viewer_business_impl_NativeClient_writeLogToFile:118]E/LowPowerHeart: Heartbeat resumeDeviceHeart duration:0,interval:3000,canHeartExt:true
09-20 07:08:07(2343) PID_SA INFO: [Java_com_chinatelecom_smarthome_viewer_business_impl_NativeClient_setBackgroundToFront:88]setBackgroundToFront 1
09-20 07:08:07(523986017987) PID_SA INFO: [FUN_SERVER_STATUS:2600]FUN_SERVER_STATUS enServerStatus:1, iErr:0
09-20 07:08:07(12970367459402981059) cos INFO: [Cos_SocketOpen:377]socket<219> open ok
09-20 07:08:07(545460848935) PID_SA INFO: [Java_com_chinatelecom_smarthome_viewer_business_impl_NativeClient_writeLogToFile:118]I/BaseActivity: onResume==mIsShowAd:false//activity is CareMainActivity
09-20 07:08:07(2343) PID_SA INFO: [Java_com_chinatelecom_smarthome_viewer_business_impl_NativeUser_getOwnerVCardInfo:354]uiMarried:0,  uiSex:0, aucMobile:, aucEmail:, aucAddress:,aucBirthday:, aucCity:, aucCountry:GB,aucVMid:, aucNickName:, aucProvice:,aucPhotoProfile:,aucRegPeriod:,
09-20 07:08:07(12970367455108013763) TRAS_TASK INFO: [TrasLink_Connect:245]Link Connect Addr:43.133.96.204:19336,ConnFlag:1
09-20 07:08:07(2343) PID_SA INFO: [Java_com_chinatelecom_smarthome_viewer_business_impl_NativeClient_writeLogToFile:118]I/DeviceList: dispatchAction:RequestMarketAd
09-20 07:08:07(17827451128686577959) PID_SA INFO: [Java_com_chinatelecom_smarthome_viewer_business_impl_NativeClient_writeLogToFile:118]AdList: AdvertisingRequst(id=, adcode=Android_en_sale_window, width=1080, height=2400, appver=2.9.37, appid=1593592778513070, companyid=0000213ed0cdb8bc, countryCode=GB, platform=2, lang=2, uid=1600010140c3ad11)
09-20 07:08:07(545460848935) ZJ_TASK INFO: [ZJ_UsrGetDevPackages:2678]ogct 102 get owner charge package iRet -1
09-20 07:08:07(2343) PID_SA INFO: [Java_com_chinatelecom_smarthome_viewer_business_impl_NativeClient_writeLogToFile:118]I/PackageViewModel: play ON_RESUME code: -10000,payRetainType:0
09-20 07:08:07(2343) PID_SA INFO: [Java_com_chinatelecom_smarthome_viewer_business_impl_NativeClient_writeLogToFile:118]I/PaymentManager: payResultCode:-10000, orderInfo is null:true, isAlipaySubscriptionPaying:false
09-20 07:08:07(536870919740) PID_SA INFO: [Java_com_chinatelecom_smarthome_viewer_business_impl_NativeClient_writeLogToFile:118]I/DeviceBean: getDeviceName:GateCameras
09-20 07:08:07(536870914343) PID_SA INFO: [Java_com_chinatelecom_smarthome_viewer_business_impl_NativeClient_writeLogToFile:118]BaseActivity: onPause==//activity is CareMainActivity
09-20 07:08:07(536870914343) PID_SA INFO: [Java_com_chinatelecom_smarthome_viewer_business_impl_NativeClient_writeLogToFile:118]BaseActivity: onPause==mIsShowAd:false//activity is CareMainActivity
09-20 07:08:07(28429402144514201) PID_SA INFO: [Java_com_chinatelecom_smarthome_viewer_business_impl_NativeClient_writeLogToFile:118]I/CurlLogger: cURL -X POST -H "Content-Type: application/json; charset=UTF-8"  -d '{"adcode":"Android_en_sale_window","appid":"1593592778513070","appver":"2.9.37","companyid":"0000213ed0cdb8bc","countryCode":"GB","height":"2400","id":"","lang":"2","platform":"2","uid":"1600010140c3ad11","width":"1080"}' "https://exsvr.smartcloudcon.com/carewebin/store/getadlist/v2" -L
09-20 07:08:07(2343) PID_SA INFO: [Java_com_chinatelecom_smarthome_viewer_business_impl_NativeClient_writeLogToFile:118]BaseActivity: onSaveInstanceState==mIsShowAd:false//activity is CareMainActivity
09-20 07:08:07(7875) TRAS_TASK INFO: [TrasBase_ProcBaseSock:670]Link Connect Addr:43.133.96.204:19336,ConnectFlag is: 2
09-20 07:08:07(4294975171) PID_SA INFO: [FUN_SERVER_STATUS:2600]FUN_SERVER_STATUS enServerStatus:2, iErr:0
09-20 07:08:07(515396077863) PID_SA INFO: [Java_com_chinatelecom_smarthome_viewer_business_impl_NativeClient_writeLogToFile:118]I/Internal: onServerStatusChange/////uToken:1600010140c3ad111p3g5jmo63upuvo5//serverStatus:1//errorCode:0
09-20 07:08:07(2343) PID_SA INFO: [Java_com_chinatelecom_smarthome_viewer_business_impl_NativeClient_writeLogToFile:118]I/y0: onSelfAuthStateChange serverStatus:1,hmError:0
09-20 07:08:07(515396077863) PID_SA INFO: [Java_com_chinatelecom_smarthome_viewer_business_impl_NativeClient_writeLogToFile:118]I/Internal: onServerStatusChange/////uToken:1600010140c3ad111p3g5jmo63upuvo5//serverStatus:2//errorCode:0
09-20 07:08:07(2343) PID_SA INFO: [Java_com_chinatelecom_smarthome_viewer_business_impl_NativeClient_writeLogToFile:118]I/y0: onSelfAuthStateChange serverStatus:2,hmError:0
09-20 07:08:07(12970367450813046467) TRAS_TASK INFO: [TrasLink_AuthUserToken:188]ogct 103 send login requst body {"METHOD":"4116","SEQID":"103","BODY":{"UserToken":"1600010140c3ad111p3g5jmo63upuvo5","SDKVersion":"51713056","WebDomainAbilty":"1","TestFlag":"1"}} iRet 0 
09-20 07:08:07(7875) PID_SA INFO: [FUN_SERVER_STATUS:2600]FUN_SERVER_STATUS enServerStatus:4, iErr:0
09-20 07:08:07(523986017987) TRAS_TASK INFO: [TrasLink_ProcAuthTokenRsp:292]ogct 103 recv auth rsp code 0 
09-20 07:08:07(515396077863) PID_SA INFO: [Java_com_chinatelecom_smarthome_viewer_business_impl_NativeClient_writeLogToFile:118]I/Internal: onServerStatusChange/////uToken:1600010140c3ad111p3g5jmo63upuvo5//serverStatus:4//errorCode:0
09-20 07:08:07(12970367455108008231) PID_SA INFO: [Java_com_chinatelecom_smarthome_viewer_business_impl_NativeClient_writeLogToFile:118]I/y0: onSelfAuthStateChange serverStatus:4,hmError:0
09-20 07:08:07(2343) ZJ_TASK INFO: [ZJ_GetPaasPlatAccessToken:3766]ogct 104 get paasplat token iRet 0
09-20 07:08:07(536870914343) PID_SA INFO: [Java_com_chinatelecom_smarthome_viewer_business_impl_NativeClient_writeLogToFile:118]onInitPushSuccess: regid = eTaw3UHwT7yXDsUUjIDjw_:APA91bGOPrHHfPX6BI8lyu8Xuh2S_tcCJ1X6J2fTnbEulnllK4sV-ag66RoIN9ctFMucYPCZ7nWJDLxUD71DTrCmEUFuwrP9Ejga3KAQWdqdxzB2QJfr-f8
09-20 07:08:07(2343) ZJ_TASK INFO: [ZJ_SetPushToken:1024]ogct 105 set pushtoken eTaw3UHwT7yXDsUUjIDjw_:APA91bGOPrHHfPX6BI8lyu8Xuh2S_tcCJ1X6J2fTnbEulnllK4sV-ag66RoIN9ctFMucYPCZ7nWJDLxUD71DTrCmEUFuwrP9Ejga3KAQWdqdxzB2QJfr-f8 iRet 0
09-20 07:08:07(12970367459402981059) ZJ_TASK INFO: [ZJ_RecvGetPaasTokenRsp:3750]ogct 104 recv rsp code 0
09-20 07:08:07(7875) PID_SA INFO: [FUN_DEVICE_COMMON_RSP:1216]FUN_DEVICE_COMMON_RSP uiReqId:105, iErr:0
09-20 07:08:07(523986017987) ZJ_TASK INFO: [ZJ_UserProcSetPushTokenRsp:1001]ogct 105 recv rsp code 0 
09-20 07:08:07(506806143271) PID_SA INFO: [Java_com_chinatelecom_smarthome_viewer_business_impl_NativeClient_writeLogToFile:118]I/Internal: onGetPaasPlatToken accessTokenut6AAF38FF-00000003-00G001-l4lgq/expireSeconds:86399//strPaasAddr:https://gm-ap.smartcloudcon.com
09-20 07:08:07(2343) PID_SA INFO: [Java_com_chinatelecom_smarthome_viewer_business_impl_NativeClient_writeLogToFile:118]I/HmSdkHelper: onServerStatusChange onTokenReturn accessToken:ut6AAF38FF-00000003-00G001-l4lgq
09-20 07:08:07(12970367459402975527) PID_SA INFO: [Java_com_chinatelecom_smarthome_viewer_business_impl_NativeClient_writeLogToFile:118]I/HmSdkHelper: onServerStatusChange onTokenReturn pTokenJson:{"accessToken":"ut6AAF38FF-00000003-00G001-l4lgq","createTime":1789868287789,"expireSeconds":86399,"passAddress":"https://gm-ap.smartcloudcon.com"}
09-20 07:08:08(2343) PID_SA INFO: [Java_com_chinatelecom_smarthome_viewer_business_impl_NativeClient_setBackgroundToFront:88]setBackgroundToFront 0
09-20 07:08:08(2343) PID_SA INFO: [Java_com_chinatelecom_smarthome_viewer_business_impl_NativeClient_writeLogToFile:118]I/HmLaunch: ========== 应用切换到后台 ==========
09-20 07:08:08(545460848935) PID_SA INFO: [Java_com_chinatelecom_smarthome_viewer_business_impl_NativeClient_writeLogToFile:118]I/HmLaunch: HmLifecycleObserver onStop:activity:class androidx.lifecycle.LifecycleRegistry,version:2009370
09-20 07:08:08(2343) PID_SA INFO: [Java_com_chinatelecom_smarthome_viewer_business_impl_NativeClient_writeLogToFile:118]I/HmLaunch: ========== 应用切换到后台 ==========
09-20 07:08:08(4294975171) cos INFO: [Cos_SocketClose:390]socket<219> closed
09-20 07:08:08(4294975171) PID_SA INFO: [FUN_SERVER_STATUS:2600]FUN_SERVER_STATUS enServerStatus:0, iErr:0
09-20 07:08:08(515396077863) PID_SA INFO: [Java_com_chinatelecom_smarthome_viewer_business_impl_NativeClient_writeLogToFile:118]I/Internal: onServerStatusChange/////uToken:1600010140c3ad111p3g5jmo63upuvo5//serverStatus:0//errorCode:0
09-20 07:08:08(2343) PID_SA INFO: [Java_com_chinatelecom_smarthome_viewer_business_impl_NativeClient_writeLogToFile:118]I/y0: onSelfAuthStateChange serverStatus:0,hmError:0
09-20 07:08:08(18446744069414586663) ZJ_TASK INFO: [ZJ_RefreshDevicesStatus:612]ogct 106 refresh all devices status iRet -1
09-20 07:08:08(2343) PID_SA INFO: [Java_com_chinatelecom_smarthome_viewer_business_impl_NativeClient_writeLogToFile:118]I/DeviceList: dispatchAction:RequestAllAd
09-20 07:08:08(17827451128686577959) PID_SA INFO: [Java_com_chinatelecom_smarthome_viewer_business_impl_NativeClient_writeLogToFile:118]AdList: AdvertisingRequst(id=, adcode=pro_Android_en_list_banner, width=1080, height=2400, appver=2.9.37, appid=1593592778513070, companyid=0000213ed0cdb8bc, countryCode=GB, platform=2, lang=2, uid=1600010140c3ad11)
09-20 07:08:08(545460848935) PID_SA INFO: [Java_com_chinatelecom_smarthome_viewer_business_impl_NativeClient_writeLogToFile:118]I/HmAdManager: getCachedAdListData from memory, size=4
09-20 07:08:08(2343) PID_SA INFO: [Java_com_chinatelecom_smarthome_viewer_business_impl_NativeClient_writeLogToFile:118]I/HmAdManager: getAdDataByStrategy: adPositionKey=pro_Android_en_Native1 lastCountDate:2026-09-20,now:1789868288117,today:2026-09-20,displayMaxTimes:0
09-20 07:08:08(2343) PID_SA INFO: [Java_com_chinatelecom_smarthome_viewer_business_impl_NativeClient_writeLogToFile:118]I/HmAdManager: currentAdType: 3
09-20 07:08:08(528280979751) PID_SA INFO: [Java_com_chinatelecom_smarthome_viewer_business_impl_NativeClient_writeLogToFile:118]I/HmAdManager: lastShowTime: 0
09-20 07:08:08(28429402144513793) PID_SA INFO: [Java_com_chinatelecom_smarthome_viewer_business_impl_NativeClient_writeLogToFile:118]I/CurlLogger: cURL -X POST -H "Content-Type: application/json; charset=UTF-8"  -d '{"adcode":"pro_Android_en_list_banner","appid":"1593592778513070","appver":"2.9.37","companyid":"0000213ed0cdb8bc","countryCode":"GB","height":"2400","id":"","lang":"2","platform":"2","uid":"1600010140c3ad11","width":"1080"}' "https://exsvr.smartcloudcon.com/carewebin/store/getadlist/v2" -L
09-20 07:08:08(536870914343) PID_SA INFO: [Java_com_chinatelecom_smarthome_viewer_business_impl_NativeClient_writeLogToFile:118]I/HmAdManager: loadHomeBannerAD==isAdBuyNoShowad:false,Model:ImageTitleBean{imageUrl='null', title='null', imageId=0, clickUrl='null', adsource='applovin', adsourcecode='eb1b86e5d9feb53e', skip=0, skip_type=0, click=0, show_time_length=5, adcode='pro_Android_en_Native1', isDowload=false, jumpType='null', adtype=1, req_ad_timeout=0, strategy_type=-1, rule_conf=null, after_click_action=null, rule_update_times=0, showPrice='null', price='null', unit='null', currency_symbol='null', adId='null', page_name='null'}
09-20 07:08:08(536870914343) PID_SA INFO: [Java_com_chinatelecom_smarthome_viewer_business_impl_NativeClient_writeLogToFile:118]I/HmAdManager: loadHomeBannerAD==adModel:ImageTitleBean{imageUrl='null', title='null', imageId=0, clickUrl='null', adsource='applovin', adsourcecode='eb1b86e5d9feb53e', skip=0, skip_type=0, click=0, show_time_length=5, adcode='pro_Android_en_Native1', isDowload=false, jumpType='null', adtype=1, req_ad_timeout=0, strategy_type=-1, rule_conf=null, after_click_action=null, rule_update_times=0, showPrice='null', price='null', unit='null', currency_symbol='null', adId='null', page_name='null'}
09-20 07:08:08(17827451128686577959) PID_SA INFO: [Java_com_chinatelecom_smarthome_viewer_business_impl_NativeClient_writeLogToFile:118]AdList: AdvertisingRequst(id=, adcode=pro_Android_en_right_sidebar, width=1080, height=2400, appver=2.9.37, appid=1593592778513070, companyid=0000213ed0cdb8bc, countryCode=GB, platform=2, lang=2, uid=1600010140c3ad11)
09-20 07:08:08(2343) PID_SA INFO: [Java_com_chinatelecom_smarthome_viewer_business_impl_NativeClient_writeLogToFile:118]I/DeviceList: dispatchAction:com.huiyun.care.viewer.main.deviceList.a$b@44532de
09-20 07:08:08(28429402144514189) PID_SA INFO: [Java_com_chinatelecom_smarthome_viewer_business_impl_NativeClient_writeLogToFile:118]I/CurlLogger: cURL -X POST -H "Content-Type: application/json; charset=UTF-8"  -d '{"adcode":"pro_Android_en_right_sidebar","appid":"1593592778513070","appver":"2.9.37","companyid":"0000213ed0cdb8bc","countryCode":"GB","height":"2400","id":"","lang":"2","platform":"2","uid":"1600010140c3ad11","width":"1080"}' "https://exsvr.smartcloudcon.com/carewebin/store/getadlist/v2" -L
09-20 07:08:09(16325694678114457) PID_SA INFO: [Java_com_chinatelecom_smarthome_viewer_business_impl_NativeClient_writeLogToFile:118]I/CurlLogger: response:{"code":"1000","data":{"ext":{"buyed":"1","noThirdAd":0,"reg":"2024-04-09 16:36:37","useCache":0},"list":[]},"desc":"Success"}
09-20 07:08:09(17827451128686583961) PID_SA INFO: [Java_com_chinatelecom_smarthome_viewer_business_impl_NativeClient_writeLogToFile:118]AdList: AdvertisingResp(code=1000, data=DataBean(list=[]), desc=Success)
09-20 07:08:09(7937) PID_SA INFO: [Java_com_chinatelecom_smarthome_viewer_business_impl_NativeClient_writeLogToFile:118]I/CurlLogger: response:{"code":"1000","data":{"ext":{"buyed":"1","noThirdAd":0,"reg":"2024-04-09 16:36:37","useCache":1},"list":[{"ad_id":"B00378","ad_space_height":"","ad_space_size":1,"ad_space_width":"","adcode":"pro_Android_en_list_banner","adsource":"zzy","adsourcecode":"","adtype":2,"after_click_action":"{\"body\": {\"pkg_id\": \"\", \"group_id\": \"\", \"group_code\": \"\", \"is_user_no_pay\": \"\"}, \"type\": 1}","click":1,"click_url":"","id":"378","imglist":[{"height":375,"img_url":"https://hmstatic-1311597033.cos.ap-nanjing.myqcloud.com/media/ads/1733283688209760000/en banner.png","jumpType":"0","jump_url":"https://exwebsvr.smartcloudcon.com/careProcloud/#/packages-new","lang":1,"resolution":"1080x375","width":1080},{"height":375,"img_url":"https://hmstatic-1311597033.cos.ap-nanjing.myqcloud.com/media/ads/1750666446275539862/banner en.png","jumpType":"0","jump_url":"https://exwebsvr.smartcloudcon.com/careProcloud/#/intelligentAlarm","lang":1,"resolution":"1080x375","width":1080}],"name":"日常","no_display_ad_people
09-20 07:08:09(7165641991181573889) PID_SA INFO: [Java_com_chinatelecom_smarthome_viewer_business_impl_NativeClient_writeLogToFile:118]I/CurlLogger: ":0,"no_display_user_reg_days":0,"page_name":"","rate_times":"0-23","rate_week":"1,2,3,4,5,6,7","reg_gt_date":"","req_ad_timeout":5,"rule_conf":"{\"pop_type\": 1, \"pop_value\": \"\"}","rule_update_times":2609200,"show_time_end":"","show_time_length":5,"show_time_start":"2026-06-18","show_time_type":1,"skip":1,"skip_type":0,"strategy_type":0}]},"desc":"Success"}
09-20 07:08:09(7937) PID_SA INFO: [Java_com_chinatelecom_smarthome_viewer_business_impl_NativeClient_writeLogToFile:118]AdList: AdvertisingResp(code=1000, data=DataBean(list=[ListBean(adId=B00378,adtype=2, adsource='zzy', adsourcecode='', show_time_end='', show_time_type=1, skip=1, skip_type=0, click=1, imglist=[Imglist(adId=,img_url='https://hmstatic-1311597033.cos.ap-nanjing.myqcloud.com/media/ads/1733283688209760000/en banner.png', width=1080, lang=1, resolution='1080x375', height=375, jump_url='https://exwebsvr.smartcloudcon.com/careProcloud/#/packages-new', jumpType='0', isDownload=false), Imglist(adId=,img_url='https://hmstatic-1311597033.cos.ap-nanjing.myqcloud.com/media/ads/1750666446275539862/banner en.png', width=1080, lang=1, resolution='1080x375', height=375, jump_url='https://exwebsvr.smartcloudcon.com/careProcloud/#/intelligentAlarm', jumpType='0', isDownload=false)], show_time_start='2026-06-18', show_time_length=5, rate_times='0-23', name='日常', rate_week='1,2,3,4,5,6,7', adId='378', click_url='', jumpType='', adcode='pro_Android_en_list_banner', req_ad_timeout=5, strategy_type=0, rule_conf='{"pop_type": 1, "pop_value": ""}', after_click_action='{"body": {"pkg_id": "", "group_id": "", "group_code": "", "is_user_no_pay": ""}, "type": 1}', rule_update_times=2609200,page_name=)]), desc=Success)
09-20 07:08:09(523986018049) PID_SA INFO: [Java_com_chinatelecom_smarthome_viewer_business_impl_NativeClient_writeLogToFile:118]AdList: AdvertisingResp bean:ListBean(adId=B00378,adtype=2, adsource='zzy', adsourcecode='', show_time_end='', show_time_type=1, skip=1, skip_type=0, click=1, imglist=[Imglist(adId=,img_url='https://hmstatic-1311597033.cos.ap-nanjing.myqcloud.com/media/ads/1733283688209760000/en banner.png', width=1080, lang=1, resolution='1080x375', height=375, jump_url='https://exwebsvr.smartcloudcon.com/careProcloud/#/packages-new', jumpType='0', isDownload=false), Imglist(adId=,img_url='https://hmstatic-1311597033.cos.ap-nanjing.myqcloud.com/media/ads/1750666446275539862/banner en.png', width=1080, lang=1, resolution='1080x375', height=375, jump_url='https://exwebsvr.smartcloudcon.com/careProcloud/#/intelligentAlarm', jumpType='0', isDownload=false)], show_time_start='2026-06-18', show_time_length=5, rate_times='0-23', name='日常', rate_week='1,2,3,4,5,6,7', adId='378', click_url='', jumpType='', adcode='pro_Android_en_list_banner', req_ad_timeout=5, strategy_type=0, rule_conf='{"pop_type": 1, "pop_value": ""}', after_click_action='{"body": {"pkg_id": "", "group_id": "", "group_code": "", "is_user_no_pay": ""}, "type": 1}', rule_update_times=2609200,page_name=)
09-20 07:08:09(16325694678114445) PID_SA INFO: [Java_com_chinatelecom_smarthome_viewer_business_impl_NativeClient_writeLogToFile:118]I/CurlLogger: response:{"code":"1000","data":{"ext":{"buyed":"1","noThirdAd":0,"reg":"2024-04-09 16:36:37","useCache":0},"list":[]},"desc":"Success"}
09-20 07:08:09(8333) PID_SA INFO: [Java_com_chinatelecom_smarthome_viewer_business_impl_NativeClient_writeLogToFile:118]AdList: AdvertisingResp(code=1000, data=DataBean(list=[]), desc=Success)
09-20 07:08:11(523986017987) PID_SA INFO: [FUN_SERVER_STATUS:2600]FUN_SERVER_STATUS enServerStatus:1, iErr:0
09-20 07:08:11(12970367459402981059) cos INFO: [Cos_SocketOpen:377]socket<219> open ok
09-20 07:08:11(515396077863) PID_SA INFO: [Java_com_chinatelecom_smarthome_viewer_business_impl_NativeClient_writeLogToFile:118]I/Internal: onServerStatusChange/////uToken:1600010140c3ad111p3g5jmo63upuvo5//serverStatus:1//errorCode:0
09-20 07:08:11(2343) PID_SA INFO: [Java_com_chinatelecom_smarthome_viewer_business_impl_NativeClient_writeLogToFile:118]I/y0: onSelfAuthStateChange serverStatus:1,hmError:0
09-20 07:08:11(12970367455108013763) TRAS_TASK INFO: [TrasLink_Connect:245]Link Connect Addr:43.133.96.204:19336,ConnFlag:1
09-20 07:08:11(7875) TRAS_TASK INFO: [TrasBase_ProcBaseSock:670]Link Connect Addr:43.133.96.204:19336,ConnectFlag is: 2
09-20 07:08:11(4294975171) PID_SA INFO: [FUN_SERVER_STATUS:2600]FUN_SERVER_STATUS enServerStatus:2, iErr:0
09-20 07:08:11(515396077863) PID_SA INFO: [Java_com_chinatelecom_smarthome_viewer_business_impl_NativeClient_writeLogToFile:118]I/Internal: onServerStatusChange/////uToken:1600010140c3ad111p3g5jmo63upuvo5//serverStatus:2//errorCode:0
09-20 07:08:11(2343) PID_SA INFO: [Java_com_chinatelecom_smarthome_viewer_business_impl_NativeClient_writeLogToFile:118]I/y0: onSelfAuthStateChange serverStatus:2,hmError:0
09-20 07:08:11(12970367442223111875) TRAS_TASK INFO: [TrasLink_AuthUserToken:188]ogct 107 send login requst body {"METHOD":"4116","SEQID":"107","BODY":{"UserToken":"1600010140c3ad111p3g5jmo63upuvo5","SDKVersion":"51713056","WebDomainAbilty":"1","TestFlag":"1"}} iRet 0 
09-20 07:08:11(7875) PID_SA INFO: [FUN_SERVER_STATUS:2600]FUN_SERVER_STATUS enServerStatus:4, iErr:0
09-20 07:08:11(523986017987) TRAS_TASK INFO: [TrasLink_ProcAuthTokenRsp:292]ogct 107 recv auth rsp code 0 
09-20 07:08:11(515396077863) PID_SA INFO: [Java_com_chinatelecom_smarthome_viewer_business_impl_NativeClient_writeLogToFile:118]I/Internal: onServerStatusChange/////uToken:1600010140c3ad111p3g5jmo63upuvo5//serverStatus:4//errorCode:0
09-20 07:08:11(2343) PID_SA INFO: [Java_com_chinatelecom_smarthome_viewer_business_impl_NativeClient_writeLogToFile:118]I/y0: onSelfAuthStateChange serverStatus:4,hmError:0
09-20 07:08:11(2343) ZJ_TASK INFO: [ZJ_GetPaasPlatAccessToken:3766]ogct 108 get paasplat token iRet 0
09-20 07:08:11(536870914343) PID_SA INFO: [Java_com_chinatelecom_smarthome_viewer_business_impl_NativeClient_writeLogToFile:118]I/DeviceBean: getDeviceName:GateCameras
09-20 07:08:11(536870914343) PID_SA INFO: [Java_com_chinatelecom_smarthome_viewer_business_impl_NativeClient_writeLogToFile:118]onInitPushSuccess: regid = eTaw3UHwT7yXDsUUjIDjw_:APA91bGOPrHHfPX6BI8lyu8Xuh2S_tcCJ1X6J2fTnbEulnllK4sV-ag66RoIN9ctFMucYPCZ7nWJDLxUD71DTrCmEUFuwrP9Ejga3KAQWdqdxzB2QJfr-f8
09-20 07:08:11(2343) ZJ_TASK INFO: [ZJ_SetPushToken:1024]ogct 109 set pushtoken eTaw3UHwT7yXDsUUjIDjw_:APA91bGOPrHHfPX6BI8lyu8Xuh2S_tcCJ1X6J2fTnbEulnllK4sV-ag66RoIN9ctFMucYPCZ7nWJDLxUD71DTrCmEUFuwrP9Ejga3KAQWdqdxzB2QJfr-f8 iRet 0
09-20 07:08:11(12970367459402981059) ZJ_TASK INFO: [ZJ_RecvGetPaasTokenRsp:3750]ogct 108 recv rsp code 0
09-20 07:08:11(7875) PID_SA INFO: [FUN_DEVICE_COMMON_RSP:1216]FUN_DEVICE_COMMON_RSP uiReqId:109, iErr:0
09-20 07:08:11(536870914343) PID_SA INFO: [Java_com_chinatelecom_smarthome_viewer_business_impl_NativeClient_writeLogToFile:118]I/Internal: onGetPaasPlatToken accessTokenut6AAF3903-00000003-00G001-ml7yp/expireSeconds:86399//strPaasAddr:https://gm-ap.smartcloudcon.com
09-20 07:08:11(2343) PID_SA INFO: [Java_com_chinatelecom_smarthome_viewer_business_impl_NativeClient_writeLogToFile:118]I/HmSdkHelper: onServerStatusChange onTokenReturn accessToken:ut6AAF3903-00000003-00G001-ml7yp
09-20 07:08:11(12970367459402975527) PID_SA INFO: [Java_com_chinatelecom_smarthome_viewer_business_impl_NativeClient_writeLogToFile:118]I/HmSdkHelper: onServerStatusChange onTokenReturn pTokenJson:{"accessToken":"ut6AAF3903-00000003-00G001-ml7yp","createTime":1789868291845,"expireSeconds":86399,"passAddress":"https://gm-ap.smartcloudcon.com"}
09-20 07:08:11(523986017987) ZJ_TASK INFO: [ZJ_UserProcSetPushTokenRsp:1001]ogct 109 recv rsp code 0 
09-20 07:08:12(528280985287) TRAS_TASK INFO: [TrasP2PSlot_Recv:996]rcv data err 103  buff len 4096
09-20 07:08:12(523986017991) cos INFO: [Cos_SocketClose:390]socket<155> closed
09-20 07:08:12(7879) TRAS_TASK INFO: [TrasP2PSlot_Recv:996]rcv data err 103  buff len 4096
09-20 07:08:12(7875) TRAS_TASK ERR: [TrasLink_ProcRecv:331]rcv data err 103  buff len 4096
09-20 07:08:12(523986017991) cos INFO: [Cos_SocketClose:390]socket<180> closed
09-20 07:08:12(523986017987) cos INFO: [Cos_SocketClose:390]socket<219> closed
09-20 07:08:12(523986017987) TRAS_TASK INFO: [TrasP2PSlot_ProcTcpState:352]tcpslot 0xb400007c826c1380 closed ok reset bestslot 0
09-20 07:08:12(523986017987) TRAS_TASK INFO: [TrasP2PSlot_ProcTcpState:352]tcpslot 0xb400007c826c1500 closed ok reset bestslot 1
09-20 07:08:12(523986017987) PID_SA INFO: [FUN_SERVER_STATUS:2600]FUN_SERVER_STATUS enServerStatus:0, iErr:0
09-20 07:08:12(523986017987) CFG_TASK INFO: [Cfg_SetPeerDevCanUseStatus:645]set device 12000103c0537c93 oldflag 0 group 22000101413a31a9 can use status 0
09-20 07:08:12(515396077863) PID_SA INFO: [Java_com_chinatelecom_smarthome_viewer_business_impl_NativeClient_writeLogToFile:118]I/Internal: onServerStatusChange/////uToken:1600010140c3ad111p3g5jmo63upuvo5//serverStatus:0//errorCode:0
09-20 07:08:12(2343) PID_SA INFO: [Java_com_chinatelecom_smarthome_viewer_business_impl_NativeClient_writeLogToFile:118]I/y0: onSelfAuthStateChange serverStatus:0,hmError:0
09-20 07:08:12(7875) nvr_cfg WARN: [cfg_OnPeerDeviceStatusChange:454]Ignonre 12000103c0537c93 status changed
09-20 07:08:12(523986017987) PID_SA INFO: [FUN_DEVICE_STATUS:1267]FUN_DEVICE_STATUS deviceId:12000103c0537c93, status:1
09-20 07:08:12(7875) TRAS_TASK INFO: [TrasPeer_ProcStatusCbFlag:630]device 12000103c0537c93 online status 1
09-20 07:08:12(515396077863) PID_SA INFO: [Java_com_chinatelecom_smarthome_viewer_business_impl_NativeClient_writeLogToFile:118]I/LowPowerHeart: onDeviceStateChange awakeDevice groupId:22000101413a31a9//deviceId:12000103c0537c93//status:1//StatusEnum:1//statusName:ONLINE
09-20 07:08:12(545460848935) PID_SA INFO: [Java_com_chinatelecom_smarthome_viewer_business_impl_NativeClient_writeLogToFile:118]I/y0: onDeviceStateChange groupId:22000101413a31a9,deviceId:12000103c0537c93,devicePresenceState:1   deviceType = CAMERA  awakeAbility:NOT_SUPPORT
09-20 07:08:12(523986017987) cos ERR: [Cand_SocketSend:794]send err <1>
09-20 07:08:12(536870919901) PID_SA INFO: [Java_com_chinatelecom_smarthome_viewer_business_impl_NativeClient_writeLogToFile:118]I/DeviceBean: getDeviceName:GateCameras
09-20 07:08:12(523986017987) PID_SA INFO: [FUN_SERVER_STATUS:2600]FUN_SERVER_STATUS enServerStatus:1, iErr:0
09-20 07:08:12(515396077863) PID_SA INFO: [Java_com_chinatelecom_smarthome_viewer_business_impl_NativeClient_writeLogToFile:118]I/Internal: onServerStatusChange/////uToken:1600010140c3ad111p3g5jmo63upuvo5//serverStatus:1//errorCode:0
09-20 07:08:12(2343) PID_SA INFO: [Java_com_chinatelecom_smarthome_viewer_business_impl_NativeClient_writeLogToFile:118]I/y0: onSelfAuthStateChange serverStatus:1,hmError:0
09-20 07:08:12(12970367459402981059) cos INFO: [Cos_SocketOpen:377]socket<125> open ok
09-20 07:08:12(12970367455108013763) TRAS_TASK INFO: [TrasLink_Connect:245]Link Connect Addr:43.133.96.204:19336,ConnFlag:1
09-20 07:08:12(523986017987) TRAS_TASK INFO: [TrasP2PSlot_Close:61]close the Slot 0xb400007c826c1380  flag 0 ok .
09-20 07:08:12(523986017987) TRAS_TASK INFO: [TrasP2PSlot_Close:61]close the Slot 0xb400007c826c1500  flag 0 ok .
09-20 07:08:12(2343) PID_SA INFO: [Java_com_chinatelecom_smarthome_viewer_business_impl_NativeClient_writeLogToFile:118]I/AppLovinAdManager: showAdBanner==onAdLoadFailed==code:-1000,meg:Unable to resolve host "ms.applvn.com": No address associated with hostname
09-20 07:08:12(2343) PID_SA INFO: [Java_com_chinatelecom_smarthome_viewer_business_impl_NativeClient_writeLogToFile:118]I/AppLovinAdManager: showAdBanner==onAdLoadFailed==code:-1000,meg:Unable to resolve host "ms.applvn.com": No address associated with hostname
09-20 07:08:13(2343) PID_SA INFO: [Java_com_chinatelecom_smarthome_viewer_business_impl_NativeClient_writeLogToFile:118]I/AppLovinAdManager: showAdBanner==onAdLoadFailed==code:-1000,meg:Unable to resolve host "ms.applvn.com": No address associated with hostname
09-20 07:08:14(7875) cos ERR: [Cand_SocketSend:794]send err <1>
09-20 07:08:16(7875) cos ERR: [Cand_SocketSend:794]send err <1>
09-20 07:08:18(7875) cos ERR: [Cand_SocketSend:794]send err <1>
09-20 07:08:51(17179877059) cos INFO: [Cos_SocketClose:390]socket<125> closed
09-20 07:08:51(7875) TRAS_TASK ERR: [TrasP2PSlot_ProcUdpState:499]udpslot 0xb400007c826c1200 slotType:1,Socket 302 turn timeout to close
09-20 07:08:51(7875) TRAS_TASK INFO: [TrasPeer_SendP2PStatus:516]ogct 110 send msg {"METHOD":"3388","SEQID":"110","BODY":{"P2PStatus":"1","P2PType":"8","PeerNatType":"1","LocalNatType":"1","DID":"12000103c0537c93"}} to server -1
09-20 07:08:51(7875) PID_SA INFO: [FUN_DEVICEP2PRESULT_CB:2936]FUN_DEVICEP2PRESULT_CB did:12000103c0537c93, p2pFlag:1, localNatType:1, peerNatType:1
09-20 07:08:51(523986017987) cos INFO: [Cos_SocketClose:390]socket<302> closed
09-20 07:08:51(7875) TRAS_TASK INFO: [TrasP2PSlot_ProcUdpState:529]peerId 12000103c0537c93, udpslot 0xb400007c826c1200 closed ok now udp can useflag 0
09-20 07:08:51(4294975171) TRAS_TASK INFO: [TrasPeer_ProcStatusCbFlag:673]device 12000103c0537c93 udpslot 0x0 p2p status 0, local NatType:1, ConeType:3, NetType:2
09-20 07:08:51(523986017987) TRAS_TASK INFO: [TrasP2PSlot_Close:61]close the Slot 0xb400007c826c1200  flag 0 ok .
09-20 07:08:56(523986017987) PID_SA INFO: [FUN_SERVER_STATUS:2600]FUN_SERVER_STATUS enServerStatus:1, iErr:0
09-20 07:08:56(515396077863) PID_SA INFO: [Java_com_chinatelecom_smarthome_viewer_business_impl_NativeClient_writeLogToFile:118]I/Internal: onServerStatusChange/////uToken:1600010140c3ad111p3g5jmo63upuvo5//serverStatus:1//errorCode:0
09-20 07:08:56(2343) PID_SA INFO: [Java_com_chinatelecom_smarthome_viewer_business_impl_NativeClient_writeLogToFile:118]I/y0: onSelfAuthStateChange serverStatus:1,hmError:0
09-20 07:08:56(523986017987) cos INFO: [Cos_SocketOpen:377]socket<144> open ok
09-20 07:08:56(12970367455108013763) TRAS_TASK INFO: [TrasLink_Connect:245]Link Connect Addr:43.133.96.204:19336,ConnFlag:1
09-20 07:08:57(7875) TRAS_TASK INFO: [TrasBase_ProcBaseSock:670]Link Connect Addr:43.133.96.204:19336,ConnectFlag is: 2
09-20 07:08:57(4294975171) PID_SA INFO: [FUN_SERVER_STATUS:2600]FUN_SERVER_STATUS enServerStatus:2, iErr:0
09-20 07:08:57(515396077863) PID_SA INFO: [Java_com_chinatelecom_smarthome_viewer_business_impl_NativeClient_writeLogToFile:118]I/Internal: onServerStatusChange/////uToken:1600010140c3ad111p3g5jmo63upuvo5//serverStatus:2//errorCode:0
09-20 07:08:57(2343) PID_SA INFO: [Java_com_chinatelecom_smarthome_viewer_business_impl_NativeClient_writeLogToFile:118]I/y0: onSelfAuthStateChange serverStatus:2,hmError:0
09-20 07:08:58(12970367450813046467) TRAS_TASK INFO: [TrasLink_AuthUserToken:188]ogct 111 send login requst body {"METHOD":"4116","SEQID":"111","BODY":{"UserToken":"1600010140c3ad111p3g5jmo63upuvo5","SDKVersion":"51713056","WebDomainAbilty":"1","TestFlag":"1"}} iRet 0 
09-20 07:08:58(7875) PID_SA INFO: [FUN_SERVER_STATUS:2600]FUN_SERVER_STATUS enServerStatus:4, iErr:0
09-20 07:08:58(523986017987) TRAS_TASK INFO: [TrasLink_ProcAuthTokenRsp:292]ogct 111 recv auth rsp code 0 
09-20 07:08:58(515396077863) PID_SA INFO: [Java_com_chinatelecom_smarthome_viewer_business_impl_NativeClient_writeLogToFile:118]I/Internal: onServerStatusChange/////uToken:1600010140c3ad111p3g5jmo63upuvo5//serverStatus:4//errorCode:0
09-20 07:08:58(523986017987) TRAS_TASK INFO: [TrasPeer_GetProxySvr:892]ogct 112 start get proxy for peerid 12000103c0537c93 Relay mode 0 gid 22000101413a31a9 iret 0
09-20 07:08:58(536870914343) PID_SA INFO: [Java_com_chinatelecom_smarthome_viewer_business_impl_NativeClient_writeLogToFile:118]I/y0: onSelfAuthStateChange serverStatus:4,hmError:0
09-20 07:08:58(2343) ZJ_TASK INFO: [ZJ_GetPaasPlatAccessToken:3766]ogct 113 get paasplat token iRet 0
09-20 07:08:58(536870914343) PID_SA INFO: [Java_com_chinatelecom_smarthome_viewer_business_impl_NativeClient_writeLogToFile:118]I/DeviceBean: getDeviceName:GateCameras
09-20 07:08:58(536870914343) PID_SA INFO: [Java_com_chinatelecom_smarthome_viewer_business_impl_NativeClient_writeLogToFile:118]onInitPushSuccess: regid = eTaw3UHwT7yXDsUUjIDjw_:APA91bGOPrHHfPX6BI8lyu8Xuh2S_tcCJ1X6J2fTnbEulnllK4sV-ag66RoIN9ctFMucYPCZ7nWJDLxUD71DTrCmEUFuwrP9Ejga3KAQWdqdxzB2QJfr-f8
09-20 07:08:58(2343) ZJ_TASK INFO: [ZJ_SetPushToken:1024]ogct 114 set pushtoken eTaw3UHwT7yXDsUUjIDjw_:APA91bGOPrHHfPX6BI8lyu8Xuh2S_tcCJ1X6J2fTnbEulnllK4sV-ag66RoIN9ctFMucYPCZ7nWJDLxUD71DTrCmEUFuwrP9Ejga3KAQWdqdxzB2QJfr-f8 iRet 0
09-20 07:08:58(7856) cos INFO: [Cos_InetMgrProc:133]get host 43.163.94.82 ok ip 1381933867 passive 0
09-20 07:08:58(7875) cos INFO: [Cos_SocketOpen:377]socket<154> open ok
09-20 07:08:58(523986017987) TRAS_TASK INFO: [TrasP2PSlot_NewTcp:26]p2pslot creat tcp slot 0xb400007c826c1680 peer addr: 43.163.94.82:port:25006
09-20 07:08:58(523986017987) TRAS_TASK INFO: [TrasPeer_ParseGetProxySvrRsp:1228]ogct 112 recv rsp code 0 prxoy 43.163.94.82:25006 enctype 49
09-20 07:08:58(12970367459402981059) ZJ_TASK INFO: [ZJ_RecvGetPaasTokenRsp:3750]ogct 113 recv rsp code 0
09-20 07:08:58(7875) PID_SA INFO: [FUN_DEVICE_COMMON_RSP:1216]FUN_DEVICE_COMMON_RSP uiReqId:114, iErr:0
09-20 07:08:58(523986017987) ZJ_TASK INFO: [ZJ_UserProcSetPushTokenRsp:1001]ogct 114 recv rsp code 0 
09-20 07:08:58(506806143271) PID_SA INFO: [Java_com_chinatelecom_smarthome_viewer_business_impl_NativeClient_writeLogToFile:118]I/Internal: onGetPaasPlatToken accessTokenut6AAF3932-00000003-00G001-up4ys/expireSeconds:86399//strPaasAddr:https://gm-ap.smartcloudcon.com
09-20 07:08:58(2343) PID_SA INFO: [Java_com_chinatelecom_smarthome_viewer_business_impl_NativeClient_writeLogToFile:118]I/HmSdkHelper: onServerStatusChange onTokenReturn accessToken:ut6AAF3932-00000003-00G001-up4ys
09-20 07:08:58(12970367459402975527) PID_SA INFO: [Java_com_chinatelecom_smarthome_viewer_business_impl_NativeClient_writeLogToFile:118]I/HmSdkHelper: onServerStatusChange onTokenReturn pTokenJson:{"accessToken":"ut6AAF3932-00000003-00G001-up4ys","createTime":1789868338311,"expireSeconds":86399,"passAddress":"https://gm-ap.smartcloudcon.com"}
09-20 07:08:58(2343) PID_SA INFO: [Java_com_chinatelecom_smarthome_viewer_business_impl_NativeClient_writeLogToFile:118]BaseActivity: onRestart==mIsShowAd:false//activity is CareMainActivity
09-20 07:08:58(532575947047) PID_SA INFO: [Java_com_chinatelecom_smarthome_viewer_business_impl_NativeClient_writeLogToFile:118]I/PackageViewModel: play ON_START code: -10000,payRetainType:0,isWeChatPaying:false
09-20 07:08:58(545460848935) PID_SA INFO: [Java_com_chinatelecom_smarthome_viewer_business_impl_NativeClient_writeLogToFile:118]E/LowPowerHeart: Heartbeat resumeDeviceHeart duration:0,interval:3000,canHeartExt:false
09-20 07:08:58(2343) PID_SA INFO: [Java_com_chinatelecom_smarthome_viewer_business_impl_NativeClient_setBackgroundToFront:88]setBackgroundToFront 1
09-20 07:08:58(545460848935) PID_SA INFO: [Java_com_chinatelecom_smarthome_viewer_business_impl_NativeClient_writeLogToFile:118]I/BaseActivity: onResume==mIsShowAd:false//activity is CareMainActivity
09-20 07:08:58(2343) PID_SA INFO: [Java_com_chinatelecom_smarthome_viewer_business_impl_NativeUser_getOwnerVCardInfo:354]uiMarried:0,  uiSex:0, aucMobile:, aucEmail:, aucAddress:,aucBirthday:, aucCity:, aucCountry:GB,aucVMid:, aucNickName:, aucProvice:,aucPhotoProfile:,aucRegPeriod:,
09-20 07:08:58(2343) PID_SA INFO: [Java_com_chinatelecom_smarthome_viewer_business_impl_NativeClient_writeLogToFile:118]I/DeviceList: dispatchAction:RequestMarketAd
09-20 07:08:58(17827451128686577959) PID_SA INFO: [Java_com_chinatelecom_smarthome_viewer_business_impl_NativeClient_writeLogToFile:118]AdList: AdvertisingRequst(id=, adcode=Android_en_sale_window, width=1080, height=2400, appver=2.9.37, appid=1593592778513070, companyid=0000213ed0cdb8bc, countryCode=GB, platform=2, lang=2, uid=1600010140c3ad11)
09-20 07:08:58(2343) ZJ_TASK INFO: [ZJ_UsrGetDevPackages:2678]ogct 115 get owner charge package iRet 0
09-20 07:08:58(2343) PID_SA INFO: [Java_com_chinatelecom_smarthome_viewer_business_impl_NativeClient_writeLogToFile:118]I/PackageViewModel: play ON_RESUME code: -10000,payRetainType:0
09-20 07:08:58(2343) PID_SA INFO: [Java_com_chinatelecom_smarthome_viewer_business_impl_NativeClient_writeLogToFile:118]I/PaymentManager: payResultCode:-10000, orderInfo is null:true, isAlipaySubscriptionPaying:false
09-20 07:08:58(4294975171) cos INFO: [Cos_SocketClose:390]socket<144> closed
09-20 07:08:58(4294975171) PID_SA INFO: [FUN_SERVER_STATUS:2600]FUN_SERVER_STATUS enServerStatus:0, iErr:0
09-20 07:08:58(12970367459402981059) TRAS_TASK INFO: [TrasPeer_ProcOnLine:566]p2pslot 0xb400007c826c1680 set close for nat change 
09-20 07:08:58(523986017987) cos INFO: [Cos_SocketClose:390]socket<154> closed
09-20 07:08:58(7875) TRAS_TASK INFO: [TrasP2PSlot_ProcTcpState:352]tcpslot 0xb400007c826c1680 closed ok reset bestslot 0
09-20 07:08:58(528280979751) PID_SA INFO: [Java_com_chinatelecom_smarthome_viewer_business_impl_NativeClient_writeLogToFile:118]I/DeviceBean: getDeviceName:GateCameras
09-20 07:08:58(528280979751) PID_SA INFO: [Java_com_chinatelecom_smarthome_viewer_business_impl_NativeClient_writeLogToFile:118]I/DeviceBean: getDeviceName:GateCameras
09-20 07:08:58(523986017987) PID_SA INFO: [FUN_SERVER_STATUS:2600]FUN_SERVER_STATUS enServerStatus:1, iErr:0
09-20 07:08:58(12970367459402981059) cos INFO: [Cos_SocketOpen:377]socket<356> open ok
09-20 07:08:58(12970367455108013763) TRAS_TASK INFO: [TrasLink_Connect:245]Link Connect Addr:43.133.96.204:19336,ConnFlag:1
09-20 07:08:58(7875) TRAS_TASK INFO: [TrasP2PSlot_Close:61]close the Slot 0xb400007c826c1680  flag 0 ok .
09-20 07:08:58(515396077863) PID_SA INFO: [Java_com_chinatelecom_smarthome_viewer_business_impl_NativeClient_writeLogToFile:118]I/Internal: onServerStatusChange/////uToken:1600010140c3ad111p3g5jmo63upuvo5//serverStatus:0//errorCode:0
09-20 07:08:58(2343) PID_SA INFO: [Java_com_chinatelecom_smarthome_viewer_business_impl_NativeClient_writeLogToFile:118]I/y0: onSelfAuthStateChange serverStatus:0,hmError:0
09-20 07:08:58(515396077863) PID_SA INFO: [Java_com_chinatelecom_smarthome_viewer_business_impl_NativeClient_writeLogToFile:118]I/Internal: onServerStatusChange/////uToken:1600010140c3ad111p3g5jmo63upuvo5//serverStatus:1//errorCode:0
09-20 07:08:58(2343) PID_SA INFO: [Java_com_chinatelecom_smarthome_viewer_business_impl_NativeClient_writeLogToFile:118]I/y0: onSelfAuthStateChange serverStatus:1,hmError:0
09-20 07:08:58(2343) PID_SA INFO: [Java_com_chinatelecom_smarthome_viewer_business_impl_NativeClient_writeLogToFile:118]I/DeviceBean: getDeviceName:GateCameras
09-20 07:08:58(2343) PID_SA INFO: [Java_com_chinatelecom_smarthome_viewer_business_impl_NativeClient_writeLogToFile:118]I/DeviceBean: getDeviceName:GateCameras
09-20 07:08:58(7875) TRAS_TASK INFO: [TrasBase_ProcBaseSock:670]Link Connect Addr:43.133.96.204:19336,ConnectFlag is: 2
09-20 07:08:58(4294975171) PID_SA INFO: [FUN_SERVER_STATUS:2600]FUN_SERVER_STATUS enServerStatus:2, iErr:0
09-20 07:08:58(515396077863) PID_SA INFO: [Java_com_chinatelecom_smarthome_viewer_business_impl_NativeClient_writeLogToFile:118]I/Internal: onServerStatusChange/////uToken:1600010140c3ad111p3g5jmo63upuvo5//serverStatus:2//errorCode:0
09-20 07:08:58(2343) PID_SA INFO: [Java_com_chinatelecom_smarthome_viewer_business_impl_NativeClient_writeLogToFile:118]I/y0: onSelfAuthStateChange serverStatus:2,hmError:0
09-20 07:08:58(12970367442223111875) TRAS_TASK INFO: [TrasLink_AuthUserToken:188]ogct 116 send login requst body {"METHOD":"4116","SEQID":"116","BODY":{"UserToken":"1600010140c3ad111p3g5jmo63upuvo5","SDKVersion":"51713056","WebDomainAbilty":"1","TestFlag":"1"}} iRet 0 
09-20 07:08:58(528280979751) PID_SA INFO: [Java_com_chinatelecom_smarthome_viewer_business_impl_NativeClient_writeLogToFile:118]I/DeviceBean: getDeviceName:GateCameras
09-20 07:08:58(528280979751) PID_SA INFO: [Java_com_chinatelecom_smarthome_viewer_business_impl_NativeClient_writeLogToFile:118]I/DeviceBean: getDeviceName:GateCameras
09-20 07:08:58(28429402144514201) PID_SA INFO: [Java_com_chinatelecom_smarthome_viewer_business_impl_NativeClient_writeLogToFile:118]I/CurlLogger: cURL -X POST -H "Content-Type: application/json; charset=UTF-8"  -d '{"adcode":"Android_en_sale_window","appid":"1593592778513070","appver":"2.9.37","companyid":"0000213ed0cdb8bc","countryCode":"GB","height":"2400","id":"","lang":"2","platform":"2","uid":"1600010140c3ad11","width":"1080"}' "https://exsvr.smartcloudcon.com/carewebin/store/getadlist/v2" -L
09-20 07:08:58(7875) PID_SA INFO: [FUN_SERVER_STATUS:2600]FUN_SERVER_STATUS enServerStatus:4, iErr:0
09-20 07:08:58(515396077863) PID_SA INFO: [Java_com_chinatelecom_smarthome_viewer_business_impl_NativeClient_writeLogToFile:118]I/Internal: onServerStatusChange/////uToken:1600010140c3ad111p3g5jmo63upuvo5//serverStatus:4//errorCode:0
09-20 07:08:58(12970367455108008231) PID_SA INFO: [Java_com_chinatelecom_smarthome_viewer_business_impl_NativeClient_writeLogToFile:118]I/y0: onSelfAuthStateChange serverStatus:4,hmError:0
09-20 07:08:58(2343) ZJ_TASK INFO: [ZJ_GetPaasPlatAccessToken:3766]ogct 117 get paasplat token iRet 0
09-20 07:08:58(523986017987) TRAS_TASK INFO: [TrasLink_ProcAuthTokenRsp:292]ogct 116 recv auth rsp code 0 
09-20 07:08:58(536870914343) PID_SA INFO: [Java_com_chinatelecom_smarthome_viewer_business_impl_NativeClient_writeLogToFile:118]onInitPushSuccess: regid = eTaw3UHwT7yXDsUUjIDjw_:APA91bGOPrHHfPX6BI8lyu8Xuh2S_tcCJ1X6J2fTnbEulnllK4sV-ag66RoIN9ctFMucYPCZ7nWJDLxUD71DTrCmEUFuwrP9Ejga3KAQWdqdxzB2QJfr-f8
09-20 07:08:58(2343) ZJ_TASK INFO: [ZJ_SetPushToken:1024]ogct 118 set pushtoken eTaw3UHwT7yXDsUUjIDjw_:APA91bGOPrHHfPX6BI8lyu8Xuh2S_tcCJ1X6J2fTnbEulnllK4sV-ag66RoIN9ctFMucYPCZ7nWJDLxUD71DTrCmEUFuwrP9Ejga3KAQWdqdxzB2QJfr-f8 iRet 0
09-20 07:08:58(523986017987) TRAS_TASK INFO: [TrasPeer_GetProxySvr:892]ogct 119 start get proxy for peerid 12000103c0537c93 Relay mode 0 gid 22000101413a31a9 iret 0
09-20 07:08:58(12970367459402981059) ZJ_TASK INFO: [ZJ_RecvGetPaasTokenRsp:3750]ogct 117 recv rsp code 0
09-20 07:08:58(536870914343) PID_SA INFO: [Java_com_chinatelecom_smarthome_viewer_business_impl_NativeClient_writeLogToFile:118]I/Internal: onGetPaasPlatToken accessTokenut6AAF3932-00000003-00G001-4w10x/expireSeconds:86399//strPaasAddr:https://gm-ap.smartcloudcon.com
09-20 07:08:58(2343) PID_SA INFO: [Java_com_chinatelecom_smarthome_viewer_business_impl_NativeClient_writeLogToFile:118]I/HmSdkHelper: onServerStatusChange onTokenReturn accessToken:ut6AAF3932-00000003-00G001-4w10x
09-20 07:08:58(12970367459402975527) PID_SA INFO: [Java_com_chinatelecom_smarthome_viewer_business_impl_NativeClient_writeLogToFile:118]I/HmSdkHelper: onServerStatusChange onTokenReturn pTokenJson:{"accessToken":"ut6AAF3932-00000003-00G001-4w10x","createTime":1789868338859,"expireSeconds":86399,"passAddress":"https://gm-ap.smartcloudcon.com"}
09-20 07:08:58(7875) PID_SA INFO: [FUN_DEVICE_COMMON_RSP:1216]FUN_DEVICE_COMMON_RSP uiReqId:118, iErr:0
09-20 07:08:58(523986017987) ZJ_TASK INFO: [ZJ_UserProcSetPushTokenRsp:1001]ogct 118 recv rsp code 0 
09-20 07:08:58(2343) ZJ_TASK INFO: [ZJ_RefreshDevicesStatus:612]ogct 120 refresh all devices status iRet 0
09-20 07:08:58(2343) PID_SA INFO: [Java_com_chinatelecom_smarthome_viewer_business_impl_NativeClient_writeLogToFile:118]I/DeviceList: dispatchAction:RequestAllAd
09-20 07:08:58(17827451128686577959) PID_SA INFO: [Java_com_chinatelecom_smarthome_viewer_business_impl_NativeClient_writeLogToFile:118]AdList: AdvertisingRequst(id=, adcode=pro_Android_en_list_banner, width=1080, height=2400, appver=2.9.37, appid=1593592778513070, companyid=0000213ed0cdb8bc, countryCode=GB, platform=2, lang=2, uid=1600010140c3ad11)
09-20 07:08:58(545460848935) PID_SA INFO: [Java_com_chinatelecom_smarthome_viewer_business_impl_NativeClient_writeLogToFile:118]I/HmAdManager: getCachedAdListData from memory, size=4
09-20 07:08:58(2343) PID_SA INFO: [Java_com_chinatelecom_smarthome_viewer_business_impl_NativeClient_writeLogToFile:118]I/HmAdManager: getAdDataByStrategy: adPositionKey=pro_Android_en_Native1 lastCountDate:2026-09-20,now:1789868338974,today:2026-09-20,displayMaxTimes:0
09-20 07:08:58(2343) PID_SA INFO: [Java_com_chinatelecom_smarthome_viewer_business_impl_NativeClient_writeLogToFile:118]I/HmAdManager: currentAdType: 3
09-20 07:08:58(2343) PID_SA INFO: [Java_com_chinatelecom_smarthome_viewer_business_impl_NativeClient_writeLogToFile:118]I/HmAdManager: lastShowTime: 0
09-20 07:08:58(2343) PID_SA INFO: [Java_com_chinatelecom_smarthome_viewer_business_impl_NativeClient_writeLogToFile:118]I/HmAdManager: loadHomeBannerAD==isAdBuyNoShowad:false,Model:ImageTitleBean{imageUrl='null', title='null', imageId=0, clickUrl='null', adsource='applovin', adsourcecode='eb1b86e5d9feb53e', skip=0, skip_type=0, click=0, show_time_length=5, adcode='pro_Android_en_Native1', isDowload=false, jumpType='null', adtype=1, req_ad_timeout=0, strategy_type=-1, rule_conf=null, after_click_action=null, rule_update_times=0, showPrice='null', price='null', unit='null', currency_symbol='null', adId='null', page_name='null'}
09-20 07:08:58(545460848935) PID_SA INFO: [Java_com_chinatelecom_smarthome_viewer_business_impl_NativeClient_writeLogToFile:118]I/HmAdManager: loadHomeBannerAD==adModel:ImageTitleBean{imageUrl='null', title='null', imageId=0, clickUrl='null', adsource='applovin', adsourcecode='eb1b86e5d9feb53e', skip=0, skip_type=0, click=0, show_time_length=5, adcode='pro_Android_en_Native1', isDowload=false, jumpType='null', adtype=1, req_ad_timeout=0, strategy_type=-1, rule_conf=null, after_click_action=null, rule_update_times=0, showPrice='null', price='null', unit='null', currency_symbol='null', adId='null', page_name='null'}
09-20 07:08:58(17827451128686577959) PID_SA INFO: [Java_com_chinatelecom_smarthome_viewer_business_impl_NativeClient_writeLogToFile:118]AdList: AdvertisingRequst(id=, adcode=pro_Android_en_right_sidebar, width=1080, height=2400, appver=2.9.37, appid=1593592778513070, companyid=0000213ed0cdb8bc, countryCode=GB, platform=2, lang=2, uid=1600010140c3ad11)
09-20 07:08:58(2343) PID_SA INFO: [Java_com_chinatelecom_smarthome_viewer_business_impl_NativeClient_writeLogToFile:118]I/DeviceList: dispatchAction:com.huiyun.care.viewer.main.deviceList.a$b@489f8a8
09-20 07:08:58(28429402144513793) PID_SA INFO: [Java_com_chinatelecom_smarthome_viewer_business_impl_NativeClient_writeLogToFile:118]I/CurlLogger: cURL -X POST -H "Content-Type: application/json; charset=UTF-8"  -d '{"adcode":"pro_Android_en_right_sidebar","appid":"1593592778513070","appver":"2.9.37","companyid":"0000213ed0cdb8bc","countryCode":"GB","height":"2400","id":"","lang":"2","platform":"2","uid":"1600010140c3ad11","width":"1080"}' "https://exsvr.smartcloudcon.com/carewebin/store/getadlist/v2" -L
09-20 07:08:58(28429402144514189) PID_SA INFO: [Java_com_chinatelecom_smarthome_viewer_business_impl_NativeClient_writeLogToFile:118]I/CurlLogger: cURL -X POST -H "Content-Type: application/json; charset=UTF-8"  -d '{"adcode":"pro_Android_en_list_banner","appid":"1593592778513070","appver":"2.9.37","companyid":"0000213ed0cdb8bc","countryCode":"GB","height":"2400","id":"","lang":"2","platform":"2","uid":"1600010140c3ad11","width":"1080"}' "https://exsvr.smartcloudcon.com/carewebin/store/getadlist/v2" -L
09-20 07:08:58(545460848935) PID_SA INFO: [Java_com_chinatelecom_smarthome_viewer_business_impl_NativeClient_writeLogToFile:118]I/DeviceBean: getDeviceName:GateCameras
09-20 07:08:58(545460848935) PID_SA INFO: [Java_com_chinatelecom_smarthome_viewer_business_impl_NativeClient_writeLogToFile:118]I/DeviceBean: getDeviceName:GateCameras
09-20 07:08:59(7856) cos INFO: [Cos_InetMgrProc:133]get host 43.134.132.160 ok ip 2693039659 passive 0
09-20 07:08:59(7875) cos INFO: [Cos_SocketOpen:377]socket<576> open ok
09-20 07:08:59(523986017987) TRAS_TASK INFO: [TrasP2PSlot_NewTcp:26]p2pslot creat tcp slot 0xb400007c826c1800 peer addr: 43.134.132.160:port:25006
09-20 07:08:59(523986017987) TRAS_TASK INFO: [TrasPeer_ParseGetProxySvrRsp:1228]ogct 119 recv rsp code 0 prxoy 43.134.132.160:25006 enctype 49
09-20 07:08:59(7875) PID_SA INFO: [FUN_DEVICE_COMMON_RSP:1216]FUN_DEVICE_COMMON_RSP uiReqId:120, iErr:0
09-20 07:08:59(523986017987) ZJ_TASK INFO: [ZJ_UserProcCommonRsp:220]ogct 120 recv rsp code 0 
09-20 07:08:59(523986017987) TRAS_TASK INFO: [TrasP2PSlot_ProcTcpState:210]tcpslot 0xb400007c826c1800 send match req;turn to matching status
09-20 07:08:59(7869) CFG_TASK INFO: [Cfg_ProcDevStatusNtc:1268]ogct 3858498105 Ntc did 12000103c0537c93 oldflag 0 online status 1 pushflag 0 upstatus 0 Rate 0
09-20 07:08:59(17952783591553375933) CFG_TASK INFO: [Cfg_ParseRecvNetData:1502]recv msgtype 37 msgid 3e
09-20 07:08:59(7875) TRAS_TASK INFO: [TrasPeer_ProcOnLine:566]p2pslot 0xb400007c826c1800 set close for nat change 
09-20 07:08:59(523986017987) cos INFO: [Cos_SocketClose:390]socket<576> closed
09-20 07:08:59(7875) TRAS_TASK INFO: [TrasP2PSlot_ProcTcpState:352]tcpslot 0xb400007c826c1800 closed ok reset bestslot 0
09-20 07:08:59(523986017987) TRAS_TASK INFO: [TrasPeer_GetProxySvr:892]ogct 122 start get proxy for peerid 12000103c0537c93 Relay mode 0 gid 22000101413a31a9 iret 0
09-20 07:08:59(523986017987) TRAS_TASK INFO: [TrasP2PSlot_Close:61]close the Slot 0xb400007c826c1800  flag 0 ok .
09-20 07:08:59(7875) cos INFO: [Cos_SocketOpen:377]socket<161> open ok
09-20 07:08:59(523986017987) TRAS_TASK INFO: [TrasP2PSlot_NewTcp:26]p2pslot creat tcp slot 0xb400007c826c1380 peer addr: 43.156.202.252:port:25006
09-20 07:08:59(523986017987) TRAS_TASK INFO: [TrasPeer_ParseGetProxySvrRsp:1228]ogct 122 recv rsp code 0 prxoy 43.156.202.252:25006 enctype 49
09-20 07:08:59(523986017987) TRAS_TASK INFO: [TrasP2PSlot_ProcTcpState:210]tcpslot 0xb400007c826c1380 send match req;turn to matching status
09-20 07:08:59(523986017991) TRAS_TASK INFO: [Tras_ParseP2PSlot_ProxyMatchRsp:353]peer 12000103c0537c93 Slot 0xb400007c826c1380 recv proxy match rsp
09-20 07:08:59(523986017987) TRAS_TASK INFO: [TrasP2PSlot_ProcTcpState:243]tcpslot 0xb400007c826c1380 send test req and turn to testing status
09-20 07:09:00(7875) TRAS_TASK INFO: [TrasP2PSlot_SetToUser:1052]tcpslot 0xb400007c826c1380 set bestest to peer 12000103c0537c93,old 0x0 udpflag 0 
09-20 07:09:00(523986017987) TRAS_TASK INFO: [TrasP2PSlot_ProcTcpState:282]tcpslot 0xb400007c826c1380 tested ok tickcnt 287529634
09-20 07:09:00(7875) cos INFO: [Cos_SocketOpen:377]socket<157> open ok
09-20 07:09:00(12970367455108013763) TRAS_TASK INFO: [TrasNat_CreatNatHole:622]creat new nat hole get local udp port 8177 socket type 0
09-20 07:09:00(7875) TRAS_TASK INFO: [TrasNat_CheckNat:226]send udp msg to server 129.227.231.62:30194 iret 72
09-20 07:09:00(70368744185539) TRAS_TASK INFO: [TrasPeer_ProcGetNetInfo:482]peer 12000103c0537c93 get natinf status 2
09-20 07:09:00(12970367455108013763) CFG_TASK INFO: [Cfg_SetPeerDevCanUseStatus:645]set device 12000103c0537c93 oldflag 0 group 22000101413a31a9 can use status 1
09-20 07:09:00(12970367455108013763) PID_SA INFO: [FUN_DEVICE_STATUS:1267]FUN_DEVICE_STATUS deviceId:12000103c0537c93, status:5
09-20 07:09:00(523986017987) nvr_cfg WARN: [cfg_OnPeerDeviceStatusChange:454]Ignonre 12000103c0537c93 status changed
09-20 07:09:00(12970367455108013763) TRAS_TASK INFO: [TrasPeer_ProcStatusCbFlag:618]device 12000103c0537c93 slot can use
09-20 07:09:00(536870914343) PID_SA INFO: [Java_com_chinatelecom_smarthome_viewer_business_impl_NativeClient_writeLogToFile:118]I/LowPowerHeart: onDeviceStateChange awakeDevice groupId:22000101413a31a9//deviceId:12000103c0537c93//status:5//StatusEnum:5//statusName:CANUSE
09-20 07:09:00(545460848935) PID_SA INFO: [Java_com_chinatelecom_smarthome_viewer_business_impl_NativeClient_writeLogToFile:118]I/y0: onDeviceStateChange groupId:22000101413a31a9,deviceId:12000103c0537c93,devicePresenceState:5   deviceType = CAMERA  awakeAbility:NOT_SUPPORT
09-20 07:09:00(536870919899) PID_SA INFO: [Java_com_chinatelecom_smarthome_viewer_business_impl_NativeClient_writeLogToFile:118]I/DeviceBean: getDeviceName:GateCameras
09-20 07:09:00(528280979751) PID_SA INFO: [Java_com_chinatelecom_smarthome_viewer_business_impl_NativeClient_writeLogToFile:118]I/DeviceBean: getDeviceName:GateCameras
09-20 07:09:00(528280979751) PID_SA INFO: [Java_com_chinatelecom_smarthome_viewer_business_impl_NativeClient_writeLogToFile:118]I/DeviceBean: getDeviceName:GateCameras
09-20 07:09:00(523986017981) CFG_TASK INFO: [Cfg_ProcPeerDeviceCfg:3978]peer 12000103c0537c93 sync cfg by p2p
09-20 07:09:00(523986017987) TRAS_TASK INFO: [TrasBase_OnPortHoleUDPRecv:983]recv msg 32,27
09-20 07:09:00(7875) TRAS_TASK INFO: [Tras_ParseNatTestRsp:215]Recv Nat test rsp: {"METHOD":"201B","SEQID":"125","CODE":"0","BODY":{"NatIP":"183.83.229.60","Port":"10961"}}
09-20 07:09:00(7875) TRAS_TASK INFO: [TrasPeer_GetNetInfo:936]start  get peer 12000103c0537c93 nat inf req body {"METHOD":"201E","SEQID":"146","BODY":{"UPNPFlag":"1","UPNPIP":"10.116.167.132","UPNPPort":"15668","LocalIP":"192.168.1.50","LocalTCPPort":"15668","LocalUDPPort":"8177","NatType":"1","NatIP":"183.83.229.60","NatPort":"10961"}}
09-20 07:09:00(523986017987) TRAS_TASK INFO: [TrasPeer_ProcGetNetInfo:492]peer 12000103c0537c93 get natinf status 3
09-20 07:09:01(16325694678114457) PID_SA INFO: [Java_com_chinatelecom_smarthome_viewer_business_impl_NativeClient_writeLogToFile:118]I/CurlLogger: response:{"code":"1000","data":{"ext":{"buyed":"1","noThirdAd":0,"reg":"2024-04-09 16:36:37","useCache":0},"list":[]},"desc":"Success"}
09-20 07:09:01(17827451128686583961) PID_SA INFO: [Java_com_chinatelecom_smarthome_viewer_business_impl_NativeClient_writeLogToFile:118]AdList: AdvertisingResp(code=1000, data=DataBean(list=[]), desc=Success)
09-20 07:09:01(8333) PID_SA INFO: [Java_com_chinatelecom_smarthome_viewer_business_impl_NativeClient_writeLogToFile:118]I/CurlLogger: response:{"code":"1000","data":{"ext":{"buyed":"1","noThirdAd":0,"reg":"2024-04-09 16:36:37","useCache":1},"list":[{"ad_id":"B00378","ad_space_height":"","ad_space_size":1,"ad_space_width":"","adcode":"pro_Android_en_list_banner","adsource":"zzy","adsourcecode":"","adtype":2,"after_click_action":"{\"body\": {\"pkg_id\": \"\", \"group_id\": \"\", \"group_code\": \"\", \"is_user_no_pay\": \"\"}, \"type\": 1}","click":1,"click_url":"","id":"378","imglist":[{"height":375,"img_url":"https://hmstatic-1311597033.cos.ap-nanjing.myqcloud.com/media/ads/1733283688209760000/en banner.png","jumpType":"0","jump_url":"https://exwebsvr.smartcloudcon.com/careProcloud/#/packages-new","lang":1,"resolution":"1080x375","width":1080},{"height":375,"img_url":"https://hmstatic-1311597033.cos.ap-nanjing.myqcloud.com/media/ads/1750666446275539862/banner en.png","jumpType":"0","jump_url":"https://exwebsvr.smartcloudcon.com/careProcloud/#/intelligentAlarm","lang":1,"resolution":"1080x375","width":1080}],"name":"日常","no_display_ad_people
09-20 07:09:01(7165641991181574285) PID_SA INFO: [Java_com_chinatelecom_smarthome_viewer_business_impl_NativeClient_writeLogToFile:118]I/CurlLogger: ":0,"no_display_user_reg_days":0,"page_name":"","rate_times":"0-23","rate_week":"1,2,3,4,5,6,7","reg_gt_date":"","req_ad_timeout":5,"rule_conf":"{\"pop_type\": 1, \"pop_value\": \"\"}","rule_update_times":2609200,"show_time_end":"","show_time_length":5,"show_time_start":"2026-06-18","show_time_type":1,"skip":1,"skip_type":0,"strategy_type":0}]},"desc":"Success"}
09-20 07:09:01(16325694678114049) PID_SA INFO: [Java_com_chinatelecom_smarthome_viewer_business_impl_NativeClient_writeLogToFile:118]I/CurlLogger: response:{"code":"1000","data":{"ext":{"buyed":"1","noThirdAd":0,"reg":"2024-04-09 16:36:37","useCache":0},"list":[]},"desc":"Success"}
09-20 07:09:01(7937) PID_SA INFO: [Java_com_chinatelecom_smarthome_viewer_business_impl_NativeClient_writeLogToFile:118]AdList: AdvertisingResp(code=1000, data=DataBean(list=[]), desc=Success)
09-20 07:09:01(8333) PID_SA INFO: [Java_com_chinatelecom_smarthome_viewer_business_impl_NativeClient_writeLogToFile:118]AdList: AdvertisingResp(code=1000, data=DataBean(list=[ListBean(adId=B00378,adtype=2, adsource='zzy', adsourcecode='', show_time_end='', show_time_type=1, skip=1, skip_type=0, click=1, imglist=[Imglist(adId=,img_url='https://hmstatic-1311597033.cos.ap-nanjing.myqcloud.com/media/ads/1733283688209760000/en banner.png', width=1080, lang=1, resolution='1080x375', height=375, jump_url='https://exwebsvr.smartcloudcon.com/careProcloud/#/packages-new', jumpType='0', isDownload=false), Imglist(adId=,img_url='https://hmstatic-1311597033.cos.ap-nanjing.myqcloud.com/media/ads/1750666446275539862/banner en.png', width=1080, lang=1, resolution='1080x375', height=375, jump_url='https://exwebsvr.smartcloudcon.com/careProcloud/#/intelligentAlarm', jumpType='0', isDownload=false)], show_time_start='2026-06-18', show_time_length=5, rate_times='0-23', name='日常', rate_week='1,2,3,4,5,6,7', adId='378', click_url='', jumpType='', adcode='pro_Android_en_list_banner', req_ad_timeout=5, strategy_type=0, rule_conf='{"pop_type": 1, "pop_value": ""}', after_click_action='{"body": {"pkg_id": "", "group_id": "", "group_code": "", "is_user_no_pay": ""}, "type": 1}', rule_update_times=2609200,page_name=)]), desc=Success)
09-20 07:09:01(528280985741) PID_SA INFO: [Java_com_chinatelecom_smarthome_viewer_business_impl_NativeClient_writeLogToFile:118]AdList: AdvertisingResp bean:ListBean(adId=B00378,adtype=2, adsource='zzy', adsourcecode='', show_time_end='', show_time_type=1, skip=1, skip_type=0, click=1, imglist=[Imglist(adId=,img_url='https://hmstatic-1311597033.cos.ap-nanjing.myqcloud.com/media/ads/1733283688209760000/en banner.png', width=1080, lang=1, resolution='1080x375', height=375, jump_url='https://exwebsvr.smartcloudcon.com/careProcloud/#/packages-new', jumpType='0', isDownload=false), Imglist(adId=,img_url='https://hmstatic-1311597033.cos.ap-nanjing.myqcloud.com/media/ads/1750666446275539862/banner en.png', width=1080, lang=1, resolution='1080x375', height=375, jump_url='https://exwebsvr.smartcloudcon.com/careProcloud/#/intelligentAlarm', jumpType='0', isDownload=false)], show_time_start='2026-06-18', show_time_length=5, rate_times='0-23', name='日常', rate_week='1,2,3,4,5,6,7', adId='378', click_url='', jumpType='', adcode='pro_Android_en_list_banner', req_ad_timeout=5, strategy_type=0, rule_conf='{"pop_type": 1, "pop_value": ""}', after_click_action='{"body": {"pkg_id": "", "group_id": "", "group_code": "", "is_user_no_pay": ""}, "type": 1}', rule_update_times=2609200,page_name=)
09-20 07:09:01(2343) PID_SA INFO: [Java_com_chinatelecom_smarthome_viewer_business_impl_NativeClient_writeLogToFile:118]I/AppLovinAdManager: showAdBanner==onAdLoadFailed==code:-1000,meg:Failed to connect to ms.applvn.com/0.0.0.0:443
09-20 07:09:01(2343) PID_SA INFO: [Java_com_chinatelecom_smarthome_viewer_business_impl_NativeClient_writeLogToFile:118]I/AppLovinAdManager: showAdBanner==onAdLoadFailed==code:-1000,meg:Failed to connect to ms.applvn.com/0.0.0.0:443
09-20 07:09:01(2343) PID_SA INFO: [Java_com_chinatelecom_smarthome_viewer_business_impl_NativeClient_writeLogToFile:118]I/AppLovinAdManager: showAdBanner==onAdLoadFailed==code:-1000,meg:Failed to connect to ms.applvn.com/0.0.0.0:443
09-20 07:09:01(7869) PID_SA INFO: [FUN_DEVICE_CFG_STATUS:1249]FUN_DEVICE_CFG_STATUS pucDeviceId:12000103c0537c93, enDeviceCfgItem:0
09-20 07:09:01(506806143271) PID_SA INFO: [Java_com_chinatelecom_smarthome_viewer_business_impl_NativeClient_writeLogToFile:118]I/y0: onDeviceConfigUpdate  deviceId is =12000103c0537c93,,,,ALL
09-20 07:09:01(545460848935) PID_SA INFO: [Java_com_chinatelecom_smarthome_viewer_business_impl_NativeClient_writeLogToFile:118]DeviceManager: cache TF Card Info
09-20 07:09:01(545460848935) CMD_TASK INFO: [Cmd_GetPeerTfCardInf:830]reqid 147 send GetPeerTfCardInf msg {"METHOD":"344E","SEQID":"147","FROM":{"UserToken":"1600010140c3ad111p3g5jmo63upuvo5"},"TO":{"DID":"12000103c0537c93"}} to peer 12000103c0537c93, iret 0
09-20 07:09:01(545460848935) PID_SA INFO: [Java_com_chinatelecom_smarthome_viewer_business_impl_NativeCommand_getTFCardInfo:394]HM_GetSdCardInf ret = 0 puiReqId = 147
09-20 07:09:01(2343) PID_SA INFO: [Java_com_chinatelecom_smarthome_viewer_business_impl_NativeClient_writeLogToFile:118]I/AppLovinAdManager: showAdBanner==onAdLoadFailed==code:-1000,meg:Failed to connect to ms.applvn.com/0.0.0.0:443
09-20 07:09:01(523986017987) cos INFO: [Cos_SocketAccept:455]socket<180> accepted
09-20 07:09:01(523986017987) TRAS_TASK INFO: [TrasP2PSlot_NewTcp:26]p2pslot creat tcp slot 0xb400007c826c1500 peer addr: 192.168.1.192:port:43628
09-20 07:09:01(523986017987) TRAS_TASK INFO: [TrasLocalLan_TCPAccept:433]tcpslot 0xb400007c826c1500 turn to connected for accept peer port 43628
09-20 07:09:01(523986017987) TRAS_TASK INFO: [TrasP2PSlot_ProcTcpState:230]tcpslot 0xb400007c826c1500 have peerid 0; slottype 0 send tcp req turn to testing status
09-20 07:09:01(523986017991) TRAS_TASK INFO: [TrasP2PSlot_TCPSendLocalTCPRsp:711]send local rsp rsp {"METHOD":"3115","SEQID":"148","CODE":"0","BODY":{"OsType":"3"}} to peer 12000103c0537c93
09-20 07:09:01(7875) TRAS_TASK INFO: [TrasP2PSlot_SetToUser:1052]tcpslot 0xb400007c826c1500 set bestest to peer 12000103c0537c93,old 0xb400007c826c1380 udpflag 0 
09-20 07:09:01(523986017987) TRAS_TASK INFO: [TrasP2PSlot_ProcTcpState:282]tcpslot 0xb400007c826c1500 tested ok tickcnt 287531241
09-20 07:09:01(7875) CFG_TASK INFO: [Cfg_SetPeerDevCanUseStatus:645]set device 12000103c0537c93 oldflag 0 group 22000101413a31a9 can use status 1
09-20 07:09:01(7875) PID_SA INFO: [FUN_DEVICE_STATUS:1267]FUN_DEVICE_STATUS deviceId:12000103c0537c93, status:5
09-20 07:09:01(523986017987) nvr_cfg WARN: [cfg_OnPeerDeviceStatusChange:454]Ignonre 12000103c0537c93 status changed
09-20 07:09:01(536870914343) PID_SA INFO: [Java_com_chinatelecom_smarthome_viewer_business_impl_NativeClient_writeLogToFile:118]I/LowPowerHeart: onDeviceStateChange awakeDevice groupId:22000101413a31a9//deviceId:12000103c0537c93//status:5//StatusEnum:5//statusName:CANUSE
09-20 07:09:01(545460848935) PID_SA INFO: [Java_com_chinatelecom_smarthome_viewer_business_impl_NativeClient_writeLogToFile:118]I/y0: onDeviceStateChange groupId:22000101413a31a9,deviceId:12000103c0537c93,devicePresenceState:5   deviceType = CAMERA  awakeAbility:NOT_SUPPORT
09-20 07:09:01(12970367455108013763) TRAS_TASK INFO: [TrasPeer_ProcStatusCbFlag:618]device 12000103c0537c93 slot can use
09-20 07:09:01(12970367455108013763) TRAS_TASK INFO: [TrasPeer_ProcStatusCbFlag:673]device 12000103c0537c93 udpslot 0x0 p2p status 1, local NatType:1, ConeType:3, NetType:2
09-20 07:09:01(536870919738) PID_SA INFO: [Java_com_chinatelecom_smarthome_viewer_business_impl_NativeClient_writeLogToFile:118]I/DeviceBean: getDeviceName:GateCameras
09-20 07:09:01(2343) PID_SA INFO: [Java_com_chinatelecom_smarthome_viewer_business_impl_NativeClient_writeLogToFile:118]I/DeviceBean: getDeviceName:GateCameras
09-20 07:09:01(2343) PID_SA INFO: [Java_com_chinatelecom_smarthome_viewer_business_impl_NativeClient_writeLogToFile:118]I/DeviceBean: getDeviceName:GateCameras
09-20 07:09:02(523986017991) TRAS_TASK INFO: [TrasPeer_SetNatInfo:289]set peer 12000103c0537c93 nat port 10157 socket type 0
09-20 07:09:02(7879) PID_SA INFO: [FUN_GETPEERNATTYPE:3524]FUN_GETPEERNATTYPE pucPeerId:12000103c0537c93, uiNatType:1
09-20 07:09:02(523986017991) TRAS_TASK INFO: [TrasPeer_SetLocalTCPPort:236]set peer 12000103c0537c93 lcoal tcp port 16668 socket type 0
09-20 07:09:02(7879) TRAS_TASK INFO: [TrasPeer_SetUdpLocalInfo:276]set peer 12000103c0537c93 lcoal udp port 7551 socket type 0
09-20 07:09:02(7879) TRAS_TASK INFO: [TrasPeer_ParseGetNetInfoRsp:1044]peer 12000103c0537c93 recv natinf rsp;nattype 1 lcoalip 192.168.1.192:16668,7551 natip 183.83.229.60:10157
09-20 07:09:02(7870) CMD_TASK INFO: [Cmd_ProcRecvNetMsg:5738]reqid 147 recv rsp content {"CODE":"0","METHOD":"344F","SEQID":"147","FROM":{"DID":"12000103c0537c93"},"TO":{"UserToken":"1600010140c3ad111p3g5jmo63upuvo5"},"BODY":{"StorageAbility":"1","TotalSize":"0","FreeSize":"0","CardStatus":"2"}}
09-20 07:09:02(7870) PID_SA INFO: [FUN_DEVICE_RSP_GET_TFCARD_INFO:2342]FUN_DEVICE_RSP_GET_TFCARD_INFO uiReqId:147, uiTotalSize:0, uiRemainSize:0, iErr:2
09-20 07:09:02(12970367459402975527) PID_SA INFO: [Java_com_chinatelecom_smarthome_viewer_business_impl_NativeClient_writeLogToFile:118]DeviceManager: deviceId = 12000103c0537c93   get sdcard info errorCode = 2
09-20 07:09:02(7875) TRAS_TASK INFO: [TrasPeer_ProcGetNetInfo:512]peer 12000103c0537c93 get natinf status 4
09-20 07:09:02(7875) TRAS_TASK INFO: [TrasP2PSlot_NewUdp:48]udpslot creat ok 0xb400007c826c1200 socketfd 157
09-20 07:09:02(12970367455108013763) TRAS_TASK INFO: [TrasPeer_ProcSlotCreateUDP:695]device 12000103c0537c93 udpslot creat ok 0xb400007c826c1200
09-20 07:09:02(523986017987) TRAS_TASK INFO: [TrasPeer_ProcGetNetInfo:524]peer 12000103c0537c93 get natinf success
09-20 07:09:02(523986017987) TRAS_TASK INFO: [TrasPeer_SetUdpDstAddr:585]udpslot 0xb400007c826c1200 set peerid 12000103c0537c93 local port 7551
09-20 07:09:02(7875) TRAS_TASK INFO: [TrasP2PSlot_ProcUdpState:390]udpslot 0xb400007c826c1200 tutn to testing status
09-20 07:09:02(4294975171) TRAS_TASK INFO: [TrasPeer_ProcStatusCbFlag:673]device 12000103c0537c93 udpslot 0x0 p2p status 0, local NatType:1, ConeType:3, NetType:2
09-20 07:09:02(523986017987) TRAS_TASK INFO: [Tras_UdpSlotSendHoleReq:197]udpslot 0xb400007c826c1200 send hole req to peer 192.168.1.192 port 7551,nattype 0
09-20 07:09:02(523986017987) TRAS_TASK INFO: [TrasP2PSlot_ProcUdpState:398]udpslot 0xb400007c826c1200 tutn testing to tested status
09-20 07:09:02(523986017987) TRAS_TASK INFO: [TrasP2PSlot_ProcUdpState:459]udpslot 0xb400007c826c1200 turn tested to proc status peer 192.168.1.192:7551
09-20 07:09:02(7875) TRAS_TASK INFO: [TrasPeer_SendP2PStatus:516]ogct 151 send msg {"METHOD":"3388","SEQID":"151","BODY":{"P2PStatus":"1","P2PType":"3","PeerNatType":"1","LocalNatType":"1","DID":"12000103c0537c93"}} to server 8
09-20 07:09:02(7875) PID_SA INFO: [FUN_DEVICEP2PRESULT_CB:2936]FUN_DEVICEP2PRESULT_CB did:12000103c0537c93, p2pFlag:1, localNatType:1, peerNatType:1
09-20 07:09:02(7875) TRAS_TASK INFO: [TrasPeer_ProcStatusCbFlag:673]device 12000103c0537c93 udpslot 0xb400007c826c1200 p2p status 1, local NatType:1, ConeType:3, NetType:2
09-20 07:09:02(523986017987) cos INFO: [Cos_SocketAccept:455]socket<503> accepted
09-20 07:09:02(523986017987) TRAS_TASK INFO: [TrasP2PSlot_NewTcp:26]p2pslot creat tcp slot 0xb400007c826c1680 peer addr: 192.168.1.1:port:53078
09-20 07:09:02(523986017987) TRAS_TASK INFO: [TrasLocalLan_TCPAccept:433]tcpslot 0xb400007c826c1680 turn to connected for accept peer port 53078
09-20 07:09:02(523986017987) TRAS_TASK INFO: [TrasP2PSlot_ProcTcpState:230]tcpslot 0xb400007c826c1680 have peerid 0; slottype 0 send tcp req turn to testing status
09-20 07:09:02(7875) TRAS_TASK INFO: [TrasP2PSlot_ProcTcpState:282]tcpslot 0xb400007c826c1680 tested ok tickcnt 287531851
09-20 07:09:03(12970367459402975527) PID_SA INFO: [Java_com_chinatelecom_smarthome_viewer_business_impl_NativeClient_writeLogToFile:118]BaseActivity: onPause==//activity is CareMainActivity
09-20 07:09:03(12970367459402975527) PID_SA INFO: [Java_com_chinatelecom_smarthome_viewer_business_impl_NativeClient_writeLogToFile:118]BaseActivity: onPause==mIsShowAd:false//activity is CareMainActivity
09-20 07:09:03(545460848935) PID_SA INFO: [Java_com_chinatelecom_smarthome_viewer_business_impl_NativeMedia_setStreamCnt:924]zj set stream cnt 1
09-20 07:09:03(536870914343) PID_SA INFO: [Java_com_chinatelecom_smarthome_viewer_business_impl_NativeDevice_getPeerAppSetting:2953]get peer appsetting deviceId: 12000103c0537c93
09-20 07:09:03(2343) PID_SA INFO: [Java_com_chinatelecom_smarthome_viewer_business_impl_NativeDevice_getPeerAppSetting:2986]get peer appsetting result: [1] [1296] [2304] [0] [43200] [1]
09-20 07:09:03(528280979751) PID_SA INFO: [Java_com_chinatelecom_smarthome_viewer_business_impl_NativeClient_writeLogToFile:118]I/DeviceBean: getDeviceName:GateCameras
09-20 07:09:03(12970367459402975527) PID_SA INFO: [Java_com_chinatelecom_smarthome_viewer_business_impl_NativeClient_writeLogToFile:118]LiveVideoActivity: showLandPtztruesupportRd:false,supportIRLed:true,supportWhiteLamp:true,supportAttachPTZ:false,supportPtz:true,fishEyeCamerafalse
09-20 07:09:03(2343) PID_SA INFO: [Java_com_chinatelecom_smarthome_viewer_business_impl_NativeClient_writeLogToFile:118]E/LiveVideoActivity: ptzAbility :3
09-20 07:09:03(2343) PID_SA INFO: [Java_com_chinatelecom_smarthome_viewer_business_impl_NativeDevice_getPeerAppSetting:2953]get peer appsetting deviceId: 12000103c0537c93
09-20 07:09:03(2343) PID_SA INFO: [Java_com_chinatelecom_smarthome_viewer_business_impl_NativeDevice_getPeerAppSetting:2986]get peer appsetting result: [1] [1296] [2304] [0] [43200] [1]
09-20 07:09:03(2343) PID_SA INFO: [Java_com_chinatelecom_smarthome_viewer_business_impl_NativeDevice_getPeerAppSetting:2953]get peer appsetting deviceId: 12000103c0537c93
09-20 07:09:03(2343) PID_SA INFO: [Java_com_chinatelecom_smarthome_viewer_business_impl_NativeDevice_getPeerAppSetting:2986]get peer appsetting result: [1] [1296] [2304] [0] [43200] [1]
09-20 07:09:03(2343) PID_SA INFO: [Java_com_chinatelecom_smarthome_viewer_business_impl_NativeClient_writeLogToFile:118]MediaRenderViewImpl: getVideoEncType videoEncType:H264
09-20 07:09:03(536870914343) PID_SA INFO: [Java_com_chinatelecom_smarthome_viewer_business_impl_NativeClient_writeLogToFile:118]MediaRenderViewImpl:  initRenderView   videoEncType = H264  vrMode = None   glSurfaceView = null
09-20 07:09:03(2343) PID_SA INFO: [Java_com_chinatelecom_smarthome_viewer_business_impl_NativeClient_writeLogToFile:118]I/MediaRenderViewImpl: set camId deviceId:12000103c0537c93  camId:0
09-20 07:09:03(2343) PID_SA INFO: [Java_com_chinatelecom_smarthome_viewer_business_impl_NativeDevice_getPeerAppSetting:2953]get peer appsetting deviceId: 12000103c0537c93
09-20 07:09:03(2343) PID_SA INFO: [Java_com_chinatelecom_smarthome_viewer_business_impl_NativeDevice_getPeerAppSetting:2986]get peer appsetting result: [1] [1296] [2304] [0] [43200] [1]
09-20 07:09:03(2343) PID_SA INFO: [Java_com_chinatelecom_smarthome_viewer_business_impl_NativeClient_writeLogToFile:118]I/LowPowerHeart: deviceState = 5
09-20 07:09:03(545460848935) PID_SA INFO: [Java_com_chinatelecom_smarthome_viewer_business_impl_NativeClient_writeLogToFile:118]I/LowPowerHeart: 11lowPowerConsumption  startDeviceHeart duration:0//interval:5000//dId:12000103c0537c93
09-20 07:09:03(545460848935) CMD_TASK INFO: [Cmd_GetPeerCurNetInfo:993]reqid 153 send GetPeerCurNetInfo msg {"METHOD":"3472","SEQID":"153","FROM":{"UserToken":"1600010140c3ad111p3g5jmo63upuvo5"},"TO":{"DID":"12000103c0537c93"}} to peer 12000103c0537c93, iret 0
09-20 07:09:03(545460848935) PID_SA INFO: [Java_com_chinatelecom_smarthome_viewer_business_impl_NativeCommand_getCurNetworkInfo:543]HM_GetNetworkInfoEx ret = 0 puiReqId = 153
09-20 07:09:03(2343) PID_SA INFO: [Java_com_chinatelecom_smarthome_viewer_business_impl_NativeClient_writeLogToFile:118]I/LiveVideoActivity: startVideo isCameraOpenFlag:true
09-20 07:09:03(545460848935) TRAS_TASK INFO: [TrasStreamChannel_Create:368]Create channel[3] [0xb40000784dda7500] stream[0xb4000078679a2600] media 1 stream type 1
09-20 07:09:03(2343) MD_TASK INFO: [Md_CreatAliveStreamEx:390]chanid 3 playid 154 creat AliveEx peerid 12000103c0537c93 ch[-1] cam [0 0] audioflag 1 BussType 1
09-20 07:09:03(2343) PID_SA INFO: [Java_com_chinatelecom_smarthome_viewer_business_impl_NativeClient_writeLogToFile:118]MediaRenderViewImpl:  initRenderView   videoEncType = H264  vrMode = None   glSurfaceView = android.opengl.GLSurfaceView{e1d074d V.E...... ......I. 0,0-0,0 alpha=1.0 viewInfo = }
09-20 07:09:03(2343) PID_SA INFO: [Java_com_chinatelecom_smarthome_viewer_business_impl_NativeClient_writeLogToFile:118]MediaRenderViewImpl: startRealTimeStream: mStreamId: 154
09-20 07:09:04(12970367459402975527) PID_SA INFO: [Java_com_chinatelecom_smarthome_viewer_business_impl_NativeClient_writeLogToFile:118]LiveVideoActivity: onCreate  isClickNotify = false
09-20 07:09:04(532575947047) PID_SA INFO: [Java_com_chinatelecom_smarthome_viewer_business_impl_NativeClient_writeLogToFile:118]I/HmAdManager: posCode:live_interstitial,activity:LiveVideoActivity
09-20 07:09:04(12970367455108008231) PID_SA INFO: [Java_com_chinatelecom_smarthome_viewer_business_impl_NativeClient_writeLogToFile:118]I/HmAdManager: getCachedAdListData from memory, size=4
09-20 07:09:04(2343) PID_SA INFO: [Java_com_chinatelecom_smarthome_viewer_business_impl_NativeClient_writeLogToFile:118]I/HmAdManager: getAdDataByStrategy: adPositionKey=pro_Android_en_Live_Interstitial not found
09-20 07:09:04(2343) PID_SA INFO: [Java_com_chinatelecom_smarthome_viewer_business_impl_NativeClient_writeLogToFile:118]I/HmAdManager: loadInterstitialAd posCode:live_interstitial,adModel:ImageTitleBean{imageUrl='null', title='null', imageId=0, clickUrl='null', adsource='', adsourcecode='', skip=0, skip_type=0, click=0, show_time_length=0, adcode='', isDowload=false, jumpType='null', adtype=0, req_ad_timeout=0, strategy_type=-1, rule_conf=null, after_click_action=null, rule_update_times=0, showPrice='null', price='null', unit='null', currency_symbol='null', adId='null', page_name='null'}
09-20 07:09:04(545460848935) PID_SA INFO: [Java_com_chinatelecom_smarthome_viewer_business_impl_NativeUser_GetDomainAddr:1672]HM_GetDomainAddr ret = 0,  aucSvrDomain:, aucWebDomain:, aucLogDomain:, aucAlexaDomain:
09-20 07:09:04(2343) PID_SA INFO: [Java_com_chinatelecom_smarthome_viewer_business_impl_NativeClient_writeLogToFile:118]I/HmHostConfig: hostInfo:{svrHost:,webHost:,logHost:,alexaHost:}
09-20 07:09:04(2343) PID_SA INFO: [Java_com_chinatelecom_smarthome_viewer_business_impl_NativeClient_writeLogToFile:118]LiveVideoActivity: onStart
09-20 07:09:04(2343) PID_SA INFO: [Java_com_chinatelecom_smarthome_viewer_business_impl_NativeDevice_getPeerAppSetting:2953]get peer appsetting deviceId: 12000103c0537c93
09-20 07:09:04(2343) PID_SA INFO: [Java_com_chinatelecom_smarthome_viewer_business_impl_NativeDevice_getPeerAppSetting:2986]get peer appsetting result: [1] [1296] [2304] [0] [43200] [1]
09-20 07:09:04(2343) PID_SA INFO: [Java_com_chinatelecom_smarthome_viewer_business_impl_NativeDevice_getPeerAppSetting:2953]get peer appsetting deviceId: 12000103c0537c93
09-20 07:09:04(2343) PID_SA INFO: [Java_com_chinatelecom_smarthome_viewer_business_impl_NativeDevice_getPeerAppSetting:2986]get peer appsetting result: [1] [1296] [2304] [0] [43200] [1]
09-20 07:09:04(8345) PID_SA INFO: [Java_com_chinatelecom_smarthome_viewer_business_impl_NativeClient_writeLogToFile:118]I/CurlLogger: cURL -X POST -H "Content-Type: application/json; charset=UTF-8"  -d '{"adcode":"pro_Android_en_live_mid_bar","appid":"1593592778513070","appver":"2.9.37","companyid":"0000213ed0cdb8bc","countryCode":"GB","height":"","lang":"2","platform":"1","Scene":1,"SceneParam":"{\"CompanyID\":\"0000213ed0cdb8bc\",\"DID\":\"12000103c0537c93\"}","uid":"1600010140c3ad11","width":""}' "https://exsvr.smartcloudcon.com/carewebin/store/getdeviceadv" -L
09-20 07:09:04(7879) MD_CACHE INFO: [Md_VideoPlayCreatWriteHandle:106]creat video write handle 0xb4000073e0e29700 usrid 48 w 1920 h 1080
09-20 07:09:04(7879) MD_CACHE INFO: [Md_RgnPlayCreatWriteHandle:35]creat region write handle 0xb4000073e0e29800 peerid 12000103c0537c93 chanid 48
09-20 07:09:04(7879) MD_CACHE INFO: [Md_AudioPlayCreatWriteHandle:167]creat audio write handle 0xb400007abf837c00 usrid 3 
09-20 07:09:04(536870914343) PID_SA INFO: [Java_com_chinatelecom_smarthome_viewer_business_impl_NativeClient_writeLogToFile:118]PresetManager: end  presetList = [PresetBean{presetId=1762176769, name='right', picId='20251103213252100119c0537c937006'}, PresetBean{presetId=1762325434, name='good1', picId='20251105145036100119c0537c932912'}, PresetBean{presetId=1764592558, name='g2', picId='20251201203600100119c0537c933264'}]   daoList = []
09-20 07:09:04(523986017991) MD_CACHE INFO: [Md_VideoPlayCreatReadHandle:319]creat video read handle 0xb40000780adff380 uiUsrId 48
09-20 07:09:04(523986017991) MD_CACHE INFO: [Md_RgnPlayCreatReadHandle:123]region creat read handle 0xb4000073e0e0f250 peerid 12000103c0537c93 chanid 48
09-20 07:09:04(523986017991) MD_CACHE INFO: [Md_AudioPlayCreatReadHandle:343]creat read handle 0xb40000780adff480 usrid 3 
09-20 07:09:04(523986017991) MD_TASK INFO: [Md_ProcCreatRspOperation:2303]playid 154 peer 12000103c0537c93  sessionid 3 creat video 0xb40000780adff380 audio 0xb40000780adff480 jsuttime 0
09-20 07:09:04(7879) PID_SA INFO: [FUN_MEDIA_STATE:1285]FUN_MEDIA_STATE hPlayHandle:154, uiOption:1, uiCode:0
09-20 07:09:04(523986017991) PID_SA INFO: [Java_com_chinatelecom_smarthome_viewer_business_impl_NativeClient_writeLogToFile:118]Internal: onMediaStreamState==mediaStreamId = 154 vodType = 1  errorCode = 0
09-20 07:09:04(7879) TRAS_TASK INFO: [TrasStreamChannel_ProcessLiveStreamRsp:1059]chanid 3 recv alive response video w:1920 h:1080 type 2 audio type 4 sample 8000 write handle[0xb4000073e0e29700]
09-20 07:09:04(7870) CMD_TASK INFO: [Cmd_ProcRecvNetMsg:5738]reqid 153 recv rsp content {"CODE":"0","METHOD":"3473","SEQID":"153","FROM":{"DID":"12000103c0537c93"},"TO":{"UserToken":"1600010140c3ad111p3g5jmo63upuvo5"},"BODY":{"NetType":"2","Signal":"91","IPAddr":"192.168.1.192","MacAddr":"F0:A8:82:ED:40:9D","SSID":"ASUS_30_2G"}}
09-20 07:09:04(3473465276341690046) PID_SA INFO: [FUN_DEVICE_RSP_GET_NETWORK_INFO:2502]FUN_DEVICE_RSP_GET_NETWORK_INFO reqId:153, err:0, netType:2, signalType:0, sigStrength:91, ip:192.168.1.192, ssid:ASUS_30_2G
09-20 07:09:04(2343) PID_SA INFO: [Java_com_chinatelecom_smarthome_viewer_business_impl_NativeClient_writeLogToFile:118]I/PackageViewModel: play ON_START code: -10000,payRetainType:0,isWeChatPaying:false
09-20 07:09:04(545460848935) PID_SA INFO: [Java_com_chinatelecom_smarthome_viewer_business_impl_NativeClient_writeLogToFile:118]I/BaseActivity: onResume==mIsShowAd:false//activity is LiveVideoActivity
09-20 07:09:04(2343) PID_SA INFO: [Java_com_chinatelecom_smarthome_viewer_business_impl_NativeClient_writeLogToFile:118]LiveVideoActivity: onResume
09-20 07:09:04(2343) PID_SA INFO: [Java_com_chinatelecom_smarthome_viewer_business_impl_NativeClient_writeLogToFile:118]AdList: AdvertisingRequst(id=, adcode=Android_en_sale_window_realtime, width=1080, height=2400, appver=2.9.37, appid=1593592778513070, companyid=0000213ed0cdb8bc, countryCode=GB, platform=2, lang=2, uid=1600010140c3ad11)
09-20 07:09:04(28429402144513793) PID_SA INFO: [Java_com_chinatelecom_smarthome_viewer_business_impl_NativeClient_writeLogToFile:118]I/CurlLogger: cURL -X POST -H "Content-Type: application/json; charset=UTF-8"  -d '{"adcode":"Android_en_sale_window_realtime","appid":"1593592778513070","appver":"2.9.37","companyid":"0000213ed0cdb8bc","countryCode":"GB","height":"2400","id":"","lang":"2","platform":"2","uid":"1600010140c3ad11","width":"1080"}' "https://exsvr.smartcloudcon.com/carewebin/store/getadlist/v2" -L
09-20 07:09:04(545460848935) PID_SA INFO: [Java_com_chinatelecom_smarthome_viewer_business_impl_NativeDevice_getPeerAppSetting:2953]get peer appsetting deviceId: 12000103c0537c93
09-20 07:09:04(2343) PID_SA INFO: [Java_com_chinatelecom_smarthome_viewer_business_impl_NativeDevice_getPeerAppSetting:2986]get peer appsetting result: [1] [1296] [2304] [0] [43200] [1]
09-20 07:09:04(2343) PID_SA INFO: [Java_com_chinatelecom_smarthome_viewer_business_impl_NativeClient_writeLogToFile:118]I/PackageViewModel: play ON_RESUME code: -10000,payRetainType:0
09-20 07:09:04(2343) PID_SA INFO: [Java_com_chinatelecom_smarthome_viewer_business_impl_NativeClient_writeLogToFile:118]I/PaymentManager: payResultCode:-10000, orderInfo is null:true, isAlipaySubscriptionPaying:false
09-20 07:09:04(10372) PID_SA INFO: [Java_com_chinatelecom_smarthome_viewer_business_impl_NativeClient_writeLogToFile:118]onSurfaceChanged: SurfaceWidth = 1080 SurfaceHeight = 606 videoWidth = 0 videoHeight = 0
09-20 07:09:04(545460848935) PID_SA INFO: [Java_com_chinatelecom_smarthome_viewer_business_impl_NativeClient_writeLogToFile:118]MediaRenderViewImpl: getVideoEncType videoEncType:H264
09-20 07:09:04(2343) PID_SA INFO: [Java_com_chinatelecom_smarthome_viewer_business_impl_NativeMedia_getStreamDesc:435]GetVideoDescribe width:1920, height:1080, encType:2, smartEnc:0, quality:0, bitrate:0, frameRate:17, frameInterval:0
09-20 07:09:04(2343) PID_SA INFO: [Java_com_chinatelecom_smarthome_viewer_business_impl_NativeMedia_getStreamDesc:463]GetAudioDescribe encType:4, sampleRate:8000, channel:1, depth:16
09-20 07:09:04(2343) PID_SA INFO: [Java_com_chinatelecom_smarthome_viewer_business_impl_NativeClient_writeLogToFile:118]ZJViewerStreamImpl: getStreamDesc streamId = 154 camId = 0
09-20 07:09:04(17827451128686577959) PID_SA INFO: [Java_com_chinatelecom_smarthome_viewer_business_impl_NativeMedia_initVideoDecoder:1492]enter function(video_type:2)
09-20 07:09:04(545460848935) PID_CBST INFO: [Cbst_Dec_VDecoderAlloc:112]VD task[0xb4000073e0f1bde0] create ok, uiVideoType[10100]
09-20 07:09:04(2343) PID_SA INFO: [Java_com_chinatelecom_smarthome_viewer_business_impl_NativeMedia_initVideoDecoder:1501]return function, handle:12970367424522206688
09-20 07:09:04(2343) PID_SA INFO: [Java_com_chinatelecom_smarthome_viewer_business_impl_NativeMedia_initAudioDecoder:1508]enter function(audio_type:4, sampleRate:8000, channel:1, depth:16)
09-20 07:09:04(545460848935) PID_CBST INFO: [Cbst_Dec_ADecoderAlloc:528]AD task[0xb4000073e0f1c500] create ok, uiAudioType[40202]
09-20 07:09:04(2343) PID_SA INFO: [Java_com_chinatelecom_smarthome_viewer_business_impl_NativeMedia_initAudioDecoder:1537]return function, handle:12970367424522208512
09-20 07:09:04(2343) PID_SA INFO: [Java_com_chinatelecom_smarthome_viewer_business_impl_NativeClient_writeLogToFile:118]I/playback***-test: MediaRenderViewImplIMediaStreamStateCallback vodType = CREATE streamType = 0//currenStreamID:154//streamID:154//isRevStream:false
09-20 07:09:04(545460848935) PID_SA INFO: [Java_com_chinatelecom_smarthome_viewer_business_impl_NativeClient_writeLogToFile:118]LiveVideoActivity11: networkBean = NetworkBean{netType=2, signalType=0, signalStrength=91, ipAddress='192.168.1.192', macAddress='F0:A8:82:ED:40:9D', wifiSSID='ASUS_30_2G', simCard='', netMask='', gateWay=''}
09-20 07:09:04(2343) PID_SA INFO: [Java_com_chinatelecom_smarthome_viewer_business_impl_NativeClient_writeLogToFile:118]BaseActivity: onSaveInstanceState==mIsShowAd:false//activity is CareMainActivity
09-20 07:09:05(16325694678114049) PID_SA INFO: [Java_com_chinatelecom_smarthome_viewer_business_impl_NativeClient_writeLogToFile:118]I/CurlLogger: response:{"code":"1000","data":{"ext":{"buyed":"1","noThirdAd":0,"reg":"2024-04-09 16:36:37","useCache":0},"list":[]},"desc":"Success"}
09-20 07:09:05(7937) PID_SA INFO: [Java_com_chinatelecom_smarthome_viewer_business_impl_NativeClient_writeLogToFile:118]AdList: AdvertisingResp(code=1000, data=DataBean(list=[]), desc=Success)
09-20 07:09:05(12297829379609730817) PID_SA INFO: [Java_com_chinatelecom_smarthome_viewer_business_impl_NativeClient_writeLogToFile:118]E/requestMarketAd: empty marketing ads, page=P19 adCode=Android_en_sale_window_realtime
09-20 07:09:06(545460848935) PID_SA INFO: [Java_com_chinatelecom_smarthome_viewer_business_impl_NativeClient_writeLogToFile:118]LiveVideoActivity: onPause
09-20 07:09:06(12970367459402975527) PID_SA INFO: [Java_com_chinatelecom_smarthome_viewer_business_impl_NativeClient_writeLogToFile:118]BaseActivity: onPause==mIsShowAd:false//activity is LiveVideoActivity
09-20 07:09:06(2343) PID_SA INFO: [Java_com_chinatelecom_smarthome_viewer_business_impl_NativeClient_writeLogToFile:118]I/CloudChargeCardInfo: deviceId:12000103c0537c93,//chargeType:2,//chargeFlag:0
09-20 07:09:06(2343) PID_SA INFO: [Java_com_chinatelecom_smarthome_viewer_business_impl_NativeClient_writeLogToFile:118]I/CloudChargeCardInfo: deviceId:12000103c0537c93,//chargeType:1,//chargeFlag:0
09-20 07:09:06(12970367459402975527) PID_SA INFO: [Java_com_chinatelecom_smarthome_viewer_business_impl_NativeClient_writeLogToFile:118]I/DeviceBean: getDeviceName:GateCameras
09-20 07:09:06(2343) ZJ_TASK INFO: [ZJ_UsrGetDevPackages:2678]ogct 156 get owner charge package iRet 0
09-20 07:09:06(12970367459402975527) PID_SA INFO: [Java_com_chinatelecom_smarthome_viewer_business_impl_NativeClient_writeLogToFile:118]getInIoTProp: innerIoTBeanProp = {"PushFlag":"7","SMSFlag":"1","EmailFlag":"1","Interval":"300","EmailAddr":"","StartTime":"0","EndTime":"86400","SpanFlag":"0","Week":"127"}
09-20 07:09:06(2343) PID_SA INFO: [Java_com_chinatelecom_smarthome_viewer_business_impl_NativeClient_writeLogToFile:118]getInIoTProp: innerIoTBeanProp = {"PushFlag":"7","SMSFlag":"1","EmailFlag":"1","Interval":"300","EmailAddr":"","StartTime":"0","EndTime":"86400","SpanFlag":"0","Week":"127"}
09-20 07:09:06(2343) PID_SA INFO: [Java_com_chinatelecom_smarthome_viewer_business_impl_NativeClient_writeLogToFile:118]I/BaseActivity: onResume==mIsShowAd:false//activity is NewDeviceSettingActivity
09-20 07:09:06(2343) PID_SA INFO: [Java_com_chinatelecom_smarthome_viewer_business_impl_NativeClient_writeLogToFile:118]I/CloudChargeCardInfo: deviceId:12000103c0537c93,//chargeType:2,//chargeFlag:0
09-20 07:09:06(2343) PID_SA INFO: [Java_com_chinatelecom_smarthome_viewer_business_impl_NativeClient_writeLogToFile:118]I/CloudChargeCardInfo: deviceId:12000103c0537c93,//chargeType:1,//chargeFlag:0
09-20 07:09:06(2343) PID_SA INFO: [Java_com_chinatelecom_smarthome_viewer_business_impl_NativeClient_writeLogToFile:118]I/LowPowerHeart: deviceState = 5
09-20 07:09:06(2343) PID_SA INFO: [Java_com_chinatelecom_smarthome_viewer_business_impl_NativeClient_writeLogToFile:118]I/LowPowerHeart: 44lowPowerConsumption  startDeviceHeart //dId:12000103c0537c93//heartbeatStatus.isActive():false
09-20 07:09:06(2343) PID_SA INFO: [Java_com_chinatelecom_smarthome_viewer_business_impl_NativeClient_writeLogToFile:118]I/LowPowerHeart: 22lowPowerConsumption  startDeviceHeart //dId:12000103c0537c93//heartbeatStatus.isActive():false
09-20 07:09:06(545460848935) CMD_TASK INFO: [Cmd_CheckPeerDevVersion:4123]reqid 157 send msg {"METHOD":"3414","SEQID":"157","FROM":{"UserToken":"1600010140c3ad111p3g5jmo63upuvo5"},"TO":{"DID":"12000103c0537c93"}} to peer 12000103c0537c93, iret 0
09-20 07:09:06(523986017987) PID_SA INFO: [FUN_USERCHARGEPACKAGE_CB:2738]FUN_USERCHARGEPACKAGE_CB reqId:156, error:0
09-20 07:09:06(523986017987) PID_SA INFO: [FUN_USERCHARGEPACKAGE_CB:2740]list size: 0
09-20 07:09:06(7875) ZJ_TASK INFO: [ZJ_ProcUsrGetDevPackages:2660]ogct 156 recv rsp code 0
09-20 07:09:06(2343) PID_SA INFO: [Java_com_chinatelecom_smarthome_viewer_business_impl_NativeClient_writeLogToFile:118]I/queryDeviceChargePackages: deviceID = 12000103c0537c93 poids =   requestCount = 2
09-20 07:09:06(2343) PID_SA INFO: [Java_com_chinatelecom_smarthome_viewer_business_impl_NativeClient_writeLogToFile:118]LiveVideoActivity: onStop
09-20 07:09:06(532575947047) MD_TASK INFO: [Md_StopStream:2112]stop sessionid 3 playid 154
09-20 07:09:06(2343) MD_CACHE INFO: [Md_AudioPlayDestroyReadHandle:491]destroy audio read handle 0xb40000780adff480 
09-20 07:09:06(2343) MD_CACHE INFO: [Md_VideoPlayDestroyReadHandle:599]destroy video read handle 0xb40000780adff380 
09-20 07:09:06(545460848935) TRAS_TASK INFO: [Tras_StopPlay:462]chanid 3 send close requst
09-20 07:09:06(545460848935) PID_SA INFO: [Java_com_chinatelecom_smarthome_viewer_business_impl_NativeMedia_destroyVideoDecoder:1545]enter function(handle:12970367424522206688)
09-20 07:09:06(2343) PID_CBST INFO: [Cbst_Dec_VDecoderFree:492]VD task[0xb4000073e0f1bde0] free
09-20 07:09:06(523986017988) TRAS_TASK INFO: [TrasStreamChannel_CloseChan:307]chanid 3 will be close
09-20 07:09:06(545460848935) PID_SA INFO: [Java_com_chinatelecom_smarthome_viewer_business_impl_NativeMedia_destroyAudioDecoder:1554]enter function(handle:12970367424522208512)
09-20 07:09:06(2343) PID_SA INFO: [Java_com_chinatelecom_smarthome_viewer_business_impl_NativeClient_writeLogToFile:118]E/LowPowerHeart: Heartbeat startDeviceHeart duration:25000,interval:3000,dId:12000103c0537c93
09-20 07:09:06(528280985148) CMD_TASK INFO: [Cmd_GetPeerCurNetInfo:993]reqid 159 send GetPeerCurNetInfo msg {"METHOD":"3472","SEQID":"159","FROM":{"UserToken":"1600010140c3ad111p3g5jmo63upuvo5"},"TO":{"DID":"12000103c0537c93"}} to peer 12000103c0537c93, iret 0
09-20 07:09:06(528280985148) PID_SA INFO: [Java_com_chinatelecom_smarthome_viewer_business_impl_NativeCommand_getCurNetworkInfo:543]HM_GetNetworkInfoEx ret = 0 puiReqId = 159
09-20 07:09:06(2343) PID_SA INFO: [Java_com_chinatelecom_smarthome_viewer_business_impl_NativeClient_writeLogToFile:118]BaseActivity: onSaveInstanceState==mIsShowAd:false//activity is LiveVideoActivity
09-20 07:09:06(523986017984) MD_CACHE INFO: [Md_RgnPlayReadDestroy:182]region read handle 0xb4000073e0e0f250 detroyed ok
09-20 07:09:06(7872) MD_TASK INFO: [Md_ProcBussTaskStopStatus:2820]playid 154 sessionid 0 close ok
09-20 07:09:06(536870914343) PID_CBST_AUDIOCTL ERR: [Cbst_AudioCtl_Stop:163]CBST_AUDIOCTL Not Init Magic:0 Init:0
09-20 07:09:07(7870) CMD_TASK INFO: [Cmd_ProcRecvNetMsg:5738]reqid 159 recv rsp content {"CODE":"0","METHOD":"3473","SEQID":"159","FROM":{"DID":"12000103c0537c93"},"TO":{"UserToken":"1600010140c3ad111p3g5jmo63upuvo5"},"BODY":{"NetType":"2","Signal":"91","IPAddr":"192.168.1.192","MacAddr":"F0:A8:82:ED:40:9D","SSID":"ASUS_30_2G"}}
09-20 07:09:07(3473465276341690046) PID_SA INFO: [FUN_DEVICE_RSP_GET_NETWORK_INFO:2502]FUN_DEVICE_RSP_GET_NETWORK_INFO reqId:159, err:0, netType:2, signalType:0, sigStrength:91, ip:192.168.1.192, ssid:ASUS_30_2G
09-20 07:09:07(7870) CMD_TASK INFO: [Cmd_ProcRecvNetMsg:5738]reqid 157 recv rsp content {"CODE":"0","METHOD":"3415","SEQID":"157","FROM":{"DID":"12000103c0537c93"},"TO":{"UserToken":"1600010140c3ad111p3g5jmo63upuvo5"},"BODY":{"Version":"","UpdateFlag":"0"}}
09-20 07:09:07(7870) PID_SA INFO: [FUN_CHECKVERSION_RSP:2162]FUN_CHECKVERSION_RSP reqId:157, error:0, status:0, version:, descUrl:
09-20 07:09:07(2343) PID_SA INFO: [Java_com_chinatelecom_smarthome_viewer_business_impl_NativeClient_writeLogToFile:118]I/NewDeviceSettingActivity: isNewDevice:true,updateModeEnum:0,isShowUpdate:true
09-20 07:09:07(8345) PID_SA INFO: [Java_com_chinatelecom_smarthome_viewer_business_impl_NativeClient_writeLogToFile:118]I/CurlLogger: response:{"code":"1000","data":{"ext":{"buyed":"1","noThirdAd":0,"reg":"2024-04-09 16:36:37","useCache":1},"list":[{"ad_id":"H00385","ad_space_height":"","ad_space_size":1,"ad_space_width":"","adcode":"pro_Android_en_live_mid_bar","adsource":"zzy","adsourcecode":"","adtype":5,"after_click_action":"{\"body\": {\"pkg_id\": \"\", \"group_id\": \"\", \"group_code\": \"\", \"is_user_no_pay\": \"\"}, \"type\": 1}","click":1,"click_url":"","id":"385","imglist":[{"height":96,"img_url":"https://hmstatic-1311597033.cos.ap-nanjing.myqcloud.com/media/ads/1731566894454115736/english_proc.jpg","jumpType":"0","jump_url":"","lang":1,"resolution":"272x96","width":272},{"height":96,"img_url":"https://hmstatic-1311597033.cos.ap-nanjing.myqcloud.com/media/ads/1727147886093655511/3-2.png","jumpType":"0","jump_url":"https://exwebsvr.smartcloudcon.com/careProcloud/#/photo","lang":1,"resolution":"272x96","width":272},{"height":96,"img_url":"https://hmstatic-1311597033.cos.ap-nanjing.myqcloud.com/media/ads/1737618186234639783/shishis
09-20 07:09:07(528280985753) PID_SA INFO: [Java_com_chinatelecom_smarthome_viewer_business_impl_NativeClient_writeLogToFile:118]I/CurlLogger: hiping_dff4b937-0ac0-4284-9ce9-af185e3bad4c.png","jumpType":"0","jump_url":"https://exwebsvr.smartcloudcon.com/careProcloud/#/intelligentAlarm","lang":1,"resolution":"272x96","width":272}],"name":"实时视频推荐位","no_display_ad_people":0,"no_display_user_reg_days":0,"page_name":"","rate_times":"0-23","rate_week":"1,2,3,4,5,6,7","reg_gt_date":"","req_ad_timeout":5,"rule_conf":"{\"pop_type\": 1, \"pop_value\": \"\"}","rule_update_times":2609200,"show_time_end":"","show_time_length":5,"show_time_start":"2025-12-22","show_time_type":1,"skip":1,"skip_type":0,"strategy_type":0}]},"desc":"Success"}
09-20 07:09:07(12970367459402975527) PID_SA INFO: [Java_com_chinatelecom_smarthome_viewer_business_impl_NativeClient_writeLogToFile:118]I/AdResourcesViewModel: requestGoodInfo:{"code":1000,"data":{"list":[{"id":"385","ad_id":"H00385","adcode":"pro_Android_en_live_mid_bar","adsource":"zzy","adsourcecode":"","adtype":5,"after_click_action":"{\"body\": {\"pkg_id\": \"\", \"group_id\": \"\", \"group_code\": \"\", \"is_user_no_pay\": \"\"}, \"type\": 1}","click":1,"click_url":"","imglist":[{"ad_id":"","adcode":"","height":96,"img_url":"https://hmstatic-1311597033.cos.ap-nanjing.myqcloud.com/media/ads/1731566894454115736/english_proc.jpg","isDownload":false,"jumpType":"0","jump_url":"","lang":1,"resolution":"272x96","width":272,"baseObjId":0},{"ad_id":"","adcode":"","height":96,"img_url":"https://hmstatic-1311597033.cos.ap-nanjing.myqcloud.com/media/ads/1727147886093655511/3-2.png","isDownload":false,"jumpType":"0","jump_url":"https://exwebsvr.smartcloudcon.com/careProcloud/#/photo","lang":1,"resolution":"272x96","width":272,"baseObjId":0},{"ad_id":"","adcode":"","height":96,"img_url":"https://hmstatic-1311597033.cos.ap-nanjing.myqcloud.com/media/ads/1737618186234639783/s
09-20 07:09:07(8101260402836375847) PID_SA INFO: [Java_com_chinatelecom_smarthome_viewer_business_impl_NativeClient_writeLogToFile:118]I/AdResourcesViewModel: hishishiping_dff4b937-0ac0-4284-9ce9-af185e3bad4c.png","isDownload":false,"jumpType":"0","jump_url":"https://exwebsvr.smartcloudcon.com/careProcloud/#/intelligentAlarm","lang":1,"resolution":"272x96","width":272,"baseObjId":0}],"jumpType":"","name":"实时视频推荐位","page_name":"","rate_times":"0-23","rate_week":"1,2,3,4,5,6,7","req_ad_timeout":5,"rule_conf":"{\"pop_type\": 1, \"pop_value\": \"\"}","rule_update_times":2609200,"show_time_end":"","show_time_length":5,"show_time_start":"2025-12-22","show_time_type":1,"skip":1,"skip_type":0,"strategy_type":0,"baseObjId":0}]},"desc":"Success"}
09-20 07:09:07(12970367459402975527) PID_SA INFO: [Java_com_chinatelecom_smarthome_viewer_business_impl_NativeClient_writeLogToFile:118]I/AdResourcesViewModel: requestGoodInfo:{"code":1000,"data":{"list":[{"id":"385","ad_id":"H00385","adcode":"pro_Android_en_live_mid_bar","adsource":"zzy","adsourcecode":"","adtype":5,"after_click_action":"{\"body\": {\"pkg_id\": \"\", \"group_id\": \"\", \"group_code\": \"\", \"is_user_no_pay\": \"\"}, \"type\": 1}","click":1,"click_url":"","imglist":[{"ad_id":"","adcode":"","height":96,"img_url":"https://hmstatic-1311597033.cos.ap-nanjing.myqcloud.com/media/ads/1731566894454115736/english_proc.jpg","isDownload":false,"jumpType":"0","jump_url":"","lang":1,"resolution":"272x96","width":272,"baseObjId":0},{"ad_id":"","adcode":"","height":96,"img_url":"https://hmstatic-1311597033.cos.ap-nanjing.myqcloud.com/media/ads/1727147886093655511/3-2.png","isDownload":false,"jumpType":"0","jump_url":"https://exwebsvr.smartcloudcon.com/careProcloud/#/photo","lang":1,"resolution":"272x96","width":272,"baseObjId":0},{"ad_id":"","adcode":"","height":96,"img_url":"https://hmstatic-1311597033.cos.ap-nanjing.myqcloud.com/media/ads/1737618186234639783/s
09-20 07:09:07(8101260402836375847) PID_SA INFO: [Java_com_chinatelecom_smarthome_viewer_business_impl_NativeClient_writeLogToFile:118]I/AdResourcesViewModel: hishishiping_dff4b937-0ac0-4284-9ce9-af185e3bad4c.png","isDownload":false,"jumpType":"0","jump_url":"https://exwebsvr.smartcloudcon.com/careProcloud/#/intelligentAlarm","lang":1,"resolution":"272x96","width":272,"baseObjId":0}],"jumpType":"","name":"实时视频推荐位","page_name":"","rate_times":"0-23","rate_week":"1,2,3,4,5,6,7","req_ad_timeout":5,"rule_conf":"{\"pop_type\": 1, \"pop_value\": \"\"}","rule_update_times":2609200,"show_time_end":"","show_time_length":5,"show_time_start":"2025-12-22","show_time_type":1,"skip":1,"skip_type":0,"strategy_type":0,"baseObjId":0}]},"desc":"Success"}
09-20 07:09:08(523986017988) TRAS_TASK INFO: [TrasStreamChannel_CloseChan:313]chanid 3 close ok
09-20 07:09:08(7876) MD_CACHE INFO: [Md_VideoPlayDestroyWriteHandle:269]destroy video write handle 0xb4000073e0e29700 usrid 48
09-20 07:09:08(12970367455108013764) MD_CACHE INFO: [Md_RgnPlayWriteDestroy:83]region write handle 0xb4000073e0e29800 detroyed ok
09-20 07:09:09(545460848935) PID_SA INFO: [Java_com_chinatelecom_smarthome_viewer_business_impl_NativeUser_GetDomainAddr:1672]HM_GetDomainAddr ret = 0,  aucSvrDomain:, aucWebDomain:, aucLogDomain:, aucAlexaDomain:
09-20 07:09:09(2343) PID_SA INFO: [Java_com_chinatelecom_smarthome_viewer_business_impl_NativeClient_writeLogToFile:118]I/HmHostConfig: hostInfo:{svrHost:,webHost:,logHost:,alexaHost:}
09-20 07:09:09(9570578704900237) PID_SA INFO: [Java_com_chinatelecom_smarthome_viewer_business_impl_NativeClient_writeLogToFile:118]I/CurlLogger: cURL -X POST -H "Content-Type: application/json; charset=UTF-8"  -d '{"appid":"1593592778513070","appver":"2.9.37","code":"Live_Cloud_Sale_En","companyid":"0000213ed0cdb8bc","devCfg":{},"did":"12000103c0537c93","language":"2","sdkver":"","trialFlag":"1","type":"EN","uid":"1600010140c3ad11","userGroup":[]}' "https://exsvr.smartcloudcon.com/carewebin/store/goodsinfos" -L
09-20 07:09:09(8333) PID_SA INFO: [Java_com_chinatelecom_smarthome_viewer_business_impl_NativeClient_writeLogToFile:118]I/CurlLogger: response:{"code":"1000","data":{"commodityItem":[{"campOderNumber":0,"countdownTime":-1,"currency_symbol":"$","default":0,"deviceBuyCount":0,"deviceNum":1,"freepkg":0,"google_key":"com.huiyun.care.viewer.live.7day.yearly","imageUrl":"https://hmstatic-1311597033.cos.ap-nanjing.myqcloud.com/media/ads/1740558595370296256/CN-BD-CL1-QX.png","infolist":[],"ios_key":"","market":0,"marketDiscount":0.0,"marketDuration":0,"marketPrice":"0.00","marketUnit":"","name":"7 Days Event Recording （Yearly）","number":12,"order_type_id":1,"packageid":1,"pay":["4","3"],"poid":"63079","price":"36.99","promoteGroupId":"[]","promotePkg":[],"serviceCycleName":"","serviceid":300010,"showRelName":"","showServiceCycle":1,"showType":0,"show_price":"36.99","subscription":1,"subscription_info":"","tag":{"type2":"$49.99"},"templatesnapshot":"{\"id\": \"12\", \"type\": \"BASE\", \"sdkMax\": \"3999999\", \"sdkMin\": \"0\", \"typeId\": \"1\", \"patchId\": \"1\", \"serviceItem\": [{\"bussConfig\": {}, \"functionId\": \"1010\", \"abilityConfig\":
09-20 07:09:09(2464143477835833485) PID_SA INFO: [Java_com_chinatelecom_smarthome_viewer_business_impl_NativeClient_writeLogToFile:118]I/CurlLogger:  {\"Duration\": \"30\", \"StreamID\": \"1\", \"StorageList\": [{\"LoopDays\": \"7\", \"RecordType\": \"2\"}]}}, {\"bussConfig\": {}, \"functionId\": \"1011\", \"abilityConfig\": {\"GifFlag\": \"1\", \"PicType\": \"2\", \"LoopDays\": \"7\", \"RecordType\": \"1\", \"SnapJpgCnt\": \"5\", \"GifOpenFlag\": \"0\", \"StorageType\": \"0\"}}, {\"bussConfig\": {}, \"functionId\": \"1013\", \"abilityConfig\": {\"LoopDays\": \"7\"}}], \"templateName\": \"7天事件模板-12个月\", \"deviceSupport\": \"1 \u0026\u0026 1 \u0026\u0026 1\", \"effectiveUnit\": \"MONTH\", \"lowestPriceEn\": \"73.0\", \"orientationType\": \"DEVICE\", \"lowestPriceEnUsd\": \"10.0\", \"effectiveDuration\": \"12\", \"monthLowestPriceEn\": \"11.68\", \"monthLowestPriceEnUsd\": \"1.1\"}","trialCondition":1,"trialDay":0,"uniqueid":"5jHjUlaVuo","unit":"MONTH","updatetime":"2025-09-29T15:57:19","userBuyCount":0}],"pay":[]},"desc":"success","traceId":"1f75e428-3d97-4ed9-a267-944ce627b20c"}
09-20 07:09:09(2343) PID_SA INFO: [Java_com_chinatelecom_smarthome_viewer_business_impl_NativeClient_writeLogToFile:118]I/PackageViewModel: requestGoodInfo:{"code":"1000","data":{"code":0,"commodityItem":[{"campOderNumber":"0","canTrialBuy":0,"countdownTime":"-1","currency_symbol":"$","default":0,"DescLabel":[],"deviceBuyCount":0,"deviceNum":1,"freepkg":0,"IapGoogleKeyNonSub":"","google_key":"com.huiyun.care.viewer.live.7day.yearly","imageUrl":"https://hmstatic-1311597033.cos.ap-nanjing.myqcloud.com/media/ads/1740558595370296256/CN-BD-CL1-QX.png","infolist":[],"ios_key":"","MarketingPrice":"","name":"7 Days Event Recording （Yearly）","IsNoSubscription":0,"NoSubscriptionMarketingPrice":"0","NoSubscriptionPrice":"0","number":12,"order_type_id":1,"PackageLabel":[],"packageid":"1","pay":["4","3"],"poid":"63079","price":"36.99","serviceCycleName":"","showRelName":"","showServiceCycle":1,"showType":0,"show_price":"36.99","subscription":1,"SubscriptionLanguageDesc":"","tag":{"type2":"$49.99"},"TrialDay":0,"TrialPrice":"0","TrialType":"","unit":"MONTH","updatetime":"2025-09-29T15:57:19","userBuyCount":0}],"pay":[]}}
09-20 07:09:09(2343) PID_SA INFO: [Java_com_chinatelecom_smarthome_viewer_business_impl_NativeClient_writeLogToFile:118]I/PackageViewModel: requestGoodInfo:{"code":"1000","data":{"code":0,"commodityItem":[{"campOderNumber":"0","canTrialBuy":0,"countdownTime":"-1","currency_symbol":"$","default":0,"DescLabel":[],"deviceBuyCount":0,"deviceNum":1,"freepkg":0,"IapGoogleKeyNonSub":"","google_key":"com.huiyun.care.viewer.live.7day.yearly","imageUrl":"https://hmstatic-1311597033.cos.ap-nanjing.myqcloud.com/media/ads/1740558595370296256/CN-BD-CL1-QX.png","infolist":[],"ios_key":"","MarketingPrice":"","name":"7 Days Event Recording （Yearly）","IsNoSubscription":0,"NoSubscriptionMarketingPrice":"0","NoSubscriptionPrice":"0","number":12,"order_type_id":1,"PackageLabel":[],"packageid":"1","pay":["4","3"],"poid":"63079","price":"36.99","serviceCycleName":"","showRelName":"","showServiceCycle":1,"showType":0,"show_price":"36.99","subscription":1,"SubscriptionLanguageDesc":"","tag":{"type2":"$49.99"},"TrialDay":0,"TrialPrice":"0","TrialType":"","unit":"MONTH","updatetime":"2025-09-29T15:57:19","userBuyCount":0}],"pay":[]}}
09-20 07:09:09(2343) PID_SA INFO: [Java_com_chinatelecom_smarthome_viewer_business_impl_NativeClient_writeLogToFile:118]I/GooglePayManagerV2: startConnection billingClient.isReady=true retry=false funcId= hasCallback=true
09-20 07:09:09(2343) PID_SA INFO: [Java_com_chinatelecom_smarthome_viewer_business_impl_NativeClient_writeLogToFile:118]I/GooglePayManagerV2: queryProduct start productType=subs requestSize=1 cacheSize=4
09-20 07:09:09(2343) PID_SA INFO: [Java_com_chinatelecom_smarthome_viewer_business_impl_NativeClient_writeLogToFile:118]I/GooglePayManagerV2: productType = subs productId = com.huiyun.care.viewer.live.7day.yearly
09-20 07:09:09(4294969639) PID_SA INFO: [Java_com_chinatelecom_smarthome_viewer_business_impl_NativeClient_writeLogToFile:118]I/====///===: payInfo:1
09-20 07:09:09(528280985148) CMD_TASK INFO: [Cmd_GetPeerCurNetInfo:993]reqid 160 send GetPeerCurNetInfo msg {"METHOD":"3472","SEQID":"160","FROM":{"UserToken":"1600010140c3ad111p3g5jmo63upuvo5"},"TO":{"DID":"12000103c0537c93"}} to peer 12000103c0537c93, iret 0
09-20 07:09:09(528280985148) PID_SA INFO: [Java_com_chinatelecom_smarthome_viewer_business_impl_NativeCommand_getCurNetworkInfo:543]HM_GetNetworkInfoEx ret = 0 puiReqId = 160
09-20 07:09:09(10418) PID_SA INFO: [Java_com_chinatelecom_smarthome_viewer_business_impl_NativeClient_writeLogToFile:118]I/GooglePayManagerV2: queryProduct result fetched=1 unfetched=0 cacheSize=4 billingResult = message:,responseCode=0
09-20 07:09:09(10418) PID_SA INFO: [Java_com_chinatelecom_smarthome_viewer_business_impl_NativeClient_writeLogToFile:118]I/GooglePayManagerV2: priceCurrencyCode =   formattedPrice:null,//originPrice:null
09-20 07:09:09(528280987826) PID_SA INFO: [Java_com_chinatelecom_smarthome_viewer_business_impl_NativeClient_writeLogToFile:118]I/GooglePayManagerV2: priceCurrencyCode = INR  formattedPrice:₹3,850.00,//originPrice:3850000000
09-20 07:09:09(7870) CMD_TASK INFO: [Cmd_ProcRecvNetMsg:5738]reqid 160 recv rsp content {"CODE":"0","METHOD":"3473","SEQID":"160","FROM":{"DID":"12000103c0537c93"},"TO":{"UserToken":"1600010140c3ad111p3g5jmo63upuvo5"},"BODY":{"NetType":"2","Signal":"91","IPAddr":"192.168.1.192","MacAddr":"F0:A8:82:ED:40:9D","SSID":"ASUS_30_2G"}}
09-20 07:09:09(3473465276341690046) PID_SA INFO: [FUN_DEVICE_RSP_GET_NETWORK_INFO:2502]FUN_DEVICE_RSP_GET_NETWORK_INFO reqId:160, err:0, netType:2, signalType:0, sigStrength:91, ip:192.168.1.192, ssid:ASUS_30_2G
09-20 07:09:12(528280985148) CMD_TASK INFO: [Cmd_GetPeerCurNetInfo:993]reqid 161 send GetPeerCurNetInfo msg {"METHOD":"3472","SEQID":"161","FROM":{"UserToken":"1600010140c3ad111p3g5jmo63upuvo5"},"TO":{"DID":"12000103c0537c93"}} to peer 12000103c0537c93, iret 0
09-20 07:09:12(528280985148) PID_SA INFO: [Java_com_chinatelecom_smarthome_viewer_business_impl_NativeCommand_getCurNetworkInfo:543]HM_GetNetworkInfoEx ret = 0 puiReqId = 161
09-20 07:09:12(7870) CMD_TASK INFO: [Cmd_ProcRecvNetMsg:5738]reqid 161 recv rsp content {"CODE":"0","METHOD":"3473","SEQID":"161","FROM":{"DID":"12000103c0537c93"},"TO":{"UserToken":"1600010140c3ad111p3g5jmo63upuvo5"},"BODY":{"NetType":"2","Signal":"91","IPAddr":"192.168.1.192","MacAddr":"F0:A8:82:ED:40:9D","SSID":"ASUS_30_2G"}}
09-20 07:09:12(3473465276341690046) PID_SA INFO: [FUN_DEVICE_RSP_GET_NETWORK_INFO:2502]FUN_DEVICE_RSP_GET_NETWORK_INFO reqId:161, err:0, netType:2, signalType:0, sigStrength:91, ip:192.168.1.192, ssid:ASUS_30_2G
09-20 07:09:13(2343) PID_SA INFO: [Java_com_chinatelecom_smarthome_viewer_business_impl_NativeClient_writeLogToFile:118]BaseActivity: onPause==//activity is NewDeviceSettingActivity
09-20 07:09:13(12970367459402975527) PID_SA INFO: [Java_com_chinatelecom_smarthome_viewer_business_impl_NativeClient_writeLogToFile:118]BaseActivity: onPause==mIsShowAd:false//activity is NewDeviceSettingActivity
09-20 07:09:14(545460848935) PID_SA INFO: [Java_com_chinatelecom_smarthome_viewer_business_impl_NativeDevice_getPeerAppSetting:2953]get peer appsetting deviceId: 12000103c0537c93
09-20 07:09:14(2343) PID_SA INFO: [Java_com_chinatelecom_smarthome_viewer_business_impl_NativeDevice_getPeerAppSetting:2986]get peer appsetting result: [1] [1296] [2304] [0] [43200] [1]
09-20 07:09:14(4294969639) PID_SA INFO: [Java_com_chinatelecom_smarthome_viewer_business_impl_NativeDevice_getPeerAppSetting:2953]get peer appsetting deviceId: 12000103c0537c93
09-20 07:09:14(2343) PID_SA INFO: [Java_com_chinatelecom_smarthome_viewer_business_impl_NativeDevice_getPeerAppSetting:2986]get peer appsetting result: [1] [1296] [2304] [0] [43200] [1]
09-20 07:09:14(2343) PID_SA INFO: [Java_com_chinatelecom_smarthome_viewer_business_impl_NativeClient_writeLogToFile:118]I/DeviceAbilityTools: getRecordPropInfo prop:{"RecordLoop":"1","RecordFull":"0","StreamID":"0","Duration":"0"}
09-20 07:09:14(12970367459402975527) PID_SA INFO: [Java_com_chinatelecom_smarthome_viewer_business_impl_NativeClient_writeLogToFile:118]I/DeviceAbilityTools: getRecordPropInfo prop:true
09-20 07:09:14(2343) PID_SA INFO: [Java_com_chinatelecom_smarthome_viewer_business_impl_NativeClient_writeLogToFile:118]I/BaseActivity: onResume==mIsShowAd:false//activity is DeviceConfigSettingActivity
09-20 07:09:14(2343) PID_SA INFO: [Java_com_chinatelecom_smarthome_viewer_business_impl_NativeClient_writeLogToFile:118]BaseActivity: onSaveInstanceState==mIsShowAd:false//activity is NewDeviceSettingActivity
09-20 07:09:15(528280985149) CMD_TASK INFO: [Cmd_GetPeerCurNetInfo:993]reqid 162 send GetPeerCurNetInfo msg {"METHOD":"3472","SEQID":"162","FROM":{"UserToken":"1600010140c3ad111p3g5jmo63upuvo5"},"TO":{"DID":"12000103c0537c93"}} to peer 12000103c0537c93, iret 0
09-20 07:09:15(528280985149) PID_SA INFO: [Java_com_chinatelecom_smarthome_viewer_business_impl_NativeCommand_getCurNetworkInfo:543]HM_GetNetworkInfoEx ret = 0 puiReqId = 162
09-20 07:09:15(7870) CMD_TASK INFO: [Cmd_ProcRecvNetMsg:5738]reqid 162 recv rsp content {"CODE":"0","METHOD":"3473","SEQID":"162","FROM":{"DID":"12000103c0537c93"},"TO":{"UserToken":"1600010140c3ad111p3g5jmo63upuvo5"},"BODY":{"NetType":"2","Signal":"91","IPAddr":"192.168.1.192","MacAddr":"F0:A8:82:ED:40:9D","SSID":"ASUS_30_2G"}}
09-20 07:09:15(3473465276341690046) PID_SA INFO: [FUN_DEVICE_RSP_GET_NETWORK_INFO:2502]FUN_DEVICE_RSP_GET_NETWORK_INFO reqId:162, err:0, netType:2, signalType:0, sigStrength:91, ip:192.168.1.192, ssid:ASUS_30_2G
09-20 07:09:16(12970367459402975527) PID_SA INFO: [Java_com_chinatelecom_smarthome_viewer_business_impl_NativeClient_writeLogToFile:118]BaseActivity: onPause==//activity is DeviceConfigSettingActivity
09-20 07:09:16(12970367459402975527) PID_SA INFO: [Java_com_chinatelecom_smarthome_viewer_business_impl_NativeClient_writeLogToFile:118]BaseActivity: onPause==mIsShowAd:false//activity is DeviceConfigSettingActivity
09-20 07:09:16(12970367459402975527) PID_SA INFO: [Java_com_chinatelecom_smarthome_viewer_business_impl_NativeClient_writeLogToFile:118]BaseActivity: onRestart==mIsShowAd:false//activity is NewDeviceSettingActivity
09-20 07:09:16(12970367459402975527) PID_SA INFO: [Java_com_chinatelecom_smarthome_viewer_business_impl_NativeClient_writeLogToFile:118]getInIoTProp: innerIoTBeanProp = {"PushFlag":"7","SMSFlag":"1","EmailFlag":"1","Interval":"300","EmailAddr":"","StartTime":"0","EndTime":"86400","SpanFlag":"0","Week":"127"}
09-20 07:09:16(545460848935) PID_SA INFO: [Java_com_chinatelecom_smarthome_viewer_business_impl_NativeClient_writeLogToFile:118]I/BaseActivity: onResume==mIsShowAd:false//activity is NewDeviceSettingActivity
09-20 07:09:16(2343) PID_SA INFO: [Java_com_chinatelecom_smarthome_viewer_business_impl_NativeClient_writeLogToFile:118]I/CloudChargeCardInfo: deviceId:12000103c0537c93,//chargeType:2,//chargeFlag:0
09-20 07:09:16(2343) PID_SA INFO: [Java_com_chinatelecom_smarthome_viewer_business_impl_NativeClient_writeLogToFile:118]I/CloudChargeCardInfo: deviceId:12000103c0537c93,//chargeType:1,//chargeFlag:0
09-20 07:09:16(2343) PID_SA INFO: [Java_com_chinatelecom_smarthome_viewer_business_impl_NativeClient_writeLogToFile:118]I/LowPowerHeart: deviceState = 5
09-20 07:09:16(2343) PID_SA INFO: [Java_com_chinatelecom_smarthome_viewer_business_impl_NativeClient_writeLogToFile:118]I/LowPowerHeart: 44lowPowerConsumption  startDeviceHeart //dId:12000103c0537c93//heartbeatStatus.isActive():true
09-20 07:09:16(545460848935) CMD_TASK INFO: [Cmd_CheckPeerDevVersion:4123]reqid 163 send msg {"METHOD":"3414","SEQID":"163","FROM":{"UserToken":"1600010140c3ad111p3g5jmo63upuvo5"},"TO":{"DID":"12000103c0537c93"}} to peer 12000103c0537c93, iret 0
09-20 07:09:17(7870) CMD_TASK INFO: [Cmd_ProcRecvNetMsg:5738]reqid 163 recv rsp content {"CODE":"0","METHOD":"3415","SEQID":"163","FROM":{"DID":"12000103c0537c93"},"TO":{"UserToken":"1600010140c3ad111p3g5jmo63upuvo5"},"BODY":{"Version":"","UpdateFlag":"0"}}
09-20 07:09:17(7870) PID_SA INFO: [FUN_CHECKVERSION_RSP:2162]FUN_CHECKVERSION_RSP reqId:163, error:0, status:0, version:, descUrl:
09-20 07:09:17(12970367459402975527) PID_SA INFO: [Java_com_chinatelecom_smarthome_viewer_business_impl_NativeClient_writeLogToFile:118]I/DeviceConfigSettingActivity: isNewDevice:true,updateModeEnum:0,isShowUpdate:true
09-20 07:09:17(532575947047) PID_SA INFO: [Java_com_chinatelecom_smarthome_viewer_business_impl_NativeClient_writeLogToFile:118]BaseActivity: onDestroy==mIsShowAd:false//activity is DeviceConfigSettingActivity
09-20 07:09:18(528280985149) CMD_TASK INFO: [Cmd_GetPeerCurNetInfo:993]reqid 164 send GetPeerCurNetInfo msg {"METHOD":"3472","SEQID":"164","FROM":{"UserToken":"1600010140c3ad111p3g5jmo63upuvo5"},"TO":{"DID":"12000103c0537c93"}} to peer 12000103c0537c93, iret 0
09-20 07:09:18(7741) PID_SA INFO: [Java_com_chinatelecom_smarthome_viewer_business_impl_NativeCommand_getCurNetworkInfo:543]HM_GetNetworkInfoEx ret = 0 puiReqId = 164
09-20 07:09:18(7870) CMD_TASK INFO: [Cmd_ProcRecvNetMsg:5738]reqid 164 recv rsp content {"CODE":"0","METHOD":"3473","SEQID":"164","FROM":{"DID":"12000103c0537c93"},"TO":{"UserToken":"1600010140c3ad111p3g5jmo63upuvo5"},"BODY":{"NetType":"2","Signal":"91","IPAddr":"192.168.1.192","MacAddr":"F0:A8:82:ED:40:9D","SSID":"ASUS_30_2G"}}
09-20 07:09:18(3473465276341690046) PID_SA INFO: [FUN_DEVICE_RSP_GET_NETWORK_INFO:2502]FUN_DEVICE_RSP_GET_NETWORK_INFO reqId:164, err:0, netType:2, signalType:0, sigStrength:91, ip:192.168.1.192, ssid:ASUS_30_2G
09-20 07:09:21(528280985149) CMD_TASK INFO: [Cmd_GetPeerCurNetInfo:993]reqid 165 send GetPeerCurNetInfo msg {"METHOD":"3472","SEQID":"165","FROM":{"UserToken":"1600010140c3ad111p3g5jmo63upuvo5"},"TO":{"DID":"12000103c0537c93"}} to peer 12000103c0537c93, iret 0
09-20 07:09:21(528280985149) PID_SA INFO: [Java_com_chinatelecom_smarthome_viewer_business_impl_NativeCommand_getCurNetworkInfo:543]HM_GetNetworkInfoEx ret = 0 puiReqId = 165
09-20 07:09:21(7870) CMD_TASK INFO: [Cmd_ProcRecvNetMsg:5738]reqid 165 recv rsp content {"CODE":"0","METHOD":"3473","SEQID":"165","FROM":{"DID":"12000103c0537c93"},"TO":{"UserToken":"1600010140c3ad111p3g5jmo63upuvo5"},"BODY":{"NetType":"2","Signal":"91","IPAddr":"192.168.1.192","MacAddr":"F0:A8:82:ED:40:9D","SSID":"ASUS_30_2G"}}
09-20 07:09:21(3473465276341690046) PID_SA INFO: [FUN_DEVICE_RSP_GET_NETWORK_INFO:2502]FUN_DEVICE_RSP_GET_NETWORK_INFO reqId:165, err:0, netType:2, signalType:0, sigStrength:91, ip:192.168.1.192, ssid:ASUS_30_2G
09-20 07:09:24(12970367459402975527) PID_SA INFO: [Java_com_chinatelecom_smarthome_viewer_business_impl_NativeClient_writeLogToFile:118]BaseActivity: onPause==//activity is NewDeviceSettingActivity
09-20 07:09:24(12970367459402975527) PID_SA INFO: [Java_com_chinatelecom_smarthome_viewer_business_impl_NativeClient_writeLogToFile:118]BaseActivity: onPause==mIsShowAd:false//activity is NewDeviceSettingActivity
09-20 07:09:24(545460848935) PID_SA INFO: [Java_com_chinatelecom_smarthome_viewer_business_impl_NativeDevice_getPeerAppSetting:2953]get peer appsetting deviceId: 12000103c0537c93
09-20 07:09:24(2343) PID_SA INFO: [Java_com_chinatelecom_smarthome_viewer_business_impl_NativeDevice_getPeerAppSetting:2986]get peer appsetting result: [1] [1296] [2304] [0] [43200] [1]
09-20 07:09:24(4294969639) PID_SA INFO: [Java_com_chinatelecom_smarthome_viewer_business_impl_NativeDevice_getPeerAppSetting:2953]get peer appsetting deviceId: 12000103c0537c93
09-20 07:09:24(2343) PID_SA INFO: [Java_com_chinatelecom_smarthome_viewer_business_impl_NativeDevice_getPeerAppSetting:2986]get peer appsetting result: [1] [1296] [2304] [0] [43200] [1]
09-20 07:09:24(2343) PID_SA INFO: [Java_com_chinatelecom_smarthome_viewer_business_impl_NativeClient_writeLogToFile:118]I/DeviceAbilityTools: getRecordPropInfo prop:{"RecordLoop":"1","RecordFull":"0","StreamID":"0","Duration":"0"}
09-20 07:09:24(12970367459402975527) PID_SA INFO: [Java_com_chinatelecom_smarthome_viewer_business_impl_NativeClient_writeLogToFile:118]I/DeviceAbilityTools: getRecordPropInfo prop:true
09-20 07:09:24(2343) PID_SA INFO: [Java_com_chinatelecom_smarthome_viewer_business_impl_NativeClient_writeLogToFile:118]I/BaseActivity: onResume==mIsShowAd:false//activity is DeviceConfigSettingActivity
09-20 07:09:24(2343) PID_SA INFO: [Java_com_chinatelecom_smarthome_viewer_business_impl_NativeClient_writeLogToFile:118]BaseActivity: onSaveInstanceState==mIsShowAd:false//activity is NewDeviceSettingActivity
09-20 07:09:24(523986018012) CMD_TASK INFO: [Cmd_GetPeerCurNetInfo:993]reqid 166 send GetPeerCurNetInfo msg {"METHOD":"3472","SEQID":"166","FROM":{"UserToken":"1600010140c3ad111p3g5jmo63upuvo5"},"TO":{"DID":"12000103c0537c93"}} to peer 12000103c0537c93, iret 0
09-20 07:09:24(523986018012) PID_SA INFO: [Java_com_chinatelecom_smarthome_viewer_business_impl_NativeCommand_getCurNetworkInfo:543]HM_GetNetworkInfoEx ret = 0 puiReqId = 166
09-20 07:09:25(7870) CMD_TASK INFO: [Cmd_ProcRecvNetMsg:5738]reqid 166 recv rsp content {"CODE":"0","METHOD":"3473","SEQID":"166","FROM":{"DID":"12000103c0537c93"},"TO":{"UserToken":"1600010140c3ad111p3g5jmo63upuvo5"},"BODY":{"NetType":"2","Signal":"91","IPAddr":"192.168.1.192","MacAddr":"F0:A8:82:ED:40:9D","SSID":"ASUS_30_2G"}}
09-20 07:09:25(3473465276341690046) PID_SA INFO: [FUN_DEVICE_RSP_GET_NETWORK_INFO:2502]FUN_DEVICE_RSP_GET_NETWORK_INFO reqId:166, err:0, netType:2, signalType:0, sigStrength:91, ip:192.168.1.192, ssid:ASUS_30_2G
09-20 07:09:25(2343) PID_SA INFO: [Java_com_chinatelecom_smarthome_viewer_business_impl_NativeClient_writeLogToFile:118]I/BasicActivity: onKeyDown BasicActivity className:com.huiyun.care.viewer.setting.DeviceConfigSettingActivity
09-20 07:09:25(12970367459402975527) PID_SA INFO: [Java_com_chinatelecom_smarthome_viewer_business_impl_NativeClient_writeLogToFile:118]BaseActivity: onPause==//activity is DeviceConfigSettingActivity
09-20 07:09:25(545460848935) PID_SA INFO: [Java_com_chinatelecom_smarthome_viewer_business_impl_NativeClient_writeLogToFile:118]BaseActivity: onPause==mIsShowAd:false//activity is DeviceConfigSettingActivity
09-20 07:09:25(2343) PID_SA INFO: [Java_com_chinatelecom_smarthome_viewer_business_impl_NativeClient_writeLogToFile:118]BaseActivity: onRestart==mIsShowAd:false//activity is NewDeviceSettingActivity
09-20 07:09:25(12970367459402975527) PID_SA INFO: [Java_com_chinatelecom_smarthome_viewer_business_impl_NativeClient_writeLogToFile:118]getInIoTProp: innerIoTBeanProp = {"PushFlag":"7","SMSFlag":"1","EmailFlag":"1","Interval":"300","EmailAddr":"","StartTime":"0","EndTime":"86400","SpanFlag":"0","Week":"127"}
09-20 07:09:25(545460848935) PID_SA INFO: [Java_com_chinatelecom_smarthome_viewer_business_impl_NativeClient_writeLogToFile:118]I/BaseActivity: onResume==mIsShowAd:false//activity is NewDeviceSettingActivity
09-20 07:09:25(2343) PID_SA INFO: [Java_com_chinatelecom_smarthome_viewer_business_impl_NativeClient_writeLogToFile:118]I/CloudChargeCardInfo: deviceId:12000103c0537c93,//chargeType:2,//chargeFlag:0
09-20 07:09:25(2343) PID_SA INFO: [Java_com_chinatelecom_smarthome_viewer_business_impl_NativeClient_writeLogToFile:118]I/CloudChargeCardInfo: deviceId:12000103c0537c93,//chargeType:1,//chargeFlag:0
09-20 07:09:25(2343) PID_SA INFO: [Java_com_chinatelecom_smarthome_viewer_business_impl_NativeClient_writeLogToFile:118]I/LowPowerHeart: deviceState = 5
09-20 07:09:25(545460848935) PID_SA INFO: [Java_com_chinatelecom_smarthome_viewer_business_impl_NativeClient_writeLogToFile:118]I/LowPowerHeart: 44lowPowerConsumption  startDeviceHeart //dId:12000103c0537c93//heartbeatStatus.isActive():true
09-20 07:09:25(545460848935) CMD_TASK INFO: [Cmd_CheckPeerDevVersion:4123]reqid 167 send msg {"METHOD":"3414","SEQID":"167","FROM":{"UserToken":"1600010140c3ad111p3g5jmo63upuvo5"},"TO":{"DID":"12000103c0537c93"}} to peer 12000103c0537c93, iret 0
09-20 07:09:25(528280979751) PID_SA INFO: [Java_com_chinatelecom_smarthome_viewer_business_impl_NativeClient_writeLogToFile:118]BaseActivity: onDestroy==mIsShowAd:false//activity is DeviceConfigSettingActivity
09-20 07:09:26(12970367459402975527) PID_SA INFO: [Java_com_chinatelecom_smarthome_viewer_business_impl_NativeClient_writeLogToFile:118]BaseActivity: onPause==//activity is NewDeviceSettingActivity
09-20 07:09:26(12970367459402975527) PID_SA INFO: [Java_com_chinatelecom_smarthome_viewer_business_impl_NativeClient_writeLogToFile:118]BaseActivity: onPause==mIsShowAd:false//activity is NewDeviceSettingActivity
09-20 07:09:26(545460848935) PID_SA INFO: [Java_com_chinatelecom_smarthome_viewer_business_impl_NativeClient_writeLogToFile:118]I/BaseActivity: onResume==mIsShowAd:false//activity is ShareDeviceMainActivity
09-20 07:09:26(7870) CMD_TASK INFO: [Cmd_ProcRecvNetMsg:5738]reqid 167 recv rsp content {"CODE":"0","METHOD":"3415","SEQID":"167","FROM":{"DID":"12000103c0537c93"},"TO":{"UserToken":"1600010140c3ad111p3g5jmo63upuvo5"},"BODY":{"Version":"","UpdateFlag":"0"}}
09-20 07:09:26(7870) PID_SA INFO: [FUN_CHECKVERSION_RSP:2162]FUN_CHECKVERSION_RSP reqId:167, error:0, status:0, version:, descUrl:
09-20 07:09:26(2343) PID_SA INFO: [Java_com_chinatelecom_smarthome_viewer_business_impl_NativeClient_writeLogToFile:118]I/ShareDeviceMainActivity: isNewDevice:true,updateModeEnum:0,isShowUpdate:true
09-20 07:09:26(2343) PID_SA INFO: [Java_com_chinatelecom_smarthome_viewer_business_impl_NativeClient_writeLogToFile:118]BaseActivity: onSaveInstanceState==mIsShowAd:false//activity is NewDeviceSettingActivity
09-20 07:09:27(528280985149) CMD_TASK INFO: [Cmd_GetPeerCurNetInfo:993]reqid 168 send GetPeerCurNetInfo msg {"METHOD":"3472","SEQID":"168","FROM":{"UserToken":"1600010140c3ad111p3g5jmo63upuvo5"},"TO":{"DID":"12000103c0537c93"}} to peer 12000103c0537c93, iret 0
09-20 07:09:27(528280985149) PID_SA INFO: [Java_com_chinatelecom_smarthome_viewer_business_impl_NativeCommand_getCurNetworkInfo:543]HM_GetNetworkInfoEx ret = 0 puiReqId = 168
09-20 07:09:28(7870) CMD_TASK INFO: [Cmd_ProcRecvNetMsg:5738]reqid 168 recv rsp content {"CODE":"0","METHOD":"3473","SEQID":"168","FROM":{"DID":"12000103c0537c93"},"TO":{"UserToken":"1600010140c3ad111p3g5jmo63upuvo5"},"BODY":{"NetType":"2","Signal":"91","IPAddr":"192.168.1.192","MacAddr":"F0:A8:82:ED:40:9D","SSID":"ASUS_30_2G"}}
09-20 07:09:28(3473465276341690046) PID_SA INFO: [FUN_DEVICE_RSP_GET_NETWORK_INFO:2502]FUN_DEVICE_RSP_GET_NETWORK_INFO reqId:168, err:0, netType:2, signalType:0, sigStrength:91, ip:192.168.1.192, ssid:ASUS_30_2G
09-20 07:09:28(12970367459402975527) PID_SA INFO: [Java_com_chinatelecom_smarthome_viewer_business_impl_NativeClient_writeLogToFile:118]BaseActivity: onPause==//activity is ShareDeviceMainActivity
09-20 07:09:28(12970367459402975527) PID_SA INFO: [Java_com_chinatelecom_smarthome_viewer_business_impl_NativeClient_writeLogToFile:118]BaseActivity: onPause==mIsShowAd:false//activity is ShareDeviceMainActivity
09-20 07:09:28(545460848935) PID_SA INFO: [Java_com_chinatelecom_smarthome_viewer_business_impl_NativeClient_writeLogToFile:118]I/BaseActivity: onResume==mIsShowAd:false//activity is ShareWaysActivity
09-20 07:09:29(2343) PID_SA INFO: [Java_com_chinatelecom_smarthome_viewer_business_impl_NativeClient_writeLogToFile:118]BaseActivity: onSaveInstanceState==mIsShowAd:false//activity is ShareDeviceMainActivity
09-20 07:09:30(12970367459402975527) PID_SA INFO: [Java_com_chinatelecom_smarthome_viewer_business_impl_NativeClient_writeLogToFile:118]BaseActivity: onPause==//activity is ShareWaysActivity
09-20 07:09:30(12970367459402975527) PID_SA INFO: [Java_com_chinatelecom_smarthome_viewer_business_impl_NativeClient_writeLogToFile:118]BaseActivity: onPause==mIsShowAd:false//activity is ShareWaysActivity
09-20 07:09:30(545460848935) PID_SA INFO: [Java_com_chinatelecom_smarthome_viewer_business_impl_NativeUser_GetDomainAddr:1672]HM_GetDomainAddr ret = 0,  aucSvrDomain:, aucWebDomain:, aucLogDomain:, aucAlexaDomain:
09-20 07:09:30(2343) PID_SA INFO: [Java_com_chinatelecom_smarthome_viewer_business_impl_NativeClient_writeLogToFile:118]I/HmHostConfig: hostInfo:{svrHost:,webHost:,logHost:,alexaHost:}
09-20 07:09:30(545460848935) PID_SA INFO: [Java_com_chinatelecom_smarthome_viewer_business_impl_NativeClient_writeLogToFile:118]I/BaseActivity: onResume==mIsShowAd:false//activity is ShareByQrCodeActivity
09-20 07:09:30(528280985149) CMD_TASK INFO: [Cmd_GetPeerCurNetInfo:993]reqid 169 send GetPeerCurNetInfo msg {"METHOD":"3472","SEQID":"169","FROM":{"UserToken":"1600010140c3ad111p3g5jmo63upuvo5"},"TO":{"DID":"12000103c0537c93"}} to peer 12000103c0537c93, iret 0
09-20 07:09:30(528280985149) PID_SA INFO: [Java_com_chinatelecom_smarthome_viewer_business_impl_NativeCommand_getCurNetworkInfo:543]HM_GetNetworkInfoEx ret = 0 puiReqId = 169
09-20 07:09:30(7870) CMD_TASK INFO: [Cmd_ProcRecvNetMsg:5738]reqid 169 recv rsp content {"CODE":"0","METHOD":"3473","SEQID":"169","FROM":{"DID":"12000103c0537c93"},"TO":{"UserToken":"1600010140c3ad111p3g5jmo63upuvo5"},"BODY":{"NetType":"2","Signal":"91","IPAddr":"192.168.1.192","MacAddr":"F0:A8:82:ED:40:9D","SSID":"ASUS_30_2G"}}
09-20 07:09:30(3473465276341690046) PID_SA INFO: [FUN_DEVICE_RSP_GET_NETWORK_INFO:2502]FUN_DEVICE_RSP_GET_NETWORK_INFO reqId:169, err:0, netType:2, signalType:0, sigStrength:91, ip:192.168.1.192, ssid:ASUS_30_2G
09-20 07:09:30(2343) PID_SA INFO: [Java_com_chinatelecom_smarthome_viewer_business_impl_NativeClient_writeLogToFile:118]BaseActivity: onSaveInstanceState==mIsShowAd:false//activity is ShareWaysActivity
09-20 07:09:32(12970367459402975527) PID_SA INFO: [Java_com_chinatelecom_smarthome_viewer_business_impl_NativeClient_writeLogToFile:118]saveImageToGallery: delete = true
09-20 07:09:33(7875) TRAS_TASK INFO: [TrasP2PSlot_ProcTcpState:310]tcpslot 0xb400007c826c1680 turn to close for not inuse
09-20 07:09:33(523986017987) cos INFO: [Cos_SocketClose:390]socket<503> closed
09-20 07:09:33(7875) TRAS_TASK INFO: [TrasP2PSlot_ProcTcpState:352]tcpslot 0xb400007c826c1680 closed ok reset bestslot 0
09-20 07:09:33(523986017987) TRAS_TASK INFO: [TrasP2PSlot_Close:61]close the Slot 0xb400007c826c1680  flag 0 ok .
09-20 07:09:33(2343) PID_SA INFO: [Java_com_chinatelecom_smarthome_viewer_business_impl_NativeClient_writeLogToFile:118]I/AppLovinAdManager: showAdBanner==onAdLoadFailed==code:-1000,meg:Failed to connect to ms.applvn.com/0.0.0.0:443
09-20 07:09:33(2343) PID_SA INFO: [Java_com_chinatelecom_smarthome_viewer_business_impl_NativeClient_writeLogToFile:118]I/AppLovinAdManager: showAdBanner==onAdLoadFailed==code:-1000,meg:Failed to connect to ms.applvn.com/0.0.0.0:443
09-20 07:09:33(2343) PID_SA INFO: [Java_com_chinatelecom_smarthome_viewer_business_impl_NativeClient_writeLogToFile:118]I/AppLovinAdManager: showAdBanner==onAdLoadFailed==code:-1000,meg:Failed to connect to ms.applvn.com/0.0.0.0:443
09-20 07:09:33(2343) PID_SA INFO: [Java_com_chinatelecom_smarthome_viewer_business_impl_NativeClient_writeLogToFile:118]I/AppLovinAdManager: showAdBanner==onAdLoadFailed==code:-1000,meg:Failed to connect to ms.applvn.com/0.0.0.0:443
09-20 07:09:33(523986018012) CMD_TASK INFO: [Cmd_GetPeerCurNetInfo:993]reqid 170 send GetPeerCurNetInfo msg {"METHOD":"3472","SEQID":"170","FROM":{"UserToken":"1600010140c3ad111p3g5jmo63upuvo5"},"TO":{"DID":"12000103c0537c93"}} to peer 12000103c0537c93, iret 0
09-20 07:09:33(523986018012) PID_SA INFO: [Java_com_chinatelecom_smarthome_viewer_business_impl_NativeCommand_getCurNetworkInfo:543]HM_GetNetworkInfoEx ret = 0 puiReqId = 170
09-20 07:09:33(7870) CMD_TASK INFO: [Cmd_ProcRecvNetMsg:5738]reqid 170 recv rsp content {"CODE":"0","METHOD":"3473","SEQID":"170","FROM":{"DID":"12000103c0537c93"},"TO":{"UserToken":"1600010140c3ad111p3g5jmo63upuvo5"},"BODY":{"NetType":"2","Signal":"91","IPAddr":"192.168.1.192","MacAddr":"F0:A8:82:ED:40:9D","SSID":"ASUS_30_2G"}}
09-20 07:09:33(3473465276341690046) PID_SA INFO: [FUN_DEVICE_RSP_GET_NETWORK_INFO:2502]FUN_DEVICE_RSP_GET_NETWORK_INFO reqId:170, err:0, netType:2, signalType:0, sigStrength:91, ip:192.168.1.192, ssid:ASUS_30_2G
09-20 07:09:36(2343) PID_SA INFO: [Java_com_chinatelecom_smarthome_viewer_business_impl_NativeClient_writeLogToFile:118]I/BasicActivity: onKeyDown BasicActivity className:com.huiyun.care.viewer.share.ShareByQrCodeActivity
09-20 07:09:36(12970367459402975527) PID_SA INFO: [Java_com_chinatelecom_smarthome_viewer_business_impl_NativeClient_writeLogToFile:118]BaseActivity: onPause==//activity is ShareByQrCodeActivity
09-20 07:09:36(12970367459402975527) PID_SA INFO: [Java_com_chinatelecom_smarthome_viewer_business_impl_NativeClient_writeLogToFile:118]BaseActivity: onPause==mIsShowAd:false//activity is ShareByQrCodeActivity
09-20 07:09:36(536870914343) PID_SA INFO: [Java_com_chinatelecom_smarthome_viewer_business_impl_NativeClient_writeLogToFile:118]BaseActivity: onRestart==mIsShowAd:false//activity is ShareWaysActivity
09-20 07:09:36(545460848935) PID_SA INFO: [Java_com_chinatelecom_smarthome_viewer_business_impl_NativeClient_writeLogToFile:118]I/BaseActivity: onResume==mIsShowAd:false//activity is ShareWaysActivity
09-20 07:09:36(523986012455) PID_SA INFO: [Java_com_chinatelecom_smarthome_viewer_business_impl_NativeClient_writeLogToFile:118]BaseActivity: onDestroy==mIsShowAd:false//activity is ShareByQrCodeActivity
09-20 07:09:36(523986018012) CMD_TASK INFO: [Cmd_GetPeerCurNetInfo:993]reqid 171 send GetPeerCurNetInfo msg {"METHOD":"3472","SEQID":"171","FROM":{"UserToken":"1600010140c3ad111p3g5jmo63upuvo5"},"TO":{"DID":"12000103c0537c93"}} to peer 12000103c0537c93, iret 0
09-20 07:09:36(523986018012) PID_SA INFO: [Java_com_chinatelecom_smarthome_viewer_business_impl_NativeCommand_getCurNetworkInfo:543]HM_GetNetworkInfoEx ret = 0 puiReqId = 171
09-20 07:09:37(7870) CMD_TASK INFO: [Cmd_ProcRecvNetMsg:5738]reqid 171 recv rsp content {"CODE":"0","METHOD":"3473","SEQID":"171","FROM":{"DID":"12000103c0537c93"},"TO":{"UserToken":"1600010140c3ad111p3g5jmo63upuvo5"},"BODY":{"NetType":"2","Signal":"91","IPAddr":"192.168.1.192","MacAddr":"F0:A8:82:ED:40:9D","SSID":"ASUS_30_2G"}}
09-20 07:09:37(3473465276341690046) PID_SA INFO: [FUN_DEVICE_RSP_GET_NETWORK_INFO:2502]FUN_DEVICE_RSP_GET_NETWORK_INFO reqId:171, err:0, netType:2, signalType:0, sigStrength:91, ip:192.168.1.192, ssid:ASUS_30_2G
09-20 07:09:37(2343) PID_SA INFO: [Java_com_chinatelecom_smarthome_viewer_business_impl_NativeClient_writeLogToFile:118]I/BasicActivity: onKeyDown BasicActivity className:com.huiyun.care.viewer.share.ShareWaysActivity
09-20 07:09:37(12970367459402975527) PID_SA INFO: [Java_com_chinatelecom_smarthome_viewer_business_impl_NativeClient_writeLogToFile:118]BaseActivity: onPause==//activity is ShareWaysActivity
09-20 07:09:37(12970367459402975527) PID_SA INFO: [Java_com_chinatelecom_smarthome_viewer_business_impl_NativeClient_writeLogToFile:118]BaseActivity: onPause==mIsShowAd:false//activity is ShareWaysActivity
09-20 07:09:37(536870914343) PID_SA INFO: [Java_com_chinatelecom_smarthome_viewer_business_impl_NativeClient_writeLogToFile:118]BaseActivity: onRestart==mIsShowAd:false//activity is ShareDeviceMainActivity
09-20 07:09:37(545460848935) PID_SA INFO: [Java_com_chinatelecom_smarthome_viewer_business_impl_NativeClient_writeLogToFile:118]I/BaseActivity: onResume==mIsShowAd:false//activity is ShareDeviceMainActivity
09-20 07:09:37(523986012455) PID_SA INFO: [Java_com_chinatelecom_smarthome_viewer_business_impl_NativeClient_writeLogToFile:118]BaseActivity: onDestroy==mIsShowAd:false//activity is ShareWaysActivity
09-20 07:09:38(2343) PID_SA INFO: [Java_com_chinatelecom_smarthome_viewer_business_impl_NativeClient_writeLogToFile:118]I/BasicActivity: onKeyDown BasicActivity className:com.huiyun.care.viewer.share.ShareDeviceMainActivity
09-20 07:09:38(12970367459402975527) PID_SA INFO: [Java_com_chinatelecom_smarthome_viewer_business_impl_NativeClient_writeLogToFile:118]BaseActivity: onPause==//activity is ShareDeviceMainActivity
09-20 07:09:38(12970367459402975527) PID_SA INFO: [Java_com_chinatelecom_smarthome_viewer_business_impl_NativeClient_writeLogToFile:118]BaseActivity: onPause==mIsShowAd:false//activity is ShareDeviceMainActivity
09-20 07:09:38(2343) PID_SA INFO: [Java_com_chinatelecom_smarthome_viewer_business_impl_NativeClient_writeLogToFile:118]BaseActivity: onRestart==mIsShowAd:false//activity is NewDeviceSettingActivity
09-20 07:09:38(2343) PID_SA INFO: [Java_com_chinatelecom_smarthome_viewer_business_impl_NativeClient_writeLogToFile:118]getInIoTProp: innerIoTBeanProp = {"PushFlag":"7","SMSFlag":"1","EmailFlag":"1","Interval":"300","EmailAddr":"","StartTime":"0","EndTime":"86400","SpanFlag":"0","Week":"127"}
09-20 07:09:38(545460848935) PID_SA INFO: [Java_com_chinatelecom_smarthome_viewer_business_impl_NativeClient_writeLogToFile:118]I/BaseActivity: onResume==mIsShowAd:false//activity is NewDeviceSettingActivity
09-20 07:09:38(2343) PID_SA INFO: [Java_com_chinatelecom_smarthome_viewer_business_impl_NativeClient_writeLogToFile:118]I/CloudChargeCardInfo: deviceId:12000103c0537c93,//chargeType:2,//chargeFlag:0
09-20 07:09:38(2343) PID_SA INFO: [Java_com_chinatelecom_smarthome_viewer_business_impl_NativeClient_writeLogToFile:118]I/CloudChargeCardInfo: deviceId:12000103c0537c93,//chargeType:1,//chargeFlag:0
09-20 07:09:38(2343) PID_SA INFO: [Java_com_chinatelecom_smarthome_viewer_business_impl_NativeClient_writeLogToFile:118]I/LowPowerHeart: deviceState = 5
09-20 07:09:38(2343) PID_SA INFO: [Java_com_chinatelecom_smarthome_viewer_business_impl_NativeClient_writeLogToFile:118]I/LowPowerHeart: 44lowPowerConsumption  startDeviceHeart //dId:12000103c0537c93//heartbeatStatus.isActive():true
09-20 07:09:38(545460848935) CMD_TASK INFO: [Cmd_CheckPeerDevVersion:4123]reqid 172 send msg {"METHOD":"3414","SEQID":"172","FROM":{"UserToken":"1600010140c3ad111p3g5jmo63upuvo5"},"TO":{"DID":"12000103c0537c93"}} to peer 12000103c0537c93, iret 0
09-20 07:09:39(523986012455) PID_SA INFO: [Java_com_chinatelecom_smarthome_viewer_business_impl_NativeClient_writeLogToFile:118]BaseActivity: onDestroy==mIsShowAd:false//activity is ShareDeviceMainActivity
09-20 07:09:39(7870) CMD_TASK INFO: [Cmd_ProcRecvNetMsg:5738]reqid 172 recv rsp content {"CODE":"0","METHOD":"3415","SEQID":"172","FROM":{"DID":"12000103c0537c93"},"TO":{"UserToken":"1600010140c3ad111p3g5jmo63upuvo5"},"BODY":{"Version":"","UpdateFlag":"0"}}
09-20 07:09:39(7870) PID_SA INFO: [FUN_CHECKVERSION_RSP:2162]FUN_CHECKVERSION_RSP reqId:172, error:0, status:0, version:, descUrl:
09-20 07:09:39(2343) PID_SA INFO: [Java_com_chinatelecom_smarthome_viewer_business_impl_NativeClient_writeLogToFile:118]I/ShareByQrCodeActivity: isNewDevice:true,updateModeEnum:0,isShowUpdate:true
09-20 07:09:39(523986018012) CMD_TASK INFO: [Cmd_GetPeerCurNetInfo:993]reqid 173 send GetPeerCurNetInfo msg {"METHOD":"3472","SEQID":"173","FROM":{"UserToken":"1600010140c3ad111p3g5jmo63upuvo5"},"TO":{"DID":"12000103c0537c93"}} to peer 12000103c0537c93, iret 0
09-20 07:09:39(523986018012) PID_SA INFO: [Java_com_chinatelecom_smarthome_viewer_business_impl_NativeCommand_getCurNetworkInfo:543]HM_GetNetworkInfoEx ret = 0 puiReqId = 173
09-20 07:09:39(12970367459402975527) PID_SA INFO: [Java_com_chinatelecom_smarthome_viewer_business_impl_NativeClient_writeLogToFile:118]BaseActivity: onPause==//activity is NewDeviceSettingActivity
09-20 07:09:39(12970367459402975527) PID_SA INFO: [Java_com_chinatelecom_smarthome_viewer_business_impl_NativeClient_writeLogToFile:118]BaseActivity: onPause==mIsShowAd:false//activity is NewDeviceSettingActivity
09-20 07:09:40(7870) CMD_TASK INFO: [Cmd_ProcRecvNetMsg:5738]reqid 173 recv rsp content {"CODE":"0","METHOD":"3473","SEQID":"173","FROM":{"DID":"12000103c0537c93"},"TO":{"UserToken":"1600010140c3ad111p3g5jmo63upuvo5"},"BODY":{"NetType":"2","Signal":"91","IPAddr":"192.168.1.192","MacAddr":"F0:A8:82:ED:40:9D","SSID":"ASUS_30_2G"}}
09-20 07:09:40(3473465276341690046) PID_SA INFO: [FUN_DEVICE_RSP_GET_NETWORK_INFO:2502]FUN_DEVICE_RSP_GET_NETWORK_INFO reqId:173, err:0, netType:2, signalType:0, sigStrength:91, ip:192.168.1.192, ssid:ASUS_30_2G
09-20 07:09:40(545460848935) PID_SA INFO: [Java_com_chinatelecom_smarthome_viewer_business_impl_NativeDevice_getPeerAppSetting:2953]get peer appsetting deviceId: 12000103c0537c93
09-20 07:09:40(2343) PID_SA INFO: [Java_com_chinatelecom_smarthome_viewer_business_impl_NativeDevice_getPeerAppSetting:2986]get peer appsetting result: [1] [1296] [2304] [0] [43200] [1]
09-20 07:09:40(4294969639) PID_SA INFO: [Java_com_chinatelecom_smarthome_viewer_business_impl_NativeDevice_getPeerAppSetting:2953]get peer appsetting deviceId: 12000103c0537c93
09-20 07:09:40(2343) PID_SA INFO: [Java_com_chinatelecom_smarthome_viewer_business_impl_NativeDevice_getPeerAppSetting:2986]get peer appsetting result: [1] [1296] [2304] [0] [43200] [1]
09-20 07:09:40(2343) PID_SA INFO: [Java_com_chinatelecom_smarthome_viewer_business_impl_NativeClient_writeLogToFile:118]I/DeviceAbilityTools: getRecordPropInfo prop:{"RecordLoop":"1","RecordFull":"0","StreamID":"0","Duration":"0"}
09-20 07:09:40(12970367459402975527) PID_SA INFO: [Java_com_chinatelecom_smarthome_viewer_business_impl_NativeClient_writeLogToFile:118]I/DeviceAbilityTools: getRecordPropInfo prop:true
09-20 07:09:40(2343) PID_SA INFO: [Java_com_chinatelecom_smarthome_viewer_business_impl_NativeClient_writeLogToFile:118]I/BaseActivity: onResume==mIsShowAd:false//activity is DeviceConfigSettingActivity
09-20 07:09:40(2343) PID_SA INFO: [Java_com_chinatelecom_smarthome_viewer_business_impl_NativeClient_writeLogToFile:118]BaseActivity: onSaveInstanceState==mIsShowAd:false//activity is NewDeviceSettingActivity
09-20 07:09:42(2343) PID_SA INFO: [Java_com_chinatelecom_smarthome_viewer_business_impl_NativeClient_writeLogToFile:118]I/BasicActivity: onKeyDown BasicActivity className:com.huiyun.care.viewer.setting.DeviceConfigSettingActivity
09-20 07:09:42(523986018012) CMD_TASK INFO: [Cmd_GetPeerCurNetInfo:993]reqid 174 send GetPeerCurNetInfo msg {"METHOD":"3472","SEQID":"174","FROM":{"UserToken":"1600010140c3ad111p3g5jmo63upuvo5"},"TO":{"DID":"12000103c0537c93"}} to peer 12000103c0537c93, iret 0
09-20 07:09:42(523986018012) PID_SA INFO: [Java_com_chinatelecom_smarthome_viewer_business_impl_NativeCommand_getCurNetworkInfo:543]HM_GetNetworkInfoEx ret = 0 puiReqId = 174
09-20 07:09:42(12970367459402975527) PID_SA INFO: [Java_com_chinatelecom_smarthome_viewer_business_impl_NativeClient_writeLogToFile:118]BaseActivity: onPause==//activity is DeviceConfigSettingActivity
09-20 07:09:42(545460848935) PID_SA INFO: [Java_com_chinatelecom_smarthome_viewer_business_impl_NativeClient_writeLogToFile:118]BaseActivity: onPause==mIsShowAd:false//activity is DeviceConfigSettingActivity
09-20 07:09:42(2343) PID_SA INFO: [Java_com_chinatelecom_smarthome_viewer_business_impl_NativeClient_writeLogToFile:118]BaseActivity: onRestart==mIsShowAd:false//activity is NewDeviceSettingActivity
09-20 07:09:42(12970367459402975527) PID_SA INFO: [Java_com_chinatelecom_smarthome_viewer_business_impl_NativeClient_writeLogToFile:118]getInIoTProp: innerIoTBeanProp = {"PushFlag":"7","SMSFlag":"1","EmailFlag":"1","Interval":"300","EmailAddr":"","StartTime":"0","EndTime":"86400","SpanFlag":"0","Week":"127"}
09-20 07:09:42(545460848935) PID_SA INFO: [Java_com_chinatelecom_smarthome_viewer_business_impl_NativeClient_writeLogToFile:118]I/BaseActivity: onResume==mIsShowAd:false//activity is NewDeviceSettingActivity
09-20 07:09:42(2343) PID_SA INFO: [Java_com_chinatelecom_smarthome_viewer_business_impl_NativeClient_writeLogToFile:118]I/CloudChargeCardInfo: deviceId:12000103c0537c93,//chargeType:2,//chargeFlag:0
09-20 07:09:42(2343) PID_SA INFO: [Java_com_chinatelecom_smarthome_viewer_business_impl_NativeClient_writeLogToFile:118]I/CloudChargeCardInfo: deviceId:12000103c0537c93,//chargeType:1,//chargeFlag:0
09-20 07:09:42(2343) PID_SA INFO: [Java_com_chinatelecom_smarthome_viewer_business_impl_NativeClient_writeLogToFile:118]I/LowPowerHeart: deviceState = 5
09-20 07:09:42(545460848935) PID_SA INFO: [Java_com_chinatelecom_smarthome_viewer_business_impl_NativeClient_writeLogToFile:118]I/LowPowerHeart: 44lowPowerConsumption  startDeviceHeart //dId:12000103c0537c93//heartbeatStatus.isActive():true
09-20 07:09:42(545460848935) CMD_TASK INFO: [Cmd_CheckPeerDevVersion:4123]reqid 175 send msg {"METHOD":"3414","SEQID":"175","FROM":{"UserToken":"1600010140c3ad111p3g5jmo63upuvo5"},"TO":{"DID":"12000103c0537c93"}} to peer 12000103c0537c93, iret 0
09-20 07:09:42(7870) CMD_TASK INFO: [Cmd_ProcRecvNetMsg:5738]reqid 174 recv rsp content {"CODE":"0","METHOD":"3473","SEQID":"174","FROM":{"DID":"12000103c0537c93"},"TO":{"UserToken":"1600010140c3ad111p3g5jmo63upuvo5"},"BODY":{"NetType":"2","Signal":"91","IPAddr":"192.168.1.192","MacAddr":"F0:A8:82:ED:40:9D","SSID":"ASUS_30_2G"}}
09-20 07:09:42(3473465276341690046) PID_SA INFO: [FUN_DEVICE_RSP_GET_NETWORK_INFO:2502]FUN_DEVICE_RSP_GET_NETWORK_INFO reqId:174, err:0, netType:2, signalType:0, sigStrength:91, ip:192.168.1.192, ssid:ASUS_30_2G
09-20 07:09:43(7870) CMD_TASK INFO: [Cmd_ProcRecvNetMsg:5738]reqid 175 recv rsp content {"CODE":"0","METHOD":"3415","SEQID":"175","FROM":{"DID":"12000103c0537c93"},"TO":{"UserToken":"1600010140c3ad111p3g5jmo63upuvo5"},"BODY":{"Version":"","UpdateFlag":"0"}}
09-20 07:09:43(7870) PID_SA INFO: [FUN_CHECKVERSION_RSP:2162]FUN_CHECKVERSION_RSP reqId:175, error:0, status:0, version:, descUrl:
09-20 07:09:43(2343) PID_SA INFO: [Java_com_chinatelecom_smarthome_viewer_business_impl_NativeClient_writeLogToFile:118]I/DeviceConfigSettingActivity: isNewDevice:true,updateModeEnum:0,isShowUpdate:true
09-20 07:09:43(528280979751) PID_SA INFO: [Java_com_chinatelecom_smarthome_viewer_business_impl_NativeClient_writeLogToFile:118]BaseActivity: onDestroy==mIsShowAd:false//activity is DeviceConfigSettingActivity
09-20 07:09:44(12970367459402975527) PID_SA INFO: [Java_com_chinatelecom_smarthome_viewer_business_impl_NativeClient_writeLogToFile:118]BaseActivity: onPause==//activity is NewDeviceSettingActivity
09-20 07:09:44(12970367459402975527) PID_SA INFO: [Java_com_chinatelecom_smarthome_viewer_business_impl_NativeClient_writeLogToFile:118]BaseActivity: onPause==mIsShowAd:false//activity is NewDeviceSettingActivity
09-20 07:09:44(2343) PID_SA INFO: [Java_com_chinatelecom_smarthome_viewer_business_impl_NativeClient_writeLogToFile:118]BaseActivity: onSaveInstanceState==mIsShowAd:false//activity is NewDeviceSettingActivity
09-20 07:09:45(523986018012) CMD_TASK INFO: [Cmd_GetPeerCurNetInfo:993]reqid 176 send GetPeerCurNetInfo msg {"METHOD":"3472","SEQID":"176","FROM":{"UserToken":"1600010140c3ad111p3g5jmo63upuvo5"},"TO":{"DID":"12000103c0537c93"}} to peer 12000103c0537c93, iret 0
09-20 07:09:45(523986018012) PID_SA INFO: [Java_com_chinatelecom_smarthome_viewer_business_impl_NativeCommand_getCurNetworkInfo:543]HM_GetNetworkInfoEx ret = 0 puiReqId = 176
09-20 07:09:46(7870) CMD_TASK INFO: [Cmd_ProcRecvNetMsg:5738]reqid 176 recv rsp content {"CODE":"0","METHOD":"3473","SEQID":"176","FROM":{"DID":"12000103c0537c93"},"TO":{"UserToken":"1600010140c3ad111p3g5jmo63upuvo5"},"BODY":{"NetType":"2","Signal":"91","IPAddr":"192.168.1.192","MacAddr":"F0:A8:82:ED:40:9D","SSID":"ASUS_30_2G"}}
09-20 07:09:46(3473465276341690046) PID_SA INFO: [FUN_DEVICE_RSP_GET_NETWORK_INFO:2502]FUN_DEVICE_RSP_GET_NETWORK_INFO reqId:176, err:0, netType:2, signalType:0, sigStrength:91, ip:192.168.1.192, ssid:ASUS_30_2G
09-20 07:09:46(2343) PID_SA INFO: [Java_com_chinatelecom_smarthome_viewer_business_impl_NativeClient_writeLogToFile:118]I/LowPowerHeart: deviceState = 5
09-20 07:09:46(545460848935) PID_SA INFO: [Java_com_chinatelecom_smarthome_viewer_business_impl_NativeClient_writeLogToFile:118]I/LowPowerHeart: 11lowPowerConsumption  startDeviceHeart duration:0//interval:5000//dId:12000103c0537c93
09-20 07:09:46(545460848935) CMD_TASK INFO: [Cmd_GetPeerCurNetInfo:993]reqid 177 send GetPeerCurNetInfo msg {"METHOD":"3472","SEQID":"177","FROM":{"UserToken":"1600010140c3ad111p3g5jmo63upuvo5"},"TO":{"DID":"12000103c0537c93"}} to peer 12000103c0537c93, iret 0
09-20 07:09:46(545460848935) PID_SA INFO: [Java_com_chinatelecom_smarthome_viewer_business_impl_NativeCommand_getCurNetworkInfo:543]HM_GetNetworkInfoEx ret = 0 puiReqId = 177
09-20 07:09:46(545460848935) PID_SA INFO: [Java_com_chinatelecom_smarthome_viewer_business_impl_NativeClient_writeLogToFile:118]I/BaseActivity: onResume==mIsShowAd:false//activity is NetWorkInfoActivity
09-20 07:09:46(7870) CMD_TASK INFO: [Cmd_ProcRecvNetMsg:5738]reqid 177 recv rsp content {"CODE":"0","METHOD":"3473","SEQID":"177","FROM":{"DID":"12000103c0537c93"},"TO":{"UserToken":"1600010140c3ad111p3g5jmo63upuvo5"},"BODY":{"NetType":"2","Signal":"91","IPAddr":"192.168.1.192","MacAddr":"F0:A8:82:ED:40:9D","SSID":"ASUS_30_2G"}}
09-20 07:09:46(3473465276341690046) PID_SA INFO: [FUN_DEVICE_RSP_GET_NETWORK_INFO:2502]FUN_DEVICE_RSP_GET_NETWORK_INFO reqId:177, err:0, netType:2, signalType:0, sigStrength:91, ip:192.168.1.192, ssid:ASUS_30_2G
09-20 07:09:51(12970367459402975527) PID_SA INFO: [Java_com_chinatelecom_smarthome_viewer_business_impl_NativeClient_writeLogToFile:118]BaseActivity: onPause==//activity is NetWorkInfoActivity
09-20 07:09:51(545460848935) PID_SA INFO: [Java_com_chinatelecom_smarthome_viewer_business_impl_NativeClient_writeLogToFile:118]BaseActivity: onPause==mIsShowAd:false//activity is NetWorkInfoActivity
09-20 07:09:51(2343) PID_SA INFO: [Java_com_chinatelecom_smarthome_viewer_business_impl_NativeClient_writeLogToFile:118]BaseActivity: onSaveInstanceState==mIsShowAd:false//activity is NetWorkInfoActivity
09-20 07:09:52(2343) PID_SA INFO: [Java_com_chinatelecom_smarthome_viewer_business_impl_NativeClient_setBackgroundToFront:88]setBackgroundToFront 0
09-20 07:09:52(2343) PID_SA INFO: [Java_com_chinatelecom_smarthome_viewer_business_impl_NativeClient_writeLogToFile:118]I/HmLaunch: ========== 应用切换到后台 ==========
09-20 07:09:52(2343) PID_SA INFO: [Java_com_chinatelecom_smarthome_viewer_business_impl_NativeClient_writeLogToFile:118]I/HmLaunch: HmLifecycleObserver onStop:activity:class androidx.lifecycle.LifecycleRegistry,version:2009370
09-20 07:09:52(2343) PID_SA INFO: [Java_com_chinatelecom_smarthome_viewer_business_impl_NativeClient_writeLogToFile:118]I/HmLaunch: ========== 应用切换到后台 ==========
09-20 07:09:52(4294975171) cos INFO: [Cos_SocketClose:390]socket<356> closed
09-20 07:09:52(4294975171) PID_SA INFO: [FUN_SERVER_STATUS:2600]FUN_SERVER_STATUS enServerStatus:0, iErr:0
09-20 07:09:52(17827451128686577959) PID_SA INFO: [Java_com_chinatelecom_smarthome_viewer_business_impl_NativeClient_writeLogToFile:118]I/Internal: onServerStatusChange/////uToken:1600010140c3ad111p3g5jmo63upuvo5//serverStatus:0//errorCode:0
09-20 07:09:52(2343) PID_SA INFO: [Java_com_chinatelecom_smarthome_viewer_business_impl_NativeClient_writeLogToFile:118]I/y0: onSelfAuthStateChange serverStatus:0,hmError:0
09-20 07:09:55(523986017987) PID_SA INFO: [FUN_SERVER_STATUS:2600]FUN_SERVER_STATUS enServerStatus:1, iErr:0
09-20 07:09:55(12970367459402981059) cos INFO: [Cos_SocketOpen:377]socket<154> open ok
09-20 07:09:55(17827451128686577959) PID_SA INFO: [Java_com_chinatelecom_smarthome_viewer_business_impl_NativeClient_writeLogToFile:118]I/Internal: onServerStatusChange/////uToken:1600010140c3ad111p3g5jmo63upuvo5//serverStatus:1//errorCode:0
09-20 07:09:55(2343) PID_SA INFO: [Java_com_chinatelecom_smarthome_viewer_business_impl_NativeClient_writeLogToFile:118]I/y0: onSelfAuthStateChange serverStatus:1,hmError:0
09-20 07:09:55(12970367455108013763) TRAS_TASK INFO: [TrasLink_Connect:245]Link Connect Addr:43.133.96.204:19336,ConnFlag:1
09-20 07:09:55(7875) TRAS_TASK INFO: [TrasBase_ProcBaseSock:670]Link Connect Addr:43.133.96.204:19336,ConnectFlag is: 2
09-20 07:09:55(4294975171) PID_SA INFO: [FUN_SERVER_STATUS:2600]FUN_SERVER_STATUS enServerStatus:2, iErr:0
09-20 07:09:55(17827451128686577959) PID_SA INFO: [Java_com_chinatelecom_smarthome_viewer_business_impl_NativeClient_writeLogToFile:118]I/Internal: onServerStatusChange/////uToken:1600010140c3ad111p3g5jmo63upuvo5//serverStatus:2//errorCode:0
09-20 07:09:55(2343) PID_SA INFO: [Java_com_chinatelecom_smarthome_viewer_business_impl_NativeClient_writeLogToFile:118]I/y0: onSelfAuthStateChange serverStatus:2,hmError:0
09-20 07:09:55(12970367455108013763) TRAS_TASK INFO: [TrasLink_AuthUserToken:188]ogct 178 send login requst body {"METHOD":"4116","SEQID":"178","BODY":{"UserToken":"1600010140c3ad111p3g5jmo63upuvo5","SDKVersion":"51713056","WebDomainAbilty":"1","TestFlag":"1"}} iRet 0 
09-20 07:09:55(7875) PID_SA INFO: [FUN_SERVER_STATUS:2600]FUN_SERVER_STATUS enServerStatus:4, iErr:0
09-20 07:09:55(523986017987) TRAS_TASK INFO: [TrasLink_ProcAuthTokenRsp:292]ogct 178 recv auth rsp code 0 
09-20 07:09:55(536870914343) PID_SA INFO: [Java_com_chinatelecom_smarthome_viewer_business_impl_NativeClient_writeLogToFile:118]I/Internal: onServerStatusChange/////uToken:1600010140c3ad111p3g5jmo63upuvo5//serverStatus:4//errorCode:0
09-20 07:09:55(2343) PID_SA INFO: [Java_com_chinatelecom_smarthome_viewer_business_impl_NativeClient_writeLogToFile:118]I/y0: onSelfAuthStateChange serverStatus:4,hmError:0
09-20 07:09:55(2343) ZJ_TASK INFO: [ZJ_GetPaasPlatAccessToken:3766]ogct 179 get paasplat token iRet 0
09-20 07:09:55(536870914343) PID_SA INFO: [Java_com_chinatelecom_smarthome_viewer_business_impl_NativeClient_writeLogToFile:118]I/DeviceBean: getDeviceName:GateCameras
09-20 07:09:55(12970367459402981059) ZJ_TASK INFO: [ZJ_RecvGetPaasTokenRsp:3750]ogct 179 recv rsp code 0
09-20 07:09:55(536870914343) PID_SA INFO: [Java_com_chinatelecom_smarthome_viewer_business_impl_NativeClient_writeLogToFile:118]onInitPushSuccess: regid = eTaw3UHwT7yXDsUUjIDjw_:APA91bGOPrHHfPX6BI8lyu8Xuh2S_tcCJ1X6J2fTnbEulnllK4sV-ag66RoIN9ctFMucYPCZ7nWJDLxUD71DTrCmEUFuwrP9Ejga3KAQWdqdxzB2QJfr-f8
09-20 07:09:55(2343) ZJ_TASK INFO: [ZJ_SetPushToken:1024]ogct 180 set pushtoken eTaw3UHwT7yXDsUUjIDjw_:APA91bGOPrHHfPX6BI8lyu8Xuh2S_tcCJ1X6J2fTnbEulnllK4sV-ag66RoIN9ctFMucYPCZ7nWJDLxUD71DTrCmEUFuwrP9Ejga3KAQWdqdxzB2QJfr-f8 iRet 0
09-20 07:09:55(17827451128686577959) PID_SA INFO: [Java_com_chinatelecom_smarthome_viewer_business_impl_NativeClient_writeLogToFile:118]I/Internal: onGetPaasPlatToken accessTokenut6AAF396B-00000003-00G001-3omma/expireSeconds:86399//strPaasAddr:https://gm-ap.smartcloudcon.com
09-20 07:09:55(2343) PID_SA INFO: [Java_com_chinatelecom_smarthome_viewer_business_impl_NativeClient_writeLogToFile:118]I/HmSdkHelper: onServerStatusChange onTokenReturn accessToken:ut6AAF396B-00000003-00G001-3omma
09-20 07:09:55(12970367459402975527) PID_SA INFO: [Java_com_chinatelecom_smarthome_viewer_business_impl_NativeClient_writeLogToFile:118]I/HmSdkHelper: onServerStatusChange onTokenReturn pTokenJson:{"accessToken":"ut6AAF396B-00000003-00G001-3omma","createTime":1789868395534,"expireSeconds":86399,"passAddress":"https://gm-ap.smartcloudcon.com"}
09-20 07:09:55(7875) PID_SA INFO: [FUN_DEVICE_COMMON_RSP:1216]FUN_DEVICE_COMMON_RSP uiReqId:180, iErr:0
09-20 07:09:55(523986017987) ZJ_TASK INFO: [ZJ_UserProcSetPushTokenRsp:1001]ogct 180 recv rsp code 0 
09-20 07:09:56(7875) TRAS_TASK ERR: [TrasLink_ProcRecv:331]rcv data err 103  buff len 4096
09-20 07:09:56(523986017987) cos INFO: [Cos_SocketClose:390]socket<154> closed
09-20 07:09:56(528280985287) TRAS_TASK INFO: [TrasP2PSlot_Recv:996]rcv data err 103  buff len 4096
09-20 07:09:56(523986017991) cos INFO: [Cos_SocketClose:390]socket<161> closed
09-20 07:09:56(7879) TRAS_TASK INFO: [TrasP2PSlot_Recv:996]rcv data err 103  buff len 4096
09-20 07:09:56(523986017991) cos INFO: [Cos_SocketClose:390]socket<180> closed
09-20 07:09:56(523986017987) PID_SA INFO: [FUN_SERVER_STATUS:2600]FUN_SERVER_STATUS enServerStatus:0, iErr:0
09-20 07:09:56(12970367459402981059) TRAS_TASK INFO: [TrasP2PSlot_ProcTcpState:352]tcpslot 0xb400007c826c1380 closed ok reset bestslot 0
09-20 07:09:56(12970367459402981059) TRAS_TASK INFO: [TrasP2PSlot_ProcTcpState:352]tcpslot 0xb400007c826c1500 closed ok reset bestslot 1
09-20 07:09:56(536870914343) PID_SA INFO: [Java_com_chinatelecom_smarthome_viewer_business_impl_NativeClient_writeLogToFile:118]I/Internal: onServerStatusChange/////uToken:1600010140c3ad111p3g5jmo63upuvo5//serverStatus:0//errorCode:0
09-20 07:09:56(2343) PID_SA INFO: [Java_com_chinatelecom_smarthome_viewer_business_impl_NativeClient_writeLogToFile:118]I/y0: onSelfAuthStateChange serverStatus:0,hmError:0
09-20 07:09:56(523986017987) PID_SA INFO: [FUN_SERVER_STATUS:2600]FUN_SERVER_STATUS enServerStatus:1, iErr:0
09-20 07:09:56(12970367459402981059) cos INFO: [Cos_SocketOpen:377]socket<154> open ok
09-20 07:09:56(536870914343) PID_SA INFO: [Java_com_chinatelecom_smarthome_viewer_business_impl_NativeClient_writeLogToFile:118]I/Internal: onServerStatusChange/////uToken:1600010140c3ad111p3g5jmo63upuvo5//serverStatus:1//errorCode:0
09-20 07:09:56(2343) PID_SA INFO: [Java_com_chinatelecom_smarthome_viewer_business_impl_NativeClient_writeLogToFile:118]I/y0: onSelfAuthStateChange serverStatus:1,hmError:0
09-20 07:09:56(12970367455108013763) TRAS_TASK INFO: [TrasLink_Connect:245]Link Connect Addr:43.133.96.204:19336,ConnFlag:1
09-20 07:09:56(7875) CFG_TASK INFO: [Cfg_SetPeerDevCanUseStatus:645]set device 12000103c0537c93 oldflag 0 group 22000101413a31a9 can use status 0
09-20 07:09:56(7875) nvr_cfg WARN: [cfg_OnPeerDeviceStatusChange:454]Ignonre 12000103c0537c93 status changed
09-20 07:09:56(523986017987) PID_SA INFO: [FUN_DEVICE_STATUS:1267]FUN_DEVICE_STATUS deviceId:12000103c0537c93, status:1
09-20 07:09:56(7875) TRAS_TASK INFO: [TrasPeer_ProcStatusCbFlag:630]device 12000103c0537c93 online status 1
09-20 07:09:56(7875) cos INFO: [Cos_SocketOpen:377]socket<161> open ok
09-20 07:09:56(523986017987) TRAS_TASK INFO: [TrasP2PSlot_NewTcp:26]p2pslot creat tcp slot 0xb400007c826c1800 peer addr: 192.168.1.192:port:16668
09-20 07:09:56(523986017987) TRAS_TASK INFO: [TrasPeer_ProcSlotCreateLocalTCP:625]tcpSlot 0xb400007c826c1800 creat localslot ok peerid 12000103c0537c93,socket type 0
09-20 07:09:56(7875) cos INFO: [Cos_SocketOpen:377]socket<180> open ok
09-20 07:09:56(523986017987) TRAS_TASK INFO: [TrasP2PSlot_NewTcp:26]p2pslot creat tcp slot 0xb400007c826c1680 peer addr: 10.116.167.132:port:16668
09-20 07:09:56(523986017987) TRAS_TASK INFO: [TrasPeer_ProcSlotCreateP2PTCP:685]tcpSlot 0xb400007c826c1680 creat p2pslot ok peerid 12000103c0537c93
09-20 07:09:56(523986017987) TRAS_TASK INFO: [TrasP2PSlot_Close:61]close the Slot 0xb400007c826c1380  flag 0 ok .
09-20 07:09:56(523986017987) TRAS_TASK INFO: [TrasP2PSlot_Close:61]close the Slot 0xb400007c826c1500  flag 0 ok .
09-20 07:09:56(7875) cos ERR: [Cand_SocketSend:794]send err <1>
09-20 07:09:56(17827451128686577959) PID_SA INFO: [Java_com_chinatelecom_smarthome_viewer_business_impl_NativeClient_writeLogToFile:118]I/LowPowerHeart: onDeviceStateChange awakeDevice groupId:22000101413a31a9//deviceId:12000103c0537c93//status:1//StatusEnum:1//statusName:ONLINE
09-20 07:09:56(545460848935) PID_SA INFO: [Java_com_chinatelecom_smarthome_viewer_business_impl_NativeClient_writeLogToFile:118]I/y0: onDeviceStateChange groupId:22000101413a31a9,deviceId:12000103c0537c93,devicePresenceState:1   deviceType = CAMERA  awakeAbility:NOT_SUPPORT
09-20 07:09:56(536870919741) PID_SA INFO: [Java_com_chinatelecom_smarthome_viewer_business_impl_NativeClient_writeLogToFile:118]I/DeviceBean: getDeviceName:GateCameras
09-20 07:09:58(7875) cos ERR: [Cand_SocketSend:794]send err <1>
09-20 07:09:58(12970367455108013763) TRAS_TASK INFO: [TrasP2PSlot_TCPSendLocalTCPReq:665]send local req {"METHOD":"3114","SEQID":"181","BODY":{"UserToken":"1600010140c3ad111p3g5jmo63upuvo5","OsType":"3","SDKVersion":"51713056","EncType":"49","EncKey":"ox6wyuto667o7272","EncLoad":"ox6wyuto667o7272"}} to peer 12000103c0537c93 iret 216
09-20 07:09:58(3689908671459892931) TRAS_TASK INFO: [TrasP2PSlot_ProcTcpState:230]tcpslot 0xb400007c826c1800 have peerid 1; slottype 0 send tcp req turn to testing status
09-20 07:09:58(523986017987) TRAS_TASK INFO: [TrasP2PSlot_ProcTcpState:230]tcpslot 0xb400007c826c1680 have peerid 1; slottype 1 send tcp req turn to testing status
09-20 07:09:58(7875) TRAS_TASK INFO: [TrasBase_ProcBaseSock:670]Link Connect Addr:43.133.96.204:19336,ConnectFlag is: 2
09-20 07:09:58(4294975171) PID_SA INFO: [FUN_SERVER_STATUS:2600]FUN_SERVER_STATUS enServerStatus:2, iErr:0
09-20 07:09:58(17827451128686577959) PID_SA INFO: [Java_com_chinatelecom_smarthome_viewer_business_impl_NativeClient_writeLogToFile:118]I/Internal: onServerStatusChange/////uToken:1600010140c3ad111p3g5jmo63upuvo5//serverStatus:2//errorCode:0
09-20 07:09:58(2343) PID_SA INFO: [Java_com_chinatelecom_smarthome_viewer_business_impl_NativeClient_writeLogToFile:118]I/y0: onSelfAuthStateChange serverStatus:2,hmError:0
09-20 07:09:58(12970367455108013763) TRAS_TASK INFO: [TrasLink_AuthUserToken:188]ogct 183 send login requst body {"METHOD":"4116","SEQID":"183","BODY":{"UserToken":"1600010140c3ad111p3g5jmo63upuvo5","SDKVersion":"51713056","WebDomainAbilty":"1","TestFlag":"1"}} iRet 0 
09-20 07:09:58(7875) TRAS_TASK INFO: [TrasP2PSlot_SetToUser:1052]tcpslot 0xb400007c826c1800 set bestest to peer 12000103c0537c93,old 0x0 udpflag 1 
09-20 07:09:58(523986017987) TRAS_TASK INFO: [TrasP2PSlot_ProcTcpState:282]tcpslot 0xb400007c826c1800 tested ok tickcnt 287588297
09-20 07:09:58(523986017987) TRAS_TASK INFO: [TrasP2PSlot_ProcTcpState:282]tcpslot 0xb400007c826c1680 tested ok tickcnt 287588297
09-20 07:09:58(7875) CFG_TASK INFO: [Cfg_SetPeerDevCanUseStatus:645]set device 12000103c0537c93 oldflag 0 group 22000101413a31a9 can use status 1
09-20 07:09:58(7875) PID_SA INFO: [FUN_DEVICE_STATUS:1267]FUN_DEVICE_STATUS deviceId:12000103c0537c93, status:5
09-20 07:09:59(523986017987) nvr_cfg WARN: [cfg_OnPeerDeviceStatusChange:454]Ignonre 12000103c0537c93 status changed
09-20 07:09:59(536870914343) PID_SA INFO: [Java_com_chinatelecom_smarthome_viewer_business_impl_NativeClient_writeLogToFile:118]I/LowPowerHeart: onDeviceStateChange awakeDevice groupId:22000101413a31a9//deviceId:12000103c0537c93//status:5//StatusEnum:5//statusName:CANUSE
09-20 07:09:59(545460848935) PID_SA INFO: [Java_com_chinatelecom_smarthome_viewer_business_impl_NativeClient_writeLogToFile:118]I/y0: onDeviceStateChange groupId:22000101413a31a9,deviceId:12000103c0537c93,devicePresenceState:5   deviceType = CAMERA  awakeAbility:NOT_SUPPORT
09-20 07:09:59(523986017981) CFG_TASK INFO: [Cfg_ProcPeerDeviceCfg:3978]peer 12000103c0537c93 sync cfg by p2p
09-20 07:09:59(12970367455108013763) TRAS_TASK INFO: [TrasPeer_ProcStatusCbFlag:618]device 12000103c0537c93 slot can use
09-20 07:09:59(12970367455108013763) TRAS_TASK INFO: [TrasPeer_ProcStatusCbFlag:673]device 12000103c0537c93 udpslot 0xb400007c826c1200 p2p status 1, local NatType:1, ConeType:3, NetType:2
09-20 07:09:59(536870919741) PID_SA INFO: [Java_com_chinatelecom_smarthome_viewer_business_impl_NativeClient_writeLogToFile:118]I/DeviceBean: getDeviceName:GateCameras
09-20 07:09:59(545460848935) CMD_TASK INFO: [Cmd_GetPeerCurNetInfo:993]reqid 204 send GetPeerCurNetInfo msg {"METHOD":"3472","SEQID":"204","FROM":{"UserToken":"1600010140c3ad111p3g5jmo63upuvo5"},"TO":{"DID":"12000103c0537c93"}} to peer 12000103c0537c93, iret 0
09-20 07:09:59(545460848935) PID_SA INFO: [Java_com_chinatelecom_smarthome_viewer_business_impl_NativeCommand_getCurNetworkInfo:543]HM_GetNetworkInfoEx ret = 0 puiReqId = 204
09-20 07:09:59(7875) PID_SA INFO: [FUN_SERVER_STATUS:2600]FUN_SERVER_STATUS enServerStatus:4, iErr:0
09-20 07:09:59(523986017987) TRAS_TASK INFO: [TrasLink_ProcAuthTokenRsp:292]ogct 183 recv auth rsp code 0 
09-20 07:09:59(536870914343) PID_SA INFO: [Java_com_chinatelecom_smarthome_viewer_business_impl_NativeClient_writeLogToFile:118]I/Internal: onServerStatusChange/////uToken:1600010140c3ad111p3g5jmo63upuvo5//serverStatus:4//errorCode:0
09-20 07:09:59(2343) PID_SA INFO: [Java_com_chinatelecom_smarthome_viewer_business_impl_NativeClient_writeLogToFile:118]I/y0: onSelfAuthStateChange serverStatus:4,hmError:0
09-20 07:09:59(2343) ZJ_TASK INFO: [ZJ_GetPaasPlatAccessToken:3766]ogct 205 get paasplat token iRet 0
09-20 07:09:59(536870914343) PID_SA INFO: [Java_com_chinatelecom_smarthome_viewer_business_impl_NativeClient_writeLogToFile:118]onInitPushSuccess: regid = eTaw3UHwT7yXDsUUjIDjw_:APA91bGOPrHHfPX6BI8lyu8Xuh2S_tcCJ1X6J2fTnbEulnllK4sV-ag66RoIN9ctFMucYPCZ7nWJDLxUD71DTrCmEUFuwrP9Ejga3KAQWdqdxzB2QJfr-f8
09-20 07:09:59(2343) ZJ_TASK INFO: [ZJ_SetPushToken:1024]ogct 206 set pushtoken eTaw3UHwT7yXDsUUjIDjw_:APA91bGOPrHHfPX6BI8lyu8Xuh2S_tcCJ1X6J2fTnbEulnllK4sV-ag66RoIN9ctFMucYPCZ7nWJDLxUD71DTrCmEUFuwrP9Ejga3KAQWdqdxzB2QJfr-f8 iRet 0
09-20 07:09:59(7870) CMD_TASK INFO: [Cmd_ProcRecvNetMsg:5738]reqid 204 recv rsp content {"CODE":"0","METHOD":"3473","SEQID":"204","FROM":{"DID":"12000103c0537c93"},"TO":{"UserToken":"1600010140c3ad111p3g5jmo63upuvo5"},"BODY":{"NetType":"2","Signal":"93","IPAddr":"192.168.1.192","MacAddr":"F0:A8:82:ED:40:9D","SSID":"ASUS_30_2G"}}
09-20 07:09:59(3473465276341690046) PID_SA INFO: [FUN_DEVICE_RSP_GET_NETWORK_INFO:2502]FUN_DEVICE_RSP_GET_NETWORK_INFO reqId:204, err:0, netType:2, signalType:0, sigStrength:93, ip:192.168.1.192, ssid:ASUS_30_2G
09-20 07:09:59(545460848935) PID_SA INFO: [Java_com_chinatelecom_smarthome_viewer_business_impl_NativeClient_writeLogToFile:118]LiveVideoActivity11: networkBean = NetworkBean{netType=2, signalType=0, signalStrength=93, ipAddress='192.168.1.192', macAddress='F0:A8:82:ED:40:9D', wifiSSID='ASUS_30_2G', simCard='', netMask='', gateWay=''}
09-20 07:09:59(17827451128686577959) PID_SA INFO: [Java_com_chinatelecom_smarthome_viewer_business_impl_NativeClient_writeLogToFile:118]I/Internal: onGetPaasPlatToken accessTokenut6AAF396F-00000003-00G001-90cs9/expireSeconds:86399//strPaasAddr:https://gm-ap.smartcloudcon.com
09-20 07:09:59(2343) PID_SA INFO: [Java_com_chinatelecom_smarthome_viewer_business_impl_NativeClient_writeLogToFile:118]I/HmSdkHelper: onServerStatusChange onTokenReturn accessToken:ut6AAF396F-00000003-00G001-90cs9
09-20 07:09:59(12970367459402975527) PID_SA INFO: [Java_com_chinatelecom_smarthome_viewer_business_impl_NativeClient_writeLogToFile:118]I/HmSdkHelper: onServerStatusChange onTokenReturn pTokenJson:{"accessToken":"ut6AAF396F-00000003-00G001-90cs9","createTime":1789868399311,"expireSeconds":86399,"passAddress":"https://gm-ap.smartcloudcon.com"}
09-20 07:09:59(12970367459402981059) ZJ_TASK INFO: [ZJ_RecvGetPaasTokenRsp:3750]ogct 205 recv rsp code 0
09-20 07:09:59(7875) PID_SA INFO: [FUN_DEVICE_COMMON_RSP:1216]FUN_DEVICE_COMMON_RSP uiReqId:206, iErr:0
09-20 07:09:59(523986017987) ZJ_TASK INFO: [ZJ_UserProcSetPushTokenRsp:1001]ogct 206 recv rsp code 0 
09-20 07:10:00(7869) PID_SA INFO: [FUN_DEVICE_CFG_STATUS:1249]FUN_DEVICE_CFG_STATUS pucDeviceId:12000103c0537c93, enDeviceCfgItem:0
09-20 07:10:00(17827451128686577959) PID_SA INFO: [Java_com_chinatelecom_smarthome_viewer_business_impl_NativeClient_writeLogToFile:118]I/y0: onDeviceConfigUpdate  deviceId is =12000103c0537c93,,,,ALL
09-20 07:10:00(545460848935) PID_SA INFO: [Java_com_chinatelecom_smarthome_viewer_business_impl_NativeClient_writeLogToFile:118]DeviceManager: cache TF Card Info
09-20 07:10:00(545460848935) CMD_TASK INFO: [Cmd_GetPeerTfCardInf:830]reqid 207 send GetPeerTfCardInf msg {"METHOD":"344E","SEQID":"207","FROM":{"UserToken":"1600010140c3ad111p3g5jmo63upuvo5"},"TO":{"DID":"12000103c0537c93"}} to peer 12000103c0537c93, iret 0
09-20 07:10:00(545460848935) PID_SA INFO: [Java_com_chinatelecom_smarthome_viewer_business_impl_NativeCommand_getTFCardInfo:394]HM_GetSdCardInf ret = 0 puiReqId = 207
09-20 07:10:00(7870) CMD_TASK INFO: [Cmd_ProcRecvNetMsg:5738]reqid 207 recv rsp content {"CODE":"0","METHOD":"344F","SEQID":"207","FROM":{"DID":"12000103c0537c93"},"TO":{"UserToken":"1600010140c3ad111p3g5jmo63upuvo5"},"BODY":{"StorageAbility":"1","TotalSize":"0","FreeSize":"0","CardStatus":"2"}}
09-20 07:10:00(7870) PID_SA INFO: [FUN_DEVICE_RSP_GET_TFCARD_INFO:2342]FUN_DEVICE_RSP_GET_TFCARD_INFO uiReqId:207, uiTotalSize:0, uiRemainSize:0, iErr:2
09-20 07:10:00(12970367459402975527) PID_SA INFO: [Java_com_chinatelecom_smarthome_viewer_business_impl_NativeClient_writeLogToFile:118]DeviceManager: deviceId = 12000103c0537c93   get sdcard info errorCode = 2
09-20 07:10:35(528280985287) TRAS_TASK INFO: [TrasP2PSlot_Recv:996]rcv data err 103  buff len 4096
